ref,word,num,dep,label,dep2,label2
"A1C4.001",A,1,,,,
"A1C4.001",Kooniini'iini?,2,,,,
"A1C4.002",B,1,,,,
"A1C4.002",Niini'iini.,2,,,,
"A1C4.003",B,1,,,,
"A1C4.003",'oh,2,,,,
"A1C4.003",neneenin?,3,,,,
"A1C4.004",A,1,,,,
"A1C4.004",Niini'iini.,2,,,,
"A1C4.005",A,1,,,,
"A1C4.005",Tootheihiitisee?,2,,,,
"A1C4.006",B,1,,,,
"A1C4.006",Noto'oowuu'.,2,,,,
"A1C4.007",A,1,,,,
"A1C4.007",Tootei'eihoo?,2,,,,
"A1C4.008",A,1,,,,
"A1C4.008",Kootestoyo3oo?,2,,,,
"A1C4.009",B,1,,,,
"A1C4.009",Beneeci'.,2,,,,
