ref,word,num,dep,label,dep2,label2
"ApCap.001","nihii,",1,,,,
"ApCap.001",teecxo',2,,,,
"ApCap.001",hecexonoh'oe,3,,,,
"ApCap.001","ci',",4,,,,
"ApCap.001",he'ih'ini,5,,,,
"ApCap.001",wowooniin.,6,,,,
"ApCap.002","3ebiihi',",1,,,,
"ApCap.002",neeyou,2,,,,
"ApCap.002",hinee,3,,,,
"ApCap.002","noobe'einiihi',",4,,,,
"ApCap.002","hiisoho',",5,,,,
"ApCap.002",noxuuteiniihi',6,,,,
"ApCap.002",hinee,7,,,,
"ApCap.002",niicooo'owu'.,8,,,,
"ApCap.003",3ebnoobe'einiihi',1,,,,
"ApCap.003","he'ne'niitohniicooo'owu',",2,,,,
"ApCap.003",heetou',3,,,,
"ApCap.003",that's,4,,,,
"ApCap.003",Salt,5,,,,
"ApCap.003",Lake.,6,,,,
"ApCap.004",he'ne'nih'iitP,1,,,,
"ApCap.004",he'ih'iicisi'entoo3i.,2,,,,
"ApCap.005",he'ih'iicisi'entoo3i.,1,,,,
"ApCap.006",tihwowooniinit,1,,,,
"ApCap.006",hii3e',2,,,,
"ApCap.006","[he'ih]'iine'etii,",3,,,,
"ApCap.006",he'ihnii3iine'etii.,4,,,,
"ApCap.007",wohei,1,,,,
"ApCap.007","nih'iicisentoot,",2,,,,
"ApCap.007",he'ih'iiniiniiteheibee.,3,,,,
"ApCap.008",wohei,1,,,,
"ApCap.008",tohnio'P,2,,,,
"ApCap.008",ni'iini,3,,,,
"ApCap.008","ni'o'ohonoh'oehiinit,",4,,,,
"ApCap.008","toh'uni,",5,,,,
"ApCap.008","tihcoonohookeenit,",6,,,,
"ApCap.008",wo'ei3,7,,,,
"ApCap.008",heeneiniP,8,,,,
"ApCap.008",beexo'ni'iine'etii.,9,,,,
"ApCap.009","“wohei,”",1,,,,
"ApCap.009","hee3eihok,",2,,,,
"ApCap.009",“neneenin,3,,,,
"ApCap.009",heetciineneen.,4,,,,
"ApCap.010",heetciineneen,1,,,,
"ApCap.010","hiisoho',",2,,,,
"ApCap.010",heetih'eeckoohun.,3,,,,
"ApCap.011",noh,1,,,,
"ApCap.011",niiyou,2,,,,
"ApCap.011",beebeet,3,,,,
"ApCap.011",neeneiP,4,,,,
"ApCap.011","heetnootow,",5,,,,
"ApCap.011",heetbisnootow:,6,,,,
"ApCap.012",nuhu',1,,,,
"ApCap.012","heniiheneihiitono,",2,,,,
"ApCap.012",nuhu',3,,,,
"ApCap.012",ho3ii,4,,,,
"ApCap.012",wo'ei3,5,,,,
"ApCap.012",niiyou,6,,,,
"ApCap.012",nuhu',7,,,,
"ApCap.012",ceese',8,,,,
"ApCap.012",wooxoho.,9,,,,
"ApCap.013",wohei,1,,,,
"ApCap.013",heetniisneniice3ei'oon,2,,,,
"ApCap.013",biitobeeniihi'.”,3,,,,
"ApCap.014",beni'wo'ohnoooneihit,1,,,,
"ApCap.014",toh'e'inowuni3i,2,,,,
"ApCap.014",hetciisiseet.,3,,,,
"ApCap.015",wohei,1,,,,
"ApCap.015",ne'icihce3ei'oot,2,,,,
"ApCap.015",cei3iihi'.,3,,,,
"ApCap.016",totoos,1,,,,
"ApCap.016","hoowuniiwookoxone',",2,,,,
"ApCap.016",hoowuniiwookoxone'.,3,,,,
"ApCap.017",wohei,1,,,,
"ApCap.017",he'ih'iiniihonookooyeino',2,,,,
"ApCap.017",heetee3owo3neniteeno'.,3,,,,
"ApCap.018",he'ih'iiniihonookooyeino'.,1,,,,
"ApCap.019",he'ih'iiciiskoohuno',1,,,,
"ApCap.019",ci'P.,2,,,,
"ApCap.020",tih'iisiiniihi',1,,,,
"ApCap.020",he'ih'iice3koohuno'.,2,,,,
"ApCap.021",nihi'koohuno'.,1,,,,
"ApCap.022",nih'iiciiskoohu3i',1,,,,
"ApCap.022",teecxo';,2,,,,
"ApCap.023",hoowuuhu',1,,,,
"ApCap.023",hiiwoonhehe'.,2,,,,
"ApCap.024",niiyou,1,,,,
"ApCap.024",heesiini:,2,,,,
"ApCap.025",kookon,1,,,,
"ApCap.025",hihcebee,2,,,,
"ApCap.025",niiceecesicei[ni]binoo'oono'.,3,,,,
"ApCap.026",beneeP,1,,,,
"ApCap.026",'oh,2,,,,
"ApCap.026",teecxo',3,,,,
"ApCap.026",he'ih'iiciiskoohuno'.,4,,,,
"ApCap.027",tih'iiP,1,,,,
"ApCap.027",ne'nih'iisiine'etii3i'.,2,,,,
"ApCap.028",he'ih'iiciiskoohuno',1,,,,
"ApCap.028",beebei'on,2,,,,
"ApCap.028",hiisiiniihi'.,3,,,,
"ApCap.029","beebei'on,",1,,,,
"ApCap.029",howoo,2,,,,
"ApCap.029","niistecinihiitooni',",3,,,,
"ApCap.029",hiit,4,,,,
"ApCap.029",hinono'ei',5,,,,
"ApCap.029",3ebiihi',6,,,,
"ApCap.029",hinee,7,,,,
"ApCap.029",xonouu'oo';,8,,,,
"ApCap.030",he'neeneiciskoohu3i',1,,,,
"ApCap.030",hiisiiniihi'.,2,,,,
"ApCap.031",wohei,1,,,,
"ApCap.031",nehe',2,,,,
"ApCap.031","honoh'oe,",3,,,,
"ApCap.031",he'ne'nih'iiciskoohut,4,,,,
"ApCap.031",hiisiiniihi'.,5,,,,
"ApCap.032",he'ih'iiciiskoo.,1,,,,
"ApCap.033",he'ihP,1,,,,
"ApCap.033",heenee'iihi',2,,,,
"ApCap.033",toyeinous;,3,,,,
"ApCap.034",he'ih'iicebisee.,1,,,,
"ApCap.035",he'ih'eetet,1,,,,
"ApCap.035",niiyou,2,,,,
"ApCap.035",niiciihoho;,3,,,,
"ApCap.036",niiyou,1,,,,
"ApCap.036",he'ih'iibiibiibinee.,2,,,,
"ApCap.037",beebeet,1,,,,
"ApCap.037",he'neen,2,,,,
"ApCap.037",hibii3hiitono.,3,,,,
"ApCap.038",wohei,1,,,,
"ApCap.038",he'iitnei'i,2,,,,
"ApCap.038",noonooxcitii,3,,,,
"ApCap.038",toonniibiineihiinou'u,4,,,,
"ApCap.038",ni'iihi'.,5,,,,
"ApCap.039",'oh,1,,,,
"ApCap.039",howoo,2,,,,
"ApCap.039",niiyouno,3,,,,
"ApCap.039",nihii,4,,,,
"ApCap.039",nuhu',5,,,,
"ApCap.039",nihii,6,,,,
"ApCap.039",yookoxuu.,7,,,,
"ApCap.040",he'ih'iicihiixoen,1,,,,
"ApCap.040",hiit.,2,,,,
"ApCap.041",he'ih'iiP,1,,,,
"ApCap.041",he'ne'nih'iitenowoot.,2,,,,
"ApCap.042",ci'nuhu',1,,,,
"ApCap.042","yookoxuu,",2,,,,
"ApCap.042",he'ih'iicihiixoen.,3,,,,
"ApCap.043",howoo,1,,,,
"ApCap.043",nuhu',2,,,,
"ApCap.043",biino:,3,,,,
"ApCap.044",nuh'uuno,1,,,,
"ApCap.044",hohootiiniini,2,,,,
"ApCap.044",biino,3,,,,
"ApCap.044",he'ih'iiciixoen,4,,,,
"ApCap.044",noh,5,,,,
"ApCap.044",he'ih'ini,6,,,,
"ApCap.044",biibii3.,7,,,,
"ApCap.045",he'ih'otoowkuutii,1,,,,
"ApCap.045",hi'in,2,,,,
"ApCap.045",hitoo3et.,3,,,,
"ApCap.046",he'ne'nih'iisiine'etiit,1,,,,
"ApCap.046",cei3iihi'.,2,,,,
"ApCap.047",cei3iihi',1,,,,
"ApCap.047",beebei'on,2,,,,
"ApCap.047",he'ih'iiciskoohu3i.,3,,,,
"ApCap.048",wohei,1,,,,
"ApCap.048",hinit,2,,,,
"ApCap.048","he'iicisiihi',",3,,,,
"ApCap.048","he'iicisiiisi'i,",4,,,,
"ApCap.048",bebene,5,,,,
"ApCap.048",yeiniiis,6,,,,
"ApCap.048",neesei'i,7,,,,
"ApCap.048",tih'iiniihonokooyeihohkoni',8,,,,
"ApCap.048",niine'eeno',9,,,,
"ApCap.048",3owo3neniteeno'.,10,,,,
"ApCap.049",wohei,1,,,,
"ApCap.049","hei'eesneet,",2,,,,
"ApCap.049","hei'eesneet,",3,,,,
"ApCap.049",'oh,4,,,,
"ApCap.049",hiiyohou'uni'.,5,,,,
"ApCap.050",'oh,1,,,,
"ApCap.050",nih'eso'oohkoni'.,2,,,,
"ApCap.051",'oh,1,,,,
"ApCap.051","3iwoo,",2,,,,
"ApCap.051",he'ihP,3,,,,
"ApCap.051",woow,4,,,,
"ApCap.051",nooxowneeteiht.,5,,,,
"ApCap.052",he'ih'iibi'cebisee.,1,,,,
"ApCap.053",beenhehe',1,,,,
"ApCap.053",he'ih'iice'tei'ouuwuhet;,2,,,,
"ApCap.054",he'ne'nih'ii'ce'ce3koohut,1,,,,
"ApCap.054",cei3iihi'.,2,,,,
"ApCap.055",hinee,1,,,,
"ApCap.055",hei'iisciiteit,2,,,,
"ApCap.055",niiyou,3,,,,
"ApCap.055",nuhu',4,,,,
"ApCap.055","hinee,",5,,,,
"ApCap.055",hinee,6,,,,
"ApCap.055",hei'iiscebe'ei'oo',7,,,,
"ApCap.055",wootii,8,,,,
"ApCap.055",nuhu',9,,,,
"ApCap.055",heetcih'i3o'obee';,10,,,,
"ApCap.056",heetcih'i3o'obee',1,,,,
"ApCap.056",yii3e'einiihi',2,,,,
"ApCap.056",niiyou.,3,,,,
"ApCap.057",wohei,1,,,,
"ApCap.057",beebeet,2,,,,
"ApCap.057",he'ih'eeneitise,3,,,,
"ApCap.057",niiyou,4,,,,
"ApCap.057",nuhu',5,,,,
"ApCap.057",hei'cih'i3o'obee'.,6,,,,
"ApCap.058",'oh,1,,,,
"ApCap.058",wootii,2,,,,
"ApCap.058",he'ne'tesiixoo'oe'.,3,,,,
"ApCap.059",hesteiniisiini'.,1,,,,
"ApCap.060",heesitee'.,1,,,,
"ApCap.061",he'ne'cesisnokooyeit.,1,,,,
"ApCap.062",hee3neenokooyeit.,1,,,,
"ApCap.063",wohei,1,,,,
"ApCap.063",hiit,2,,,,
"ApCap.063",he'iitnei'i,3,,,,
"ApCap.063",he'ne'nihcihP,4,,,,
"ApCap.063",he'ih3ooxuunonee.,5,,,,
"ApCap.064",he'ih3ooxuunonee,1,,,,
"ApCap.064",nuhu',2,,,,
"ApCap.064",nihii,3,,,,
"ApCap.064",koo'ohwuho'.,4,,,,
"ApCap.065",koo'ohwuu,1,,,,
"ApCap.065",he'ihniiho'ohone'.,2,,,,
"ApCap.066",“he'ih'iistoo3i.,1,,,,
"ApCap.067",yeh,1,,,,
"ApCap.067",nooxeihi',2,,,,
"ApCap.067",tooyoohobeinoo.,3,,,,
"ApCap.068",he'iitnei'i,1,,,,
"ApCap.068",neebehneetokooyei.,2,,,,
"ApCap.069",nooxeihi',1,,,,
"ApCap.069",heetniini,2,,,,
"ApCap.069","hotoowuunoo,",3,,,,
"ApCap.069",wo'ei3,4,,,,
"ApCap.069",toonheesiheinooni.”,5,,,,
"ApCap.070",he'nee'eeneisi3ecoot,1,,,,
"ApCap.070",nehe',2,,,,
"ApCap.070",honoh'oe.,3,,,,
"ApCap.071",he'ihniiho'ohone'.,1,,,,
"ApCap.072",he'ih'iicebis.,1,,,,
"ApCap.073",he'ih'iikokooniini,1,,,,
"ApCap.073",kokoo'une',2,,,,
"ApCap.073",nuhu',3,,,,
"ApCap.073",koo'ohwuu,4,,,,
"ApCap.073",hehniiseihini3.,5,,,,
"ApCap.074",wohei,1,,,,
"ApCap.074",he'ih'iitoyeinous,2,,,,
"ApCap.074",hinee,3,,,,
"ApCap.074",hoxtoono'uuni';,4,,,,
"ApCap.075",niiyou,1,,,,
"ApCap.075",nuhu',2,,,,
"ApCap.075",koh'owu',3,,,,
"ApCap.075",heetiixoo'oeni',4,,,,
"ApCap.075",he'ih'iitoukous,5,,,,
"ApCap.075",toh'esteiniisiini'.,6,,,,
"ApCap.076",wohei,1,,,,
"ApCap.076",he'ne'nih'ii'ce'ce3ei'oot.,2,,,,
"ApCap.077",he'iicis,1,,,,
"ApCap.077",ceese',2,,,,
"ApCap.077",heetkoh'owuuni',3,,,,
"ApCap.077","heeneisoo',",4,,,,
"ApCap.077",nehe'nii'ce'no'useet.,5,,,,
"ApCap.078",he'ne'nih'ii'toyeinousi'.,1,,,,
"ApCap.079",toyeinousi'.,1,,,,
"ApCap.080",wohei,1,,,,
"ApCap.080",niine'eehek,2,,,,
"ApCap.080",nehe',3,,,,
"ApCap.080",koo'oh,4,,,,
"ApCap.080","he'ih'iicihbeexneeheyei'one',",5,,,,
"ApCap.080",wootii,6,,,,
"ApCap.080",he'ih'oonoyoohobe'.,7,,,,
"ApCap.081",'oh,1,,,,
"ApCap.081","hoowoe'inonee,",2,,,,
"ApCap.081",hoowoe'inonee,3,,,,
"ApCap.081",toonhee3eeniini,4,,,,
"ApCap.081",hentooni3,5,,,,
"ApCap.081",nuhu',6,,,,
"ApCap.081",koo'ohwuu.,7,,,,
"ApCap.082",wohei,1,,,,
"ApCap.082",kooxhe'ne'cihce'ce3ei'oot.,2,,,,
"ApCap.083",nooxowneetikotiit.,1,,,,
"ApCap.084","heihii,",1,,,,
"ApCap.084",hoowuciisiihi',2,,,,
"ApCap.084",he'ih'iice'toyeinous.,3,,,,
"ApCap.085",ne'nii'ce'kohei'it.,1,,,,
"ApCap.086",he'ne'nih'oniit,1,,,,
"ApCap.086","cei3iihi',",2,,,,
"ApCap.086",wootii,3,,,,
"ApCap.086",teeceeneeto',4,,,,
"ApCap.086",heetou',5,,,,
"ApCap.086",hi'in,6,,,,
"ApCap.086","hiiteen,",7,,,,
"ApCap.086",heeteiht.,8,,,,
"ApCap.087",wohei,1,,,,
"ApCap.087",hei'noxowuuni,2,,,,
"ApCap.087",ne'nokohut.,3,,,,
"ApCap.088",nokohuunoo'oot.,1,,,,
"ApCap.089",'oh,1,,,,
"ApCap.089",nehe',2,,,,
"ApCap.089",koo'oh[wuu],3,,,,
"ApCap.089",ne'cihbeexwo'wuseeni3.,4,,,,
"ApCap.090",howoto'oot,1,,,,
"ApCap.090",'oh,2,,,,
"ApCap.090",he'ne'3i'okut.,3,,,,
"ApCap.091",“wohei,1,,,,
"ApCap.091","neneenin,”",2,,,,
"ApCap.091",hee3eihok,3,,,,
"ApCap.091",nuhu',4,,,,
"ApCap.091","koo'ohwuu,",5,,,,
"ApCap.091",“neneeninoo,6,,,,
"ApCap.091",hee'inonin,7,,,,
"ApCap.091",tohnee'eeteihinoo.,8,,,,
"ApCap.092",nuhu',1,,,,
"ApCap.092","nee'eesnehtiihin,",2,,,,
"ApCap.092",tohnee'eeteihinoo.,3,,,,
"ApCap.093",neneeninoo,1,,,,
"ApCap.093",wootii,2,,,,
"ApCap.093",hoo3i'eebeenoo,3,,,,
"ApCap.093",het-niiteheibe3en.,4,,,,
"ApCap.094",woow,1,,,,
"ApCap.094","nooxowcoono'oon,",2,,,,
"ApCap.094","tohcii3o'bii3ihin,",3,,,,
"ApCap.094",wo'ei3,4,,,,
"ApCap.094",tohcii3o'uuni,5,,,,
"ApCap.094","tohnokooyein,",6,,,,
"ApCap.094",tohceentou',7,,,,
"ApCap.094",nec.,8,,,,
"ApCap.095",wohei,1,,,,
"ApCap.095",niiyou,2,,,,
"ApCap.095",ceniixootee'.,3,,,,
"ApCap.096",hooweentou',1,,,,
"ApCap.096",nec.,2,,,,
"ApCap.097",hoh'enii,1,,,,
"ApCap.097",ceniixootei'i.,2,,,,
"ApCap.098",niiyou,1,,,,
"ApCap.098",hee3e'eineeckoohun,2,,,,
"ApCap.098",ceniixootee'.,3,,,,
"ApCap.099",hee3ebii3o'obee'.,1,,,,
"ApCap.100",beneexo'ei'i,1,,,,
"ApCap.100",niiyou,2,,,,
"ApCap.100","niiciihoho,",3,,,,
"ApCap.100",'oh,4,,,,
"ApCap.100",beneexo'uuxoo'ei'i.,5,,,,
"ApCap.101",hoowuneciin;,1,,,,
"ApCap.102",wo'ei3,1,,,,
"ApCap.102",hiiyohou'u'u,2,,,,
"ApCap.102",hini',3,,,,
"ApCap.102",hebii3hiitono.,4,,,,
"ApCap.103",woow,1,,,,
"ApCap.103",beneeto'ou'u.”,2,,,,
"ApCap.104","“wohei,”",1,,,,
"ApCap.104","hee3eihok,",2,,,,
"ApCap.104",“neneenin,3,,,,
"ApCap.104",heetniiteheibe3en.,4,,,,
"ApCap.105",toyoohowu,1,,,,
"ApCap.105",huut!”,2,,,,
"ApCap.106",he'ne'ce3koohut,1,,,,
"ApCap.106",nehe',2,,,,
"ApCap.106",koo'oh.,3,,,,
"ApCap.107",he'ne'cihno'uxotoneit,1,,,,
"ApCap.107","nookuo,",2,,,,
"ApCap.107",nookuo.,3,,,,
"ApCap.108",“wohei,1,,,,
"ApCap.108",hiise'enou'uhun!,2,,,,
"ApCap.109",bii3wouhu!”,1,,,,
"ApCap.110",noh,1,,,,
"ApCap.110",siinehe',2,,,,
"ApCap.110",nehe',3,,,,
"ApCap.110",hecexonoh'oe,4,,,,
"ApCap.110",hoowoe'in,5,,,,
"ApCap.110",toonheetniiswottonouht.,6,,,,
"ApCap.111",hoowoe'in,1,,,,
"ApCap.111",toonhetniiswotti3ouhuut.,2,,,,
"ApCap.112",hoownii3nowoo,1,,,,
"ApCap.112",toonheetniiscesiswottoneet.,2,,,,
"ApCap.113",beneexo'ei'i,1,,,,
"ApCap.113",nookhoosei,2,,,,
"ApCap.113",hiisoho'.,3,,,,
"ApCap.114",“heenei'P,1,,,,
"ApCap.114",he'etniisce33e3eeyeinooni”,2,,,,
"ApCap.114",heesi3ecoohok.,3,,,,
"ApCap.115",wohei,1,,,,
"ApCap.115",hei'cooncowouuwuheit,2,,,,
"ApCap.115",nuhu',3,,,,
"ApCap.115","koo'ohwuu,",4,,,,
"ApCap.115",“wohei,5,,,,
"ApCap.115",niiyou,6,,,,
"ApCap.115",heetniixoohoo3ihe3en.,7,,,,
"ApCap.116",heetniixoohoo3ihe3en,1,,,,
"ApCap.116","heetne'niiswottoneen,",2,,,,
"ApCap.116",heetne'niistonounow.,3,,,,
"ApCap.117",heetbiine3en.,1,,,,
"ApCap.118",cih'iixoohowu!,1,,,,
"ApCap.119",heetniixoohowun.,1,,,,
"ApCap.120",heetne'niistoon.,1,,,,
"ApCap.121",'oh,1,,,,
"ApCap.121",hehnestoobe3:,2,,,,
"ApCap.122",ceebehcou'utii,1,,,,
"ApCap.122",honoot,2,,,,
"ApCap.122",toonheetouunineenou'u.,3,,,,
"ApCap.123",heetne'niistonounow.,1,,,,
"ApCap.124",heeneiP,1,,,,
"ApCap.124",heetniistonounow:,2,,,,
"ApCap.125","tohuuceciniihi',",1,,,,
"ApCap.125","tohuuwottonouhuutooni',",2,,,,
"ApCap.125",tohuuciinii3ini'i,3,,,,
"ApCap.125",koxuute',4,,,,
"ApCap.125",heeyouhuu,5,,,,
"ApCap.125",hi'iiwottonouhuutooni'i.,6,,,,
"ApCap.126",wohei,1,,,,
"ApCap.126",niiyou,2,,,,
"ApCap.126",heetne'P,3,,,,
"ApCap.126",heetbiine3en.,4,,,,
"ApCap.126",heetbiine3en.,5,,,,
"ApCap.127",cihbebiisiixoohowu!,1,,,,
"ApCap.128",bebiisiihi',1,,,,
"ApCap.128",cihneenoohowu!,2,,,,
"ApCap.129",bebiisnehtiitii!,1,,,,
"ApCap.130",wohei,1,,,,
"ApCap.130",heetne'niisnehtiihin.,2,,,,
"ApCap.131",heetne'niis3oo3eenebin.,1,,,,
"ApCap.132",heetne'niisni'e'inow.,1,,,,
"ApCap.133",wohei,1,,,,
"ApCap.133",nei'ooku'oo!,2,,,,
"ApCap.134",cihnoohowu!”,1,,,,
"ApCap.134",hee3eihok,2,,,,
"ApCap.134",nuhu',3,,,,
"ApCap.134",koo'ohwuu.,4,,,,
"ApCap.135",wohei,1,,,,
"ApCap.135",nehe',2,,,,
"ApCap.135",koo'oh,3,,,,
"ApCap.135",ne'noonoh'oxooto',4,,,,
"ApCap.135",niiyou,5,,,,
"ApCap.135",nuhu',6,,,,
"ApCap.135",nookhoose'.,7,,,,
"ApCap.136",nih'eeneiP,1,,,,
"ApCap.136",kokox,2,,,,
"ApCap.136",heenei'P,3,,,,
"ApCap.136",hoonooxuu'oot,4,,,,
"ApCap.136","hiisoho',",5,,,,
"ApCap.136",heeneisceece'iihi',6,,,,
"ApCap.136",wootii.,7,,,,
"ApCap.137",he'ne'kohooxoenoo'oo'.,1,,,,
"ApCap.138",“wohei,1,,,,
"ApCap.138","ci'ne'niistoon,”",2,,,,
"ApCap.138",hee3eihok,3,,,,
"ApCap.138",nuhu',4,,,,
"ApCap.138",koo'ohwuu.,5,,,,
"ApCap.139",“hetoonooxuu'oot.,1,,,,
"ApCap.140",he'etwottonouhunoni,1,,,,
"ApCap.140",heetne'niistoon.”,2,,,,
"ApCap.141",wohei,1,,,,
"ApCap.141",ne'P,2,,,,
"ApCap.141",wohei,3,,,,
"ApCap.141",cenee'iheit.,4,,,,
"ApCap.142",ne'bii3wouht,1,,,,
"ApCap.142",nooku.,2,,,,
"ApCap.143",heeyowuusi',1,,,,
"ApCap.143",he'ne'nih'iistoot.,2,,,,
"ApCap.144",he'ihnei'inii3oone',1,,,,
"ApCap.144",nuhu',2,,,,
"ApCap.144",koo'ohwuu.,3,,,,
"ApCap.145",“heetnookoo3e3en.,1,,,,
"ApCap.146",hee'inowoo,1,,,,
"ApCap.146",heetoo3i',2,,,,
"ApCap.146",heito'eino'.,3,,,,
"ApCap.147",hee'inowoo,1,,,,
"ApCap.147",heetoo3i'.,2,,,,
"ApCap.148",neeyou,1,,,,
"ApCap.148",hinee,2,,,,
"ApCap.148","hii3e',",3,,,,
"ApCap.148",hinee,4,,,,
"ApCap.148",heetoo3i'.,5,,,,
"ApCap.149",heetyihxohe3en.,1,,,,
"ApCap.150","heetnookoo3e3en,”",1,,,,
"ApCap.150",hee3eihok.,2,,,,
"ApCap.151",“heetnehco'onnii3neniibe3en.,1,,,,
"ApCap.152",heetniinoono'uxotone3en,1,,,,
"ApCap.152",hebii3hiitono.,2,,,,
"ApCap.153",wohei,1,,,,
"ApCap.153",heetne'niiswottoneen.,2,,,,
"ApCap.154","hiisoho',",1,,,,
"ApCap.154",heetne'niistoon.”,2,,,,
"ApCap.155",wohei,1,,,,
"ApCap.155",he'ne'nih'iistoot.,2,,,,
"ApCap.156",wohei,1,,,,
"ApCap.156",nehe'nih'iistoot.,2,,,,
"ApCap.157",he'ih'iino'uxotone',1,,,,
"ApCap.157",hibii3hiitono,2,,,,
"ApCap.157",nuhu',3,,,,
"ApCap.157",koo'ohwuu.,4,,,,
"ApCap.158",he'ne'nih'iistoot,1,,,,
"ApCap.158",toh'oonooxuu'ooto',2,,,,
"ApCap.158",hi'in,3,,,,
"ApCap.158",nookhoosei.,4,,,,
"ApCap.159",nih'iikohooxoenoo'ooni',1,,,,
"ApCap.159",teco'oniihi'.,2,,,,
"ApCap.160",he'ne'nih'iistoot,1,,,,
"ApCap.160",cei3iihi',2,,,,
"ApCap.160",nuhu',3,,,,
"ApCap.160",tohco'ookoo3eit,4,,,,
"ApCap.160",nuhu',5,,,,
"ApCap.160",koo'ohwuu.,6,,,,
"ApCap.161",ceniixootee',1,,,,
"ApCap.161",niiyou,2,,,,
"ApCap.161","heeti3o'obee',",3,,,,
"ApCap.161",beexo'noobe'einiini,4,,,,
"ApCap.161",heenei'isiihi'.,5,,,,
"ApCap.162",hoowuneciin.,1,,,,
"ApCap.163",hoowuneciin,1,,,,
"ApCap.163",heeyouhuu.,2,,,,
"ApCap.164",tohciiciixo'obee',1,,,,
"ApCap.164",heeyowuusi',2,,,,
"ApCap.164",he'ne'nih'iisiine'etiit.,3,,,,
"ApCap.165",heihii,1,,,,
"ApCap.165",he'ih'iice'eecoho'oo.,2,,,,
"ApCap.166",ce'tei'eih.,1,,,,
"ApCap.167",wohei,1,,,,
"ApCap.167",he'ne'P,2,,,,
"ApCap.167","hei'ce'tei'eiht,",3,,,,
"ApCap.167",he'ne'nih'ii'ce'ce3koohut.,4,,,,
"ApCap.168",neyei3iihi',1,,,,
"ApCap.168","ni'iini,",2,,,,
"ApCap.168",he'ne'nih'ii'beexwo'wuni,3,,,,
"ApCap.168",ciiskoohut.,4,,,,
"ApCap.169",ni'iibii3ihiine',1,,,,
"ApCap.169",nuhu',2,,,,
"ApCap.169",niine'een,3,,,,
"ApCap.169",nuhu',4,,,,
"ApCap.169",koo'ohwuu.,5,,,,
"ApCap.170",ce'eecoho'oot.,1,,,,
"ApCap.171",he'ne'heeyowuusi',1,,,,
"ApCap.171",he'ih'iiwo'wuciiskoo,2,,,,
"ApCap.171",cei3iihi'.,3,,,,
"ApCap.172",heihii,1,,,,
"ApCap.172",he'ihce'eeso'oo.,2,,,,
"ApCap.173",ce'eecehinoo'oo.,1,,,,
"ApCap.174","“wohei,”",1,,,,
"ApCap.174",ne'nih'ii3eit,2,,,,
"ApCap.174",nuhu',3,,,,
"ApCap.174",koo'ohwuu.,4,,,,
"ApCap.175",“wohei,1,,,,
"ApCap.175","cihnees,",2,,,,
"ApCap.175",heetnonouhtino'.”,3,,,,
"ApCap.176",he'ne'nonouhti3i'.,1,,,,
"ApCap.177",neehiiso'oono'.,1,,,,
"ApCap.178",wohei,1,,,,
"ApCap.178",hiit,2,,,,
"ApCap.178",he'iitoh'iiso'onoonoo3i,3,,,,
"ApCap.178",nuhu',4,,,,
"ApCap.178",nookuo.,5,,,,
"ApCap.179",ne'yihoonoot,1,,,,
"ApCap.179",nuhu';,2,,,,
"ApCap.180",heet3ebiini,1,,,,
"ApCap.180",hi3kuu3oot,2,,,,
"ApCap.180",nuhu',3,,,,
"ApCap.180",nookuo.,4,,,,
"ApCap.181",hiisiitenoot.,1,,,,
"ApCap.182",wohei,1,,,,
"ApCap.182",wohei,2,,,,
"ApCap.182",niixoo,3,,,,
"ApCap.182",nehe'nih'ii'neenou'uhoot.,4,,,,
"ApCap.183",'oh,1,,,,
"ApCap.183",nehe'nih'ii'wottonouhut,2,,,,
"ApCap.183",hiit.,3,,,,
"ApCap.184",hoonooxuu'oot,1,,,,
"ApCap.184",niiyou,2,,,,
"ApCap.184",nuhu',3,,,,
"ApCap.184",nookhoosei.,4,,,,
"ApCap.185",nihi'iibii3wouht.,1,,,,
"ApCap.186",he'ih'iiniiso'bii3ihino'.,1,,,,
"ApCap.187",ne'nih'ii'nokohu3i'.,1,,,,
"ApCap.188","hoowoto'oonoo3i,",1,,,,
"ApCap.188",ne'nih'ii'ce'ce3koohu3i',2,,,,
"ApCap.188",cei3iihi'.,3,,,,
"ApCap.188",ceniixootee',4,,,,
"ApCap.188",niiyou,5,,,,
"ApCap.188",hee3e'eineeckoohut.,6,,,,
"ApCap.189",neeyou,1,,,,
"ApCap.189",hinee,2,,,,
"ApCap.189",he'inowuni3,3,,,,
"ApCap.189","heetiine'etii3i',",4,,,,
"ApCap.189",heetiine'etii3i'.,5,,,,
"ApCap.190",nih'e'inowuni3,1,,,,
"ApCap.190",nuhu',2,,,,
"ApCap.190",koo'ohwuu,3,,,,
"ApCap.190",teco'onnee'eesiihi'.,4,,,,
"ApCap.191","“wohei,”",1,,,,
"ApCap.191",hee3eihok,2,,,,
"ApCap.191",nuhu',3,,,,
"ApCap.191","koo'ohwuu,",4,,,,
"ApCap.191",“woow,5,,,,
"ApCap.191",nooxowneeheyeikuutiino',6,,,,
"ApCap.191",niiyou,7,,,,
"ApCap.191","heetiine'etiin,",8,,,,
"ApCap.191",heetoo3i',9,,,,
"ApCap.191",heito'eino'.,10,,,,
"ApCap.192",woow,1,,,,
"ApCap.192",beneexneeheyeikoohuno'.”,2,,,,
"ApCap.193","wotnih'eso'oohehkoni',",1,,,,
"ApCap.193",nuhu',2,,,,
"ApCap.193",nih'iiP,3,,,,
"ApCap.193",heetee3owo3neniteeno',4,,,,
"ApCap.193",tih'eso'oohkoni'.,5,,,,
"ApCap.194",wohei,1,,,,
"ApCap.194",nehe'nih'iisiini.,2,,,,
"ApCap.195",ce'eecoho'oot,1,,,,
"ApCap.195",hi'iihi',2,,,,
"ApCap.195",nehe',3,,,,
"ApCap.195",nuhu',4,,,,
"ApCap.195","koo'ohwuu,",5,,,,
"ApCap.195",tohniiteheibeit.,6,,,,
"ApCap.196",nih'ii3ei'neeneeso'oot,1,,,,
"ApCap.196",nehe',2,,,,
"ApCap.196","koo'oh,",3,,,,
"ApCap.196",'oh,4,,,,
"ApCap.196",nehe'nih'ii3ei'neeneeso'oot,5,,,,
"ApCap.196",nehe',6,,,,
"ApCap.196",nehe',7,,,,
"ApCap.196","hinen,",8,,,,
"ApCap.196",hecexonoh'oe.,9,,,,
"ApCap.197",wohei,1,,,,
"ApCap.197",he'ne'nih'iisiini,2,,,,
"ApCap.197",niiteheibeit.,3,,,,
"ApCap.198",hei'3ebneeheyei'ou'u,1,,,,
"ApCap.198",niiyou,2,,,,
"ApCap.198","heetiine'etii3i',",3,,,,
"ApCap.198",niiyou,4,,,,
"ApCap.198",nuhu',5,,,,
"ApCap.198",hiniito'eino.,6,,,,
"ApCap.199",“wohei,1,,,,
"ApCap.199",hei'inoo,2,,,,
"ApCap.199",nih'iisibiine3en.,3,,,,
"ApCap.200",hei'inoo!,1,,,,
"ApCap.201",hetononitii!,1,,,,
"ApCap.202",bebiistii!,1,,,,
"ApCap.203",honooxuwuhe3en.,1,,,,
"ApCap.204",beebeet,1,,,,
"ApCap.204",ceebehcou'utii!,2,,,,
"ApCap.205",hi3oowo',1,,,,
"ApCap.205",nih'iisinihii'.,2,,,,
"ApCap.206",hiiyoo3tonounoo!,1,,,,
"ApCap.207","hiiyoo3iihi',",1,,,,
"ApCap.207",heetneeso'oon.,2,,,,
"ApCap.208",wohei,1,,,,
"ApCap.208",sooxe!”,2,,,,
"ApCap.209",he'ne'ce'ce3koohu3i',1,,,,
"ApCap.209",cei3iihi',2,,,,
"ApCap.209",he3ebeeP.,3,,,,
"ApCap.210",“wohei,1,,,,
"ApCap.210","neeyou,”",2,,,,
"ApCap.210",hee3eihok,3,,,,
"ApCap.210",nuhu',4,,,,
"ApCap.210","koo'ohwuu,",5,,,,
"ApCap.210","“neeyou,",6,,,,
"ApCap.210",nee'eetiine'etii3i',7,,,,
"ApCap.210",heito'eino'.,8,,,,
"ApCap.211",neeyou,1,,,,
"ApCap.211",hiisoho',2,,,,
"ApCap.211",3ebiixoowuuhu'.,3,,,,
"ApCap.212","neeyou,",1,,,,
"ApCap.212",nee'eetoo3i'.,2,,,,
"ApCap.213",heenehnii3oone3en,1,,,,
"ApCap.213",3ebiihi',2,,,,
"ApCap.213",hinee,3,,,,
"ApCap.213",hii3e'.”,4,,,,
"ApCap.214",hei'noxowneeheyei'ou'u,1,,,,
"ApCap.214","nuhu',",2,,,,
"ApCap.214",ne'eh'eeneenoohootou'u,3,,,,
"ApCap.214",hinee,4,,,,
"ApCap.214",neeyei3oo'.,5,,,,
"ApCap.215","hiniito'eino,",1,,,,
"ApCap.215","hinono'eino',",2,,,,
"ApCap.215",hiisoho',3,,,,
"ApCap.215",niiniP,4,,,,
"ApCap.215",neeyei3ou'u,5,,,,
"ApCap.215",niiinono.,6,,,,
"ApCap.216",beexo'ooteeni'i,1,,,,
"ApCap.216",hiisoho'.,2,,,,
"ApCap.217",neeyou,1,,,,
"ApCap.217",hinee.,2,,,,
"ApCap.218",hee'inowunee.,1,,,,
"ApCap.219","niibehiikoohunee,",1,,,,
"ApCap.219",hinee,2,,,,
"ApCap.219",Casper.,3,,,,
"ApCap.220",nenee',1,,,,
"ApCap.220",he'ne'nih'iitoo3i',2,,,,
"ApCap.220",nono'eino'.,3,,,,
"ApCap.221",neene'eeno',1,,,,
"ApCap.221",hinee,2,,,,
"ApCap.221",honootii3i',3,,,,
"ApCap.221",hii3e'.,4,,,,
"ApCap.222",he'ihnoxowneeheyeikoohuno'.,1,,,,
"ApCap.223",“wohei,1,,,,
"ApCap.223",woow,2,,,,
"ApCap.223","heetce'no'o'uuhunoo,”",3,,,,
"ApCap.223",hee3eihok,4,,,,
"ApCap.223",nuhu',5,,,,
"ApCap.223",koo'ohwuu.,6,,,,
"ApCap.224",“heenee'iihi',1,,,,
"ApCap.224",heetniice'iitese3en.,2,,,,
"ApCap.225",heenee'iihi',1,,,,
"ApCap.225",heetniice'iitese3en.,2,,,,
"ApCap.226",heetniinoohowun,1,,,,
"ApCap.226",no'o'.,2,,,,
"ApCap.227",heetniicihniiniitouuhunoo;,1,,,,
"ApCap.228",niixoo,1,,,,
"ApCap.228","heetniicih'ooxoeniitouuhun,”",2,,,,
"ApCap.228",hee3eihok.,3,,,,
"ApCap.229",“nuhu',1,,,,
"ApCap.229","nii3etouuhunoo,",2,,,,
"ApCap.229","heetne'nii3etouuhun,",3,,,,
"ApCap.229",wootii,4,,,,
"ApCap.229",heetnee'inow,5,,,,
"ApCap.229",heetniisinihiinoo.,6,,,,
"ApCap.230",nuhu',1,,,,
"ApCap.230","niisniiniitouuhunoo,",2,,,,
"ApCap.230",heetnee'inow,3,,,,
"ApCap.230","heesinihii3e3en,”",4,,,,
"ApCap.230",hee3eihok.,5,,,,
"ApCap.231",“noh,1,,,,
"ApCap.231",niixoo,2,,,,
"ApCap.231",heetnee'inowoo,3,,,,
"ApCap.231",heetniisiini.,4,,,,
"ApCap.232",heetnee'inowoo,1,,,,
"ApCap.232",heesinihii3in.”,2,,,,
"ApCap.233",he'ne'nih'ii3eit.,1,,,,
"ApCap.234",he'ne'nih'ii'niitonoot,1,,,,
"ApCap.234",koo'ohwuu,2,,,,
"ApCap.234",heesinihiini3i,3,,,,
"ApCap.234",nehe',4,,,,
"ApCap.234",hinen.,5,,,,
"ApCap.235",ne'nih'iishitetehei3ito',1,,,,
"ApCap.235",niiyou,2,,,,
"ApCap.235",nuhu',3,,,,
"ApCap.235",hesitee.,4,,,,
"ApCap.236",he'ih'iihoonooxuu'oot,1,,,,
"ApCap.236",nih'iitwottonouht.,2,,,,
"ApCap.237",coone3eeyeinoo3i,1,,,,
"ApCap.237",he'ih'oonooxuu'oot.,2,,,,
"ApCap.238",he'ih'iikohooxoenoo'oo.,1,,,,
"ApCap.239",he'ih'iicisnii3neniibei3i,1,,,,
"ApCap.239",nuhu',2,,,,
"ApCap.239",'ee,3,,,,
"ApCap.239","koo'ohwuu,",4,,,,
"ApCap.239",he'ih'iiniiniitonee.,5,,,,
"ApCap.240",he'ih'ee'inonee,1,,,,
"ApCap.240",heeneisinihiini3i.,2,,,,
"ApCap.241",he'ih'iihooxoenniitouuh;,1,,,,
"ApCap.242",he'ne'3eboo3itoonoot.,1,,,,
"ApCap.243",nih'ei'towuunoot,1,,,,
"ApCap.243",he'ii3ooni'i.,2,,,,
"ApCap.244",heihii,1,,,,
"ApCap.244",cei3iihi',2,,,,
"ApCap.244",nuhu',3,,,,
"ApCap.244",koo'ohwuu,4,,,,
"ApCap.244",he'ne'niihenii3iine'etii3i',5,,,,
"ApCap.244",niiyou,6,,,,
"ApCap.244",nono'eino'.,7,,,,
"ApCap.245",he'ih'eeneitonih'ino',1,,,,
"ApCap.245",nuhu',2,,,,
"ApCap.245",koo'ohwuu.,3,,,,
"ApCap.246",heihii,1,,,,
"ApCap.246",he'ihnii3eentoono',2,,,,
"ApCap.246",hii3e'.,3,,,,
"ApCap.247",he'ih'iiniiteheino',1,,,,
"ApCap.247",niiyou,2,,,,
"ApCap.247",'ee,3,,,,
"ApCap.247",tohuuyeeyeihowoo3i',4,,,,
"ApCap.247",niiyou,5,,,,
"ApCap.247",nuhu',6,,,,
"ApCap.247","[he]neeceeno,",7,,,,
"ApCap.247",hii3einoonin.,8,,,,
"ApCap.248",he'ih'iiniiteheino',1,,,,
"ApCap.248",hiinoo'einiihi',2,,,,
"ApCap.248",nuhu',3,,,,
"ApCap.248",koo'ohwuu.,4,,,,
"ApCap.249",he'ih'iinohkunii3iine'etiino',1,,,,
"ApCap.249",nuhu',2,,,,
"ApCap.249",nono'eino.,3,,,,
"ApCap.250",he'ne'nih'eenei3oohooto',1,,,,
"ApCap.250",nuhu',2,,,,
"ApCap.250",koo'ohwuu.,3,,,,
"ApCap.251",he'ne'nih'iisiini.,1,,,,
"ApCap.252",he'ne'nih'iiscee'iheit,1,,,,
"ApCap.252",niine'eehek,2,,,,
"ApCap.252",nehe',3,,,,
"ApCap.252",honoh'oe.,4,,,,
"ApCap.253",he'ih'e'inonee,1,,,,
"ApCap.253",neeneisinihiini3i,2,,,,
"ApCap.253",nuhu',3,,,,
"ApCap.253","koo'ohwuu,",4,,,,
"ApCap.253",nii3iisP,5,,,,
"ApCap.253",nih'iiniitouuhuni3i.,6,,,,
"ApCap.254",he'ne'nihcih'ooxoenehP,1,,,,
"ApCap.254",niiniitouuwoot.,2,,,,
"ApCap.255",noh,1,,,,
"ApCap.255",niixoo,2,,,,
"ApCap.255",he'ih3ebei'towuunee,3,,,,
"ApCap.255",nuhu',4,,,,
"ApCap.255",heesinihiini3i.,5,,,,
"ApCap.256",he'ih'iiniitonee,1,,,,
"ApCap.256",toonheetniisinihiitooni'i.,2,,,,
"ApCap.257",he'ih'iiniiniitouu.,1,,,,
"ApCap.258",he'ih'iicih'ooxoeniini,1,,,,
"ApCap.258",niiniitouuhu[nino].,2,,,,
"ApCap.259",he'ih'iiP,1,,,,
"ApCap.259",he'ih'iiniitonee,2,,,,
"ApCap.259",nuhu',3,,,,
"ApCap.259",niiseenetiitooni'.,4,,,,
"ApCap.260",he'ne'nih'iiseeneti3etiiwoot,1,,,,
"ApCap.260",niine'eenino,2,,,,
"ApCap.260",nuhu',3,,,,
"ApCap.260",koo'ohwuu.,4,,,,
"ApCap.261",wohei,1,,,,
"ApCap.261",he'ne'nih'iisniiheneheiP,2,,,,
"ApCap.261",hitetehei3ito',3,,,,
"ApCap.261",niiyou,4,,,,
"ApCap.261",nuhu',5,,,,
"ApCap.261","koo'ohwuu,",6,,,,
"ApCap.261",tih'iibiineit,7,,,,
"ApCap.261",heeyouhuu.,8,,,,
"ApCap.262",wohei,1,,,,
"ApCap.262",nee'eesoo'.,2,,,,
"ApCap.263",niiyou,1,,,,
"ApCap.263",nuhu',2,,,,
"ApCap.263",hoo3itoo,3,,,,
"ApCap.263",he'ne'nih'iisiine'etiit,4,,,,
"ApCap.263",nehe',5,,,,
"ApCap.263",hinen.,6,,,,
"ApCap.264",heihii,1,,,,
"ApCap.264",koo'ohwuu,2,,,,
"ApCap.264",ne'ehc[ih]nii3eenentoo3i',3,,,,
"ApCap.264",niiyou,4,,,,
"ApCap.264",nono'eiteen.,5,,,,
"ApCap.265",he'ih'eeneitonoh'ooo3eihino'.,1,,,,
"ApCap.266",howoo,1,,,,
"ApCap.266",koo'ohwuusoono,2,,,,
"ApCap.266",neeneisiii'ootoo3i'.,3,,,,
"ApCap.267",he'ih'iitootonouneeno'.,1,,,,
"ApCap.268",nih'iiniiteheibei3i',1,,,,
"ApCap.268","heeneesiine'etiinoo3i,",2,,,,
"ApCap.268",tih'eeneinoo'ei3i'.,3,,,,
"ApCap.269",nohuusoho'.,1,,,,
"ApCap.270",nee'eesee',1,,,,
"ApCap.270",niiyou,2,,,,
"ApCap.270",nuhu',3,,,,
"ApCap.270",hoo3itoo.,4,,,,
"ApCap.271","nono'ei3owo3nenitee,",1,,,,
"ApCap.271",tih'iineseineeniine'etii3i',2,,,,
"ApCap.271",heenei3heeneitenowoot,3,,,,
"ApCap.271",niiyou,4,,,,
"ApCap.271",nuhu',5,,,,
"ApCap.271",beebeteeniini.,6,,,,
"ApCap.272",nee'eeneestoo3i',1,,,,
"ApCap.272",tih'iibetee3i'.,2,,,,
"ApCap.273",hi'iihi',1,,,,
"ApCap.273","cei3iihi,",2,,,,
"ApCap.273","he'ne'nih'iisookonoontoo3i',",3,,,,
"ApCap.273","tihi'iinoonokooyei3i',",4,,,,
"ApCap.273",tohnee'eeneesiini,5,,,,
"ApCap.273",hitetehei3itou'u,6,,,,
"ApCap.273",heeyouhuu.,7,,,,
"ApCap.274",nohuusoho'.,1,,,,
"ApCap.275",nee'ee3oo',1,,,,
"ApCap.275",niiyou,2,,,,
"ApCap.275",nuhu',3,,,,
"ApCap.275",hoo3itoo.,4,,,,
"ApCap.276",ceniixootee',1,,,,
"ApCap.276",niiyou,2,,,,
"ApCap.276",nuhu',3,,,,
"ApCap.276",hoo3itoo.,4,,,,
"ApCap.277",beebei'on,1,,,,
"ApCap.277",he'iitoxP,2,,,,
"ApCap.277",beesbeteetosoo',3,,,,
"ApCap.277",ceciniihi',4,,,,
"ApCap.277",3ebiihi'.,5,,,,
"ApCap.278",neeyou,1,,,,
"ApCap.278","beebei'on,",2,,,,
"ApCap.278",tih'eeneisiine'etiit,3,,,,
"ApCap.278",nono'ei.,4,,,,
"ApCap.279",hoono',1,,,,
"ApCap.279",tih'iiciiciineneihi3i',2,,,,
"ApCap.279",niiyou,3,,,,
"ApCap.279",nuhu',4,,,,
"ApCap.279","heetiine'etiino',",5,,,,
"ApCap.279",wo'ei3,6,,,,
"ApCap.279","tih'eeneiniihi3i',",7,,,,
"ApCap.279","heeneiteno',",8,,,,
"ApCap.279",ne'nih'iisiine'etiehkoni'.,9,,,,
"ApCap.280",nohuusoho'.,1,,,,
"ApCap.281",nee'ee3oo',1,,,,
"ApCap.281",niiyou,2,,,,
"ApCap.281","hoo3itoo,",3,,,,
"ApCap.281",ko3einoo3itoo.,4,,,,
"ApCap.282","nihcih'itetehei3itowoo,",1,,,,
"ApCap.282",tih'iiceh'e3ihou'u,2,,,,
"ApCap.282",neisonoo,3,,,,
"ApCap.282",nei'eiwoho',4,,,,
"ApCap.282",nebesiiwoho'.,5,,,,
"ApCap.283",wonoo3ei'i,1,,,,
"ApCap.283",hoo3itoono.,2,,,,
"ApCap.284",wohei,1,,,,
"ApCap.284",hii3eti'.,2,,,,
"ApCap.285",toonhei'iihi',1,,,,
"ApCap.285",heetneh'oonoo3iteenee.,2,,,,
"ApCap.286",honoo3itootowunee.,1,,,,
"ApCap.287",nohuusoho'.,1,,,,
"ApCap.288",[het]bebiisceh'e3tiibe.,1,,,,
