ref,word,num,dep,label,dep2,label2
"Bam.001",Howoto'oo!,1,,,,
"Bam.001",Howoto'oo!,2,,,,
"Bam.002",Heeyou?,1,,,,
"Bam.003",Heebe,1,,,,
"Bam.003",Bee3ei.,2,,,,
"Bam.004",Heeyou,1,,,,
"Bam.004",Heitoustoobe?,2,,,,
"Bam.005",Ceebii'oot,1,,,,
"Bam.005",Hecesneecee.,2,,,,
"Bam.006",Heetwonoohowoono'.,1,,,,
"Bam.007",Noxuhu!,1,,,,
"Bam.008",Nonii!,1,,,,
"Bam.009",Hee.,1,,,,
"Bam.010",Nuhu',1,,,,
"Bam.010",hiisi',2,,,,
"Bam.010","hii3eti',",3,,,,
"Bam.010",Hecesneecee,4,,,,
"Bam.010",hiihoowco'oncebii'oo.,5,,,,
"Bam.011",Hohou,1,,,,
"Bam.011",beisii3ei[no']!,2,,,,
"Bam.012",Hii3eti'.,1,,,,
"Bam.012",Nii'oo'.,2,,,,
"Bam.013","'oo,",1,,,,
"Bam.013","hohou,",2,,,,
"Bam.013",nii'oo'.,3,,,,
"Bam.014",Hohou,1,,,,
"Bam.014",neito'eino'.,2,,,,
"Bam.015",Howoto'oo,1,,,,
"Bam.015",hiiceiteebin.,2,,,,
"Bam.016","Tous,",1,,,,
"Bam.016",Hecesneecee!,2,,,,
"Bam.017","Noohowun,",1,,,,
"Bam.017",heetkohei'it.,2,,,,
"Bam.018",Noosouhohooteihit.,1,,,,
"Bam.019",Woteiheihii.,1,,,,
"Bam.020",Hii3oobee'.,1,,,,
"Bam.021",Koociihi3oobee?,1,,,,
"Bam.022",Nooxeihi',1,,,,
"Bam.022",woow,2,,,,
"Bam.022",noowone'.,3,,,,
"Bam.023",Sooxe,1,,,,
"Bam.023",heh'eeckoohun.,2,,,,
"Bam.024",Heeckoohu'!,1,,,,
"Bam.025",Heeckoohu'!,1,,,,
"Bam.026",Cihnee,1,,,,
"Bam.026",Woteiheihii!,2,,,,
"Bam.027",Heetousih'oo?,1,,,,
"Bam.028",'ine,1,,,,
"Bam.028",heetnee'eesih'o',2,,,,
"Bam.028",Bambi.,3,,,,
"Bam.029","Wohei,",1,,,,
"Bam.029",nee'eesoo'.,2,,,,
"Bam.030","Bambi,",1,,,,
"Bam.030",neniisoo,2,,,,
"Bam.030",nehe',3,,,,
"Bam.030",Bambi.,4,,,,
"Bam.031","Noohobe',",1,,,,
"Bam.031",woow,2,,,,
"Bam.031",ceebiseet!,3,,,,
"Bam.032",Nii'ooke',1,,,,
"Bam.032",Noo'oheicenee!,2,,,,
"Bam.033",Teeteehek,1,,,,
"Bam.033",Hecesneecee?,2,,,,
"Bam.034",Nii'ooke',1,,,,
"Bam.034",Bambi!,2,,,,
"Bam.035",Nii'ooke',1,,,,
"Bam.035",Hecesneecee!,2,,,,
"Bam.036",Heetce'noohobe3en!,1,,,,
"Bam.037",Nii'ooke',1,,,,
"Bam.037",Hecesneecee!,2,,,,
"Bam.038",Nii'ooke',1,,,,
"Bam.038",Hecesneecee!,2,,,,
"Bam.039",Nii'ooke'!,1,,,,
"Bam.040",Seniisoohowunoo.,1,,,,
"Bam.041","Woteiheihii,",1,,,,
"Bam.041",nee'eesih'inoo.,2,,,,
"Bam.042",Nee'eestoo.,1,,,,
"Bam.043",Cihnee'eestoo.,1,,,,
"Bam.044",Koxu3ceno'oo.,1,,,,
"Bam.045",Nee'ee.,1,,,,
"Bam.046",Nooh'eno'.,1,,,,
"Bam.047",Hihtoustoo?,1,,,,
"Bam.048",Heetneeckoohunoo.,1,,,,
"Bam.049",Heetohtonoxteeni'!,1,,,,
"Bam.050",Nee'ee,1,,,,
"Bam.050",Bambi!,2,,,,
"Bam.051",Nee'ee!,1,,,,
"Bam.052","Niikoxo'ciitootiini',",1,,,,
"Bam.052",heebehnestoonoo3oo.,2,,,,
"Bam.053",Heeto3esoo',1,,,,
"Bam.053",neestoonoo'.,2,,,,
"Bam.054",Hoowuuni,1,,,,
"Bam.054","hohootno',",2,,,,
"Bam.054",wo'ei3,3,,,,
"Bam.054",coo'oo'oe'i.,4,,,,
"Bam.055",Heetkotousineno'.,1,,,,
"Bam.056",Nee'ee,1,,,,
"Bam.056","toyoohowu,",2,,,,
"Bam.056",heetniitowuseenoo.,3,,,,
"Bam.057",Ciinoxoonoo'ohk,1,,,,
"Bam.057",heetcih'eti3e3en.,2,,,,
"Bam.058",Hoownoxoonoo,1,,,,
"Bam.058","Bambi,",2,,,,
"Bam.058","cihnee,",3,,,,
"Bam.058",cihnee.,4,,,,
"Bam.059",Nii'ooke',1,,,,
"Bam.059",Hecesneecee!,2,,,,
"Bam.060",Heeyou,1,,,,
"Bam.060",heibii3hiitooninoo?,2,,,,
"Bam.061","Woxu'uno,",1,,,,
"Bam.061",henee3neeni'coo'.,2,,,,
"Bam.062",Nii'coo'!,1,,,,
"Bam.063",Kooheetbenoucet?,1,,,,
"Bam.064","Hiiko,",1,,,,
"Bam.064",ceebehbenoucetoo,2,,,,
"Bam.064",hinee.,3,,,,
"Bam.065",Koun,1,,,,
"Bam.065",cee'ese'einou'u,2,,,,
"Bam.065",bii3i,3,,,,
"Bam.065",nii'cooti'i.,4,,,,
"Bam.066",Woteiheihii!,1,,,,
"Bam.067",Heeyou,1,,,,
"Bam.067",no'oo?,2,,,,
"Bam.068",Heisonoo,1,,,,
"Bam.068",heihtou3ei'towuune'?,2,,,,
"Bam.069",Heeyou?,1,,,,
"Bam.070",Ciibehbii3i,1,,,,
"Bam.070",cee'ese'einou'u.,2,,,,
"Bam.071",Niiwonoote'inowoo.,1,,,,
"Bam.072",Beisiihi',1,,,,
"Bam.072",niini'iicetowoo,2,,,,
"Bam.072",woxu'uno,3,,,,
"Bam.072",hookoh,4,,,,
"Bam.072",heni'eeneyeteenoo,5,,,,
"Bam.072",noh,6,,,,
"Bam.072",beebeeseihteenoo.,7,,,,
"Bam.073",Beebeet,1,,,,
"Bam.073",ciibehbii3i,2,,,,
"Bam.073",woxu'uno,3,,,,
"Bam.073",tohwoxcooti'i.,4,,,,
"Bam.074",Nuhu',1,,,,
"Bam.074",nihiitono,2,,,,
"Bam.074",niineyeibii'eeneetowoo.,3,,,,
"Bam.075",Honoonoyoohootowoo!,1,,,,
"Bam.076",Feline,1,,,,
"Bam.076",nee'eesih'it.,2,,,,
"Bam.077",Koohinee,1,,,,
"Bam.077",hototeihi,2,,,,
"Bam.077",no'oo?,3,,,,
"Bam.078",Nooxeihi',1,,,,
"Bam.078",heenetsinee,2,,,,
"Bam.078",heetihcooh'ohoteihit.,3,,,,
"Bam.079",Tous,1,,,,
"Bam.079",Bambi!,2,,,,
"Bam.080",Tous,1,,,,
"Bam.080",nih'ii3e3en!,2,,,,
"Bam.081",Kooheetneeneti3oo?,1,,,,
"Bam.082",Hiiko.,1,,,,
"Bam.083",Kooheixoo?,1,,,,
"Bam.084",Hiiko.,1,,,,
"Bam.085",Woneetsin.,1,,,,
"Bam.086",Hei'towuunin,1,,,,
"Bam.086",tous.,2,,,,
"Bam.087",Tous.,1,,,,
"Bam.088",Nihnei'oohobeinoo.,1,,,,
"Bam.089",'oo,1,,,,
"Bam.089",hee'inowoo.,2,,,,
"Bam.090","Nohtou,",1,,,,
"Bam.090",tihciinoh'oobeekuutooni',2,,,,
"Bam.090",tihcebiseet?,3,,,,
"Bam.091",Niibiseeteenebeihit.,1,,,,
"Bam.092",Konou3iine'etiit,1,,,,
"Bam.092",heniihoho'neihit,2,,,,
"Bam.092",noh,3,,,,
"Bam.092",heenee3neenee'eihit.,4,,,,
"Bam.093",Nee'ee,1,,,,
"Bam.093",beesneeceenit,2,,,,
"Bam.093",huut,3,,,,
"Bam.093",hiiciihi'.,4,,,,
"Bam.094",No'oo!,1,,,,
"Bam.095",Cihno'oehi,1,,,,
"Bam.095",Bambi.,2,,,,
"Bam.096",Neheic.,1,,,,
"Bam.097","Ciibehkotousii,",1,,,,
"Bam.097",hoowoohnoxoonoo.,2,,,,
"Bam.098","Heihtousinihii,",1,,,,
"Bam.098",nohtou,2,,,,
"Bam.098",tihtokohuno'?,3,,,,
"Bam.099",Hinen,1,,,,
"Bam.099",he'ih'entoo,2,,,,
"Bam.099",too3iihi'.,3,,,,
"Bam.100","No'oo,",1,,,,
"Bam.100",noohootoo!,2,,,,
"Bam.101",Heeyou,1,,,,
"Bam.101",nuhu',2,,,,
"Bam.101",nonoocoo'?,3,,,,
"Bam.102",Nihbeeci'.,1,,,,
"Bam.103",Hi'i.,1,,,,
"Bam.104",Woow,1,,,,
"Bam.104",ceeciiniini'.,2,,,,
"Bam.105",Heebe,1,,,,
"Bam.105",Bambi!,2,,,,
"Bam.106",Keini'nee'eestoo?,1,,,,
"Bam.107",Cihnee.,1,,,,
"Bam.108",Heetni'iini.,1,,,,
"Bam.109",Noohootoo,1,,,,
"Bam.109",bee3o'ote'.,2,,,,
"Bam.110",Heetnoowoo3toono',1,,,,
"Bam.110",Bambi.,2,,,,
"Bam.111",Nehkohei'i,1,,,,
"Bam.111",cihto3ihi.,2,,,,
"Bam.112","Hiiko,",1,,,,
"Bam.112",hiixoosoo'.,2,,,,
"Bam.113","Hoonoonoyoohootowoo,",1,,,,
"Bam.113",heebeh3i'isin.,2,,,,
"Bam.114",Nehxouuwo3ii.,1,,,,
"Bam.115",Howoto'oo!,1,,,,
"Bam.116",Nuhu',1,,,,
"Bam.116",cec,2,,,,
"Bam.116",tooyo3oo',3,,,,
"Bam.116",no'oo.,4,,,,
"Bam.117",Beenii'owuusi',1,,,,
"Bam.117",heetce'no'useenoo'.,2,,,,
"Bam.118",Henee3neeneesneenoo.,1,,,,
"Bam.119",'oo,1,,,,
"Bam.119",hee'inowoo.,2,,,,
"Bam.120","Bambi,",1,,,,
"Bam.120",Bambi,2,,,,
"Bam.120",neheicoo.,3,,,,
"Bam.121",Noohoot[oo],1,,,,
"Bam.121",woxu'uno.,2,,,,
"Bam.122","Bambi,",1,,,,
"Bam.122",3ebiickoohu.,2,,,,
"Bam.123",Noxuhu!,1,,,,
"Bam.124",Hiikoo'uuhu'.,1,,,,
"Bam.125",He3ebeesiikoohu!,1,,,,
"Bam.126",Heniistiinoo.,1,,,,
"Bam.127",Heniistiinoo,1,,,,
"Bam.127",no'oo.,2,,,,
"Bam.128","No'oo,",1,,,,
"Bam.128",tooteentoo,2,,,,
"Bam.128",no'oo?,3,,,,
"Bam.129",Heinoo,1,,,,
"Bam.129",heetneihoowoohnii3neniibe'.,2,,,,
"Bam.130","Neheic,",1,,,,
"Bam.130",nei.,2,,,,
"Bam.131",Toustootiin?,1,,,,
"Bam.132","Ciintoo,",1,,,,
"Bam.132",ciintoo.,2,,,,
"Bam.133",Seeyeinooni'.,1,,,,
"Bam.134",Wootoo.,1,,,,
"Bam.135",Heetneihou'u.,1,,,,
"Bam.136","Wohei,",1,,,,
"Bam.136",henee3neeneihou'u.,2,,,,
"Bam.137",Tonooneihou'u.,1,,,,
"Bam.138",Heenoo,1,,,,
"Bam.138",ne'niisiini',2,,,,
"Bam.138",beenii'owuuni'[i].,3,,,,
"Bam.139",Niibixoo3eti3i'.,1,,,,
"Bam.140",Noohootno,1,,,,
"Bam.140",nee3neecoo'uheiitono'.***,2,,,,
"Bam.141",Ciinhi'!,1,,,,
"Bam.142",3ebooseisee.,1,,,,
"Bam.143",Noh,1,,,,
"Bam.143",ci'neneenin!,2,,,,
"Bam.144",Heebe,1,,,,
"Bam.144",Bee3ei!,2,,,,
"Bam.145",Keiciiwonoote'inon?,1,,,,
"Bam.146",Neneenin,1,,,,
"Bam.146","Hecesneecee,",2,,,,
"Bam.146",Bambi!,3,,,,
"Bam.147","Heniisi'i'oon,",1,,,,
"Bam.147","hiineesee,",2,,,,
"Bam.147",heetnei'oohobe3en.,3,,,,
"Bam.148",Heihoowoohnooxtii'oo.***,1,,,,
"Bam.149",Woow,1,,,,
"Bam.149",hiiniinsin.,2,,,,
"Bam.150",Nih'eeneti3etinoo,1,,,,
"Bam.150",hi'iihi',2,,,,
"Bam.150",neneenin.,3,,,,
"Bam.151",Niikokoh'eenebe3en.,1,,,,
"Bam.152",He'hiitoononi.,1,,,,
"Bam.153",Heebe,1,,,,
"Bam.153","Bambi,",2,,,,
"Bam.153",kooheiwonoote'inon?,3,,,,
"Bam.154",Woteiheihii.,1,,,,
"Bam.155",Wohei.,1,,,,
"Bam.156",Hee,1,,,,
"Bam.156",hinenno'.,2,,,,
"Bam.157",Cee'ese'einoo'.,1,,,,
"Bam.158",Yeheihoo.,1,,,,
"Bam.159","Nohtou,",1,,,,
"Bam.159",tohnee'eestoo3i'?,2,,,,
"Bam.160",Kooheicee'neebe?,1,,,,
"Bam.161",Biixoo3eti3i'.,1,,,,
"Bam.162",Heeyowbeenii'owuuni'i,1,,,,
"Bam.162",ne'nii'3eiicensi'i,2,,,,
"Bam.162",bixoo3etiit.,3,,,,
"Bam.163",Ceh'e3ihi'.,1,,,,
"Bam.164",Heetxouuwuseen,1,,,,
"Bam.164",heetneihoowceibnei'ooku'oo,2,,,,
"Bam.164",nowoo3P,3,,,,
"Bam.164",wo'ei3,4,,,,
"Bam.164",cebiisiiteeniihi'.,5,,,,
"Bam.165",Heetnoohowot,1,,,,
"Bam.165",beebeeneihit,2,,,,
"Bam.165",hisei.,3,,,,
"Bam.166",Heetniineyooneenoo'oon.,1,,,,
"Bam.167",Hotookuhu'ee,1,,,,
"Bam.167",heetnoonoo'oenoo'oo',2,,,,
"Bam.167",wootii,3,,,,
"Bam.167",nih'ouusoo.,4,,,,
"Bam.168",Noh,1,,,,
"Bam.168",heetnoh'eihin,2,,,,
"Bam.168",wootii,3,,,,
"Bam.168",bi'i.,4,,,,
"Bam.169",Heetnee'inow,1,,,,
"Bam.169",heeteescebiseen,2,,,,
"Bam.169",hono'u'.,3,,,,
"Bam.170",Kooheetnee'in?,1,,,,
"Bam.171",Heetniinih'ohun,1,,,,
"Bam.171",heetnoohookeenin.,2,,,,
"Bam.172",Heetneenetiin,1,,,,
"Bam.172",hotookuhu'ee.,2,,,,
"Bam.173",Yehei!,1,,,,
"Bam.174",Neneinoo3oo'.,1,,,,
"Bam.175",Yeheihoo!,1,,,,
"Bam.176",Neneihin.,1,,,,
"Bam.177",Ceh'e3hi.,1,,,,
"Bam.178",Hoonoyoohootowoo,1,,,,
"Bam.178",heet[n]iinee'eesiini.,2,,,,
"Bam.179",Heebehcenisinebe,1,,,,
"Bam.179",noh,2,,,,
"Bam.179",neneenin,3,,,,
"Bam.179",noh,4,,,,
"Bam.179","hee,",5,,,,
"Bam.179",noh,6,,,,
"Bam.179",ci'neneenin!,7,,,,
"Bam.180",Hetneihoownee'eesoo.,1,,,,
"Bam.181",Hoowuuhu',1,,,,
"Bam.181",neneeninoo.,2,,,,
"Bam.182",Bixoo3etiit.,1,,,,
"Bam.183",Tous.,1,,,,
"Bam.184",Keiciiwonoote'inon?,1,,,,
"Bam.185",Neneeninoo,1,,,,
"Bam.185",Feline.,2,,,,
"Bam.186",Nenee3i',1,,,,
"Bam.186",hinenino',2,,,,
"Bam.186",cee'nou'see3i',3,,,,
"Bam.186",wonoo3ee3i',4,,,,
"Bam.186",hiiwoonhehe'.,5,,,,
"Bam.187",Beebei'on,1,,,,
"Bam.187",heetniikoo'useeno',2,,,,
"Bam.187",hiiciihi'.,3,,,,
"Bam.188",Noxuhu!,1,,,,
"Bam.189",Cihto3ihi.,1,,,,
"Bam.190","Tooteentoo,",1,,,,
"Bam.190",Bambi?,2,,,,
"Bam.191",Ceh'e3tii,1,,,,
"Bam.191",cenoot.,2,,,,
"Bam.192",Teiitooneihi.,1,,,,
"Bam.193",Cenihtootiseet.,1,,,,
"Bam.194",Teiitooneihi.,1,,,,
"Bam.195",Ciibehnih'oowni'ihi.,1,,,,
"Bam.196",Heetkoyih'ohunoo.,1,,,,
"Bam.197","Hiiko,",1,,,,
"Bam.197",toonheetniistoo{n},2,,,,
"Bam.197",ciibehkoyih'ohu.,3,,,,
"Bam.198","Nooxowtootiseet,",1,,,,
"Bam.198",neihoowuni'kotousin.,2,,,,
"Bam.199",Feline,1,,,,
"Bam.199",ceno'oo!,2,,,,
"Bam.200",Kohei'i,1,,,,
"Bam.200","Bambi,",2,,,,
"Bam.200",nehkohei'i!,3,,,,
"Bam.201",Wohei,1,,,,
"Bam.201",cihnii3ooni.,2,,,,
"Bam.202",Howoto'oo!,1,,,,
"Bam.203",Howoto'oo,1,,,,
"Bam.203",Bee3ei!,2,,,,
"Bam.204",Heeyou!,1,,,,
"Bam.205",Tootoustootiin?,1,,,,
"Bam.206",Niisoono'.,1,,,,
"Bam.207",TootP?,1,,,,
"Bam.208",Hi'P,1,,,,
"Bam.208",hiisiihi',2,,,,
"Bam.208",hiit.,3,,,,
"Bam.209","Cenoonoo,",1,,,,
"Bam.209",neixoo.,2,,,,
"Bam.210",Nonii!,1,,,,
"Bam.211",Hooxo'oteheih3i',1,,,,
"Bam.211","nonii,",2,,,,
"Bam.211","noohowunee,",3,,,,
"Bam.211",niisoono'.,4,,,,
"Bam.212",Hooxo'oteheih3i',1,,,,
"Bam.212",niisoono'.,2,,,,
"Bam.213",Hoonobeihit,1,,,,
"Bam.213",neecee,2,,,,
"Bam.213",Bambi.,3,,,,
