ref,word,num,dep,label,dep2,label2
"Bates.001",he'ih'ootiino',1,,,,
"Bates.001",nuhu',2,,,,
"Bates.001",beh'eihoho',3,,,,
"Bates.001",hunit.,4,,,,
"Bates.002",beh'eihoho',1,,,,
"Bates.002",noh,2,,,,
"Bates.002",wo'ei3,3,,,,
"Bates.002",heeneiteihinoo3i,4,,,,
"Bates.002",woow,5,,,,
"Bates.002","hitiiteen,",6,,,,
"Bates.002",he'ih'ootiino'.,7,,,,
"Bates.003",He'ne'ii'bisiitonei3i',1,,,,
"Bates.003",nuh'uuno,2,,,,
"Bates.003",nihii,3,,,,
"Bates.003",nonooneeheini3i.,4,,,,
"Bates.004",'oh,1,,,,
"Bates.004",ne'iini,2,,,,
"Bates.004",nosouP,3,,,,
"Bates.004",tih'ini,4,,,,
"Bates.004",boo'ei3i',5,,,,
"Bates.004",nuhu'.,6,,,,
"Bates.005",henee3neeniisiini,1,,,,
"Bates.005",booboo'ei3i'.,2,,,,
"Bates.006",neneeninoo,1,,,,
"Bates.006",noh,2,,,,
"Bates.006",hu'un,3,,,,
"Bates.006",wooneihi3i',4,,,,
"Bates.006",honoh'oho'.,5,,,,
"Bates.007",betebiP,1,,,,
"Bates.007",betebihoho',2,,,,
"Bates.007",he'ihcisiini,3,,,,
"Bates.007",3owoucitiino',4,,,,
"Bates.007",hiyeih'inoo.,5,,,,
"Bates.008",ne'P,1,,,,
"Bates.008",nih'iiteeteesenou'u,2,,,,
"Bates.008","hu'un,",3,,,,
"Bates.008","niisih'oo3i',",4,,,,
"Bates.008",nih'iiteeseyei3i'.,5,,,,
"Bates.009",nih'ii3ookuhoo3i'.,1,,,,
"Bates.010",Noh,1,,,,
"Bates.010",hi'in,2,,,,
"Bates.010",nebesiibehe',3,,,,
"Bates.010",nebesiibehe',4,,,,
"Bates.010",ne'cih'esooku'oot.,5,,,,
"Bates.011",cih'esoohowoot,1,,,,
"Bates.011",nuh'uuno,2,,,,
"Bates.011",nonooneeheini3i.,3,,,,
"Bates.012",“cihnee!”,1,,,,
"Bates.012",nih'ii3eihok,2,,,,
"Bates.012",nuh'uuno.,3,,,,
"Bates.013",“neenowo'!”,1,,,,
"Bates.014",“cihnee!,1,,,,
"Bates.015","bonoo3eti',”",1,,,,
"Bates.015",he'ih'ii3e'.,2,,,,
"Bates.016",hu'un,1,,,,
"Bates.016",hee3neeP,2,,,,
"Bates.016","“ne'cih'owootooku'oono',”",3,,,,
"Bates.016",my,4,,,,
"Bates.016",grandpa,5,,,,
"Bates.016",said.,6,,,,
"Bates.017",cihP,1,,,,
"Bates.017",hoowootP,2,,,,
"Bates.017",I,3,,,,
"Bates.017",enjoyed,4,,,,
"Bates.017",watching,5,,,,
"Bates.017",the,6,,,,
"Bates.017",battle.,7,,,,
"Bates.018",Kokoh'u3ecoo.,1,,,,
"Bates.019",And,1,,,,
"Bates.019",as,2,,,,
"Bates.019",they,3,,,,
"Bates.019",were,4,,,,
"Bates.019",moving,5,,,,
"Bates.019","along,",6,,,,
"Bates.019",you,7,,,,
"Bates.019",know,8,,,,
"Bates.019",that's,9,,,,
"Bates.019",where,10,,,,
"Bates.019",these,11,,,,
"Bates.019","cavalry,",12,,,,
"Bates.019",then,13,,,,
"Bates.019",this,14,,,,
"Bates.019",cavalry,15,,,,
"Bates.019",would,16,,,,
"Bates.019",chase,17,,,,
"Bates.019","them,",18,,,,
"Bates.019",nuh'uuno,19,,,,
"Bates.019",nooneehei3i',20,,,,
"Bates.019",they,21,,,,
"Bates.019",went,22,,,,
"Bates.019",up...,23,,,,
"Bates.020",hoh'eni',1,,,,
"Bates.020","hiisoo',",2,,,,
"Bates.020",hee3ebcowootee',3,,,,
"Bates.020",booo:,4,,,,
"Bates.020",nee'eetoo3i',5,,,,
"Bates.020",nuh'uuno,6,,,,
"Bates.020",nonooneehei3i'.,7,,,,
"Bates.021",'oh,1,,,,
"Bates.021",he'ihno'o3P,2,,,,
"Bates.021",nihii,3,,,,
"Bates.021",neeneh'ei3i',4,,,,
"Bates.021",hinit.,5,,,,
"Bates.022",nih'iiteesP,1,,,,
"Bates.022",teestokohu3i'.,2,,,,
"Bates.023",wo'ei3,1,,,,
"Bates.023",he'iitoxuni3i,2,,,,
"Bates.023",nuhu',3,,,,
"Bates.023","nono'eino,",4,,,,
"Bates.023",hi'in,5,,,,
"Bates.023",hihnoh'oooninoo;,6,,,,
"Bates.024",'oh,1,,,,
"Bates.024",ne'P,2,,,,
"Bates.024",he'P,3,,,,
"Bates.024",he3ebciistokohu3i'.,4,,,,
"Bates.025",Nihnoonoo'oohei3i',1,,,,
"Bates.025",hinit.,2,,,,
"Bates.026",'oh,1,,,,
"Bates.026",biibisisinenino.,2,,,,
"Bates.027",hiwo'ohoninoo,1,,,,
"Bates.027",hinit,2,,,,
"Bates.027",he3ebiini;,3,,,,
"Bates.027",wonneenei'oohobei3i'.,4,,,,
"Bates.028",he'ihbisisinenino,1,,,,
"Bates.028",nuhu',2,,,,
"Bates.028",hiwo'ohoninoo,3,,,,
"Bates.028",noh,4,,,,
"Bates.028",nuhu',5,,,,
"Bates.028",hiniinii3iyooninoo.,6,,,,
"Bates.029",noh,1,,,,
"Bates.029","nih'iiP,",2,,,,
"Bates.030",noh,1,,,,
"Bates.030",nih'iibisisinenino.,2,,,,
"Bates.031",ne'iini,1,,,,
"Bates.031",he'iitoxunoo3i,2,,,,
"Bates.031",toonhee3ebiisiini,3,,,,
"Bates.031",tokohu3i'.,4,,,,
"Bates.032",wo'ei3,1,,,,
"Bates.032",hi'in,2,,,,
"Bates.032","hinoh'oooninoo,",3,,,,
"Bates.032",'oh,4,,,,
"Bates.032",nihnoo'oohoo3i',5,,,,
"Bates.032",nih'ii3i',6,,,,
"Bates.032",hinit.,7,,,,
"Bates.033",'oh,1,,,,
"Bates.033",he'ne'iini,2,,,,
"Bates.033",bee3iini,3,,,,
"Bates.033",boo'ei3i'.,4,,,,
"Bates.034",Ne'cihce3ixohoo3i',1,,,,
"Bates.034",nuh'uuno,2,,,,
"Bates.034",hiniihei'ininoo,3,,,,
"Bates.034",wo'ei3,4,,,,
"Bates.034",hiniito'eininoo.,5,,,,
"Bates.035",'oh,1,,,,
"Bates.035",nuhu',2,,,,
"Bates.035","nih'oo3ou'u,",3,,,,
"Bates.035",noh,4,,,,
"Bates.035",ne'nih'iisnoonoo'ooheihi3i'.,5,,,,
"Bates.036",ne'nih'ii'niisih'iitou'u,1,,,,
"Bates.036",nuhu',2,,,,
"Bates.036",Bates.,3,,,,
"Bates.037",ne'ni'iitou'u,1,,,,
"Bates.037",Battlefield.,2,,,,
