ref,word,num,dep,label,dep2,label2
"Bug.001","Well,",1,,,,
"Bug.001",nuh'uuno,2,,,,
"Bug.001","hoo3itoo,",3,,,,
"Bug.001",hi'in,4,,,,
"Bug.001",teecxo',5,,,,
"Bug.001",tih'ini,6,,,,
"Bug.001","hentou'u',",7,,,,
"Bug.001",niine'eehek,8,,,,
"Bug.001",neh'eeno,9,,,,
"Bug.001","biisee,",10,,,,
"Bug.001",hini',11,,,,
"Bug.001","uhh,",12,,,,
"Bug.002",He'ih'ini,1,,,,
"Bug.002",wonotonou,2,,,,
"Bug.002",noh,3,,,,
"Bug.002",besiiseii.,4,,,,
"Bug.003",Noh,1,,,,
"Bug.003","he'ih'ini,",2,,,,
"Bug.003",he'ihtesii3eih.,3,,,,
"Bug.004",Teecxo',1,,,,
"Bug.004",he'ne'koxuuteniini,2,,,,
"Bug.005",he'ih'ii3e',1,,,,
"Bug.005",nuhu',2,,,,
"Bug.005",beeheeteihini3,3,,,,
"Bug.005",tohcihciineneit,4,,,,
"Bug.005",teesiihi',5,,,,
"Bug.005",nuhu',6,,,,
"Bug.005","biito'owuu',",7,,,,
"Bug.006",Hetnoonoyoohobetin.,1,,,,
"Bug.007",Heetniini,1,,,,
"Bug.007",wootii,2,,,,
"Bug.007",nii'ihoti,3,,,,
"Bug.007",niine'eeno',4,,,,
"Bug.007",hoo3oo'uu,5,,,,
"Bug.007",cese'eihiiho'.,6,,,,
"Bug.008",Noh,1,,,,
"Bug.008",wootii,2,,,,
"Bug.008",heetniini,3,,,,
"Bug.008",tesP,4,,,,
"Bug.008",tesneyeihe'inow,5,,,,
"Bug.008",nuhu',6,,,,
"Bug.008",heet3ooku3oo.,7,,,,
"Bug.009",nuhu',1,,,,
"Bug.009","heesinihii3e3en,",2,,,,
"Bug.009",nih'ii3eit,3,,,,
"Bug.009",beeheeteihini3.,4,,,,
"Bug.010",Noh,1,,,,
"Bug.010",he'ih'iini,2,,,,
"Bug.010",co'onceh'e3tii.,3,,,,
"Bug.011",He'ihceh'e3ihee,1,,,,
"Bug.011","neniteeno,",2,,,,
"Bug.011",wo'ei3,3,,,,
"Bug.011",hoo3oo'o'uu,4,,,,
"Bug.011",cese'eihiiho.,5,,,,
"Bug.012","He'ne'ini,",1,,,,
"Bug.012",he'ihP,2,,,,
"Bug.012",he'ih'iiP,3,,,,
"Bug.012",wootii,4,,,,
"Bug.012",noxowuneeteih.,5,,,,
"Bug.013","Hoowuuni'ooP,",1,,,,
"Bug.013","hoowuni'oo,",2,,,,
"Bug.013",niiyou,3,,,,
"Bug.013",tihbi'co'onceh'e3tiitooni'.,4,,,,
"Bug.014",He'eeneisi3ecoo.,1,,,,
"Bug.015",HiiniP,1,,,,
"Bug.015","cii3o'P,",2,,,,
"Bug.015",kookon,3,,,,
"Bug.015","woosooP,",4,,,,
"Bug.015",kookon,5,,,,
"Bug.015",noxowuneeteihinoo.,6,,,,
"Bug.016",Hoowu'unP,1,,,,
"Bug.016",hiihoowniistoono',2,,,,
"Bug.016",nuh'uuno.,3,,,,
"Bug.017","Heetneyeiboo3etiihou'u,",1,,,,
"Bug.017",niihok.,2,,,,
"Bug.018",He'ne'iini,1,,,,
"Bug.018",ceh'e3ihoot,2,,,,
"Bug.018",nuhu',3,,,,
"Bug.018",woxuu.,4,,,,
"Bug.019",He'ih'eenetino',1,,,,
"Bug.019",nuhu',2,,,,
"Bug.019",woxuu.,3,,,,
"Bug.020",KooP,1,,,,
"Bug.020",koohee'inonoo,2,,,,
"Bug.020",hinee,3,,,,
"Bug.020","huu3e',",4,,,,
"Bug.020",hinee,5,,,,
"Bug.020",nehe',6,,,,
"Bug.020",heebe3ii'eihii.,7,,,,
"Bug.021",Kookiyon,1,,,,
"Bug.021",niiP,2,,,,
"Bug.021","hiihow3o'kohtowutoo,",3,,,,
"Bug.021",he'ih'iino',4,,,,
"Bug.021",nuhu',5,,,,
"Bug.021",woxuu.,6,,,,
"Bug.022",he'ihceh'e3tii,1,,,,
"Bug.022","neh'eeno,",2,,,,
"Bug.022",nehe',3,,,,
"Bug.022",biisee.,4,,,,
"Bug.023",Noh,1,,,,
"Bug.023","he'ne'iini,",2,,,,
"Bug.023","nihii,",3,,,,
"Bug.023",3ebiyihoot,4,,,,
"Bug.023",huu3e'.,5,,,,
"Bug.024",he'ihnoohobee,1,,,,
"Bug.024",nuhu',2,,,,
"Bug.024",hooxeihino.,3,,,,
"Bug.025",He'ne'cihceh'e3tiit.,1,,,,
"Bug.026",Koohee'inonoo,1,,,,
"Bug.026",hinee,2,,,,
"Bug.026",woxuu.,3,,,,
"Bug.027",'oh,1,,,,
"Bug.027",hoowuni'eihino'.,2,,,,
"Bug.028",Niico'oniini,1,,,,
"Bug.028",niico'onbii3ihi3i'.,2,,,,
"Bug.029",Nenee3i',1,,,,
"Bug.029",wootii,2,,,,
"Bug.029",noonotoobei3i'.,3,,,,
"Bug.030","Bisiihi',",1,,,,
"Bug.030",totoos,2,,,,
"Bug.030",nuhu',3,,,,
"Bug.030","biibinootno,",4,,,,
"Bug.030",he'ih'iino',5,,,,
"Bug.030",nuhu',6,,,,
"Bug.030",woxuu.,7,,,,
"Bug.031",He'ne'iini,1,,,,
"Bug.031",ceh'e3tiit,2,,,,
"Bug.031","nehe',",3,,,,
"Bug.031",nehe',4,,,,
"Bug.031",biisee.,5,,,,
"Bug.032",He'ne'ce'iyihoot,1,,,,
"Bug.032",niine'eeno,2,,,,
"Bug.032",nuh'uuno,3,,,,
"Bug.032",woxuu.,4,,,,
"Bug.033","Hee,",1,,,,
"Bug.033",neito'eino',2,,,,
"Bug.033",nih'ii3oohok.,3,,,,
"Bug.034",hinee,1,,,,
"Bug.034",huu3e',2,,,,
"Bug.034","woxuu,",3,,,,
"Bug.034",niini,4,,,,
"Bug.034","beebee3ibeinee,",5,,,,
"Bug.034",he'ih'ii.,6,,,,
"Bug.035",nee3neeniini,1,,,,
"Bug.035",ciiniini'inihii3i',2,,,,
"Bug.035","nuhu',",3,,,,
"Bug.035",hee3beebee3P,4,,,,
"Bug.035",beebee3P,5,,,,
"Bug.035","beebee3ibeinee,",6,,,,
"Bug.035",niihok.,7,,,,
"Bug.036",He'ne'iini,1,,,,
"Bug.036",'oh,2,,,,
"Bug.036",heesnonee3i',3,,,,
"Bug.036",nuhu',4,,,,
"Bug.036",woxuu.,5,,,,
"Bug.037",He'nihcihwonkousohowoohu3i',1,,,,
"Bug.037",huutiino.,2,,,,
"Bug.038",Noh,1,,,,
"Bug.038",nuhu',2,,,,
"Bug.038",woxuu,3,,,,
"Bug.038","heetentooni3i,",4,,,,
"Bug.039",Niitobeeni',1,,,,
"Bug.039",tihco'oniini,2,,,,
"Bug.039",hi'eenetin,3,,,,
"Bug.039",neneeni'.,4,,,,
"Bug.040",Niinee'eeneesinihii3ei'een.,1,,,,
"Bug.041",Heibeexcihwonei'towuunibe.,1,,,,
"Bug.042",Heibeexcihwonei'towuun,1,,,,
"Bug.042",nuhu',2,,,,
"Bug.042","heeneisi3ecoon,",3,,,,
"Bug.043",Hu'uuhu',1,,,,
"Bug.043","neneeni',",2,,,,
"Bug.043",niihok,3,,,,
"Bug.043",hu'un,4,,,,
"Bug.043","woxuu,",5,,,,
"Bug.043",{hi}woxuu.,6,,,,
"Bug.044",He'ne'iini,1,,,,
"Bug.044",boo3etiihoot,2,,,,
"Bug.044",niine'eenino,3,,,,
"Bug.044",nuhu',4,,,,
"Bug.044",woxuu.,5,,,,
"Bug.045",He'ne'ce3okuseet.,1,,,,
"Bug.046",'oh,1,,,,
"Bug.046",he'ihnoohobee,2,,,,
"Bug.046","huu3e',",3,,,,
"Bug.046","nihii,",4,,,,
"Bug.046",nuh'uuno,5,,,,
"Bug.046",hooxei.,6,,,,
"Bug.047",He'ne'sehiyihoot.,1,,,,
"Bug.048","Hee,",1,,,,
"Bug.048","hooxei,",2,,,,
"Bug.048","neito'ei,",3,,,,
"Bug.048",hinee,4,,,,
"Bug.048",huu3e',5,,,,
"Bug.048",woxuu,6,,,,
"Bug.048",niibeebee3ibeinoni,7,,,,
"Bug.048","nih'iit,",8,,,,
"Bug.049",He'ih'ii3ee.,1,,,,
"Bug.050",he'ne'iini,1,,,,
"Bug.050",hesnoneet,2,,,,
"Bug.050",nehe',3,,,,
"Bug.050",hooxei.,4,,,,
"Bug.051","Yeheihoo,",1,,,,
"Bug.051",heetwoniini,2,,,,
"Bug.051","kousohowoohunoo,",3,,,,
"Bug.051",niihok.,4,,,,
"Bug.052",He'ne'coot.,1,,,,
"Bug.053",ci'heenei'nee'eesinihii3oot,1,,,,
"Bug.053",nuhu',2,,,,
"Bug.053",woxuu.,3,,,,
"Bug.054",Nee3neeniini,1,,,,
"Bug.054",niitobeenoo,2,,,,
"Bug.054",ni'iico'oneenetineehek,3,,,,
"Bug.055","neneeninoo,",1,,,,
"Bug.055",niihok.,2,,,,
"Bug.056","'oh,",1,,,,
"Bug.056","heih'ow3o'kohtowunihii3ee,",2,,,,
"Bug.056",nih'ii3eihok.,3,,,,
"Bug.057","Hee,",1,,,,
"Bug.057",hinee,2,,,,
"Bug.057",neneenit,3,,,,
"Bug.057","tohnihcihP,",4,,,,
"Bug.057",nehe',5,,,,
"Bug.057","siisiiyei,",6,,,,
"Bug.058",neneenit,1,,,,
"Bug.058",tohnih'eeP,2,,,,
"Bug.058","hee'inon[einee],",3,,,,
"Bug.058",ceh'e3iheinee.,4,,,,
"Bug.059",Hini',1,,,,
"Bug.059",niico'onnoko3tobeet.,2,,,,
"Bug.060",Noh,1,,,,
"Bug.060",he'ih'iin,2,,,,
"Bug.060",nehe',3,,,,
"Bug.060","{hi}woxuu,",4,,,,
"Bug.061",Hehniisnee'eesihe',1,,,,
"Bug.061",niine'eeno',2,,,,
"Bug.061",nuhu',3,,,,
"Bug.061","cese'eihiiho',",4,,,,
"Bug.061","he'ih'ii,",5,,,,
"Bug.062",'oh,1,,,,
"Bug.062",he'ne'bisboo3etiihoot.,2,,,,
"Bug.063","Oh,",1,,,,
"Bug.063",he'ihtesini'i3ecoo.,2,,,,
"Bug.064",Hoonoyoohobee,1,,,,
"Bug.064",niine'eenino.,2,,,,
"Bug.065",'oh,1,,,,
"Bug.065",nih'ini,2,,,,
"Bug.065",noohobeit,3,,,,
"Bug.065",nuhu',4,,,,
"Bug.065",beeheeteihini3.,5,,,,
"Bug.066","Hee,",1,,,,
"Bug.066",hoowuni'itoo,2,,,,
"Bug.066",neh'eeno,3,,,,
"Bug.066","nee'eeneestoot,",4,,,,
"Bug.066",he'ih'ii.,5,,,,
"Bug.067",He'ne'iini,1,,,,
"Bug.067",cih'oowuseet.,2,,,,
"Bug.068","HeetP,",1,,,,
"Bug.068",'oh,2,,,,
"Bug.068","Hoo'eisee',",3,,,,
"Bug.068",nih'ii3oohok,4,,,,
"Bug.068",nuhu',5,,,,
"Bug.068",cese'eihiiho.,6,,,,
"Bug.069",he'ne'oo'eisee3i'.,1,,,,
"Bug.070","He'ne'iini,",1,,,,
"Bug.070",hoowuni'oo,2,,,,
"Bug.070",niiyou,3,,,,
"Bug.070",boo3etiit.,4,,,,
"Bug.071",hee3neecehyo'oo3etinee.,1,,,,
"Bug.072","Hoowuni'oo,",1,,,,
"Bug.072",niihok,2,,,,
"Bug.072",hehnehe',3,,,,
"Bug.072",beeheeteihit.,4,,,,
"Bug.073",Hiihoowu'unbeebee3ibetiitoon.,1,,,,
"Bug.074",Konohxuu,1,,,,
"Bug.074",niineyeih'ini,2,,,,
"Bug.074",ni'oohobeit,3,,,,
"Bug.074","nenitee,",4,,,,
"Bug.074",nih'ii3oohok.,5,,,,
"Bug.075",He'ne'iini,1,,,,
"Bug.075","henei'tobee3i',",2,,,,
"Bug.076","niitobeen,",1,,,,
"Bug.076",hinee,2,,,,
"Bug.076",niicihbeebee3ibei'eet.,3,,,,
"Bug.077","oh,",1,,,,
"Bug.077",he'ihbisiini,2,,,,
"Bug.077",hei'tobeeno'.,3,,,,
"Bug.078",He'ne'eti3oot,1,,,,
"Bug.078",nehe',2,,,,
"Bug.078",beeheeteini3,3,,,,
"Bug.078",nuhu',4,,,,
"Bug.078",biiseen.,5,,,,
"Bug.079","Hee,",1,,,,
"Bug.079",neneenin,2,,,,
"Bug.079",honoohoo3oowubein.,3,,,,
"Bug.080",Hiiwoonhehe',1,,,,
"Bug.080",heetneihoowooh'uni,2,,,,
"Bug.080",nuhu',3,,,,
"Bug.080",wonotonou.,4,,,,
"Bug.081",Noh,1,,,,
"Bug.081",niiyou,2,,,,
"Bug.081","nuhu',",3,,,,
"Bug.081",nuhu',4,,,,
"Bug.081","biP,",5,,,,
"Bug.081",nuhu',6,,,,
"Bug.081",tih'ini,7,,,,
"Bug.081",wootii,8,,,,
"Bug.081","biseene'ino',",9,,,,
"Bug.081",woow,10,,,,
"Bug.081","heeyouP,",11,,,,
"Bug.082","heetneihoowoohnee'eesih[oono'],",1,,,,
"Bug.082","nih'ii3oohok,",2,,,,
"Bug.083",nih'ii3eihok,1,,,,
"Bug.083",nuhu',2,,,,
"Bug.083",beeheeteihini3,3,,,,
"Bug.083",nehe',4,,,,
"Bug.083",biisee.,5,,,,
"Bug.084",Totoos,1,,,,
"Bug.084","nuh'uuno,",2,,,,
"Bug.084","tihnoohoo3ein,",3,,,,
"Bug.084",ci'hoowuuni.,4,,,,
"Bug.085",Besiiseii,1,,,,
"Bug.085","heetneihoowoohnii3in,",2,,,,
"Bug.085",he'ih'ii3e'.,3,,,,
"Bug.086",Nee'eesP,1,,,,
"Bug.086",nee'eesiini,2,,,,
"Bug.086",wootii,3,,,,
"Bug.086",cihP,4,,,,
"Bug.086",cihbiine3en.,5,,,,
"Bug.087",niiyou,1,,,,
"Bug.087",hiit,2,,,,
"Bug.087",biine3en,3,,,,
"Bug.087",tih'etniini,4,,,,
"Bug.087",niiP,5,,,,
"Bug.087",niiP,6,,,,
"Bug.087",nii'ooP,7,,,,
"Bug.087",nii'oohowoti,8,,,,
"Bug.087",neniteeno'.,9,,,,
"Bug.088",'oh,1,,,,
"Bug.088","heih'oowunee'eestoo,",2,,,,
"Bug.088","nih'ii3oohok,",3,,,,
"Bug.088",beeheeteihini3,4,,,,
"Bug.088",nuhu',5,,,,
"Bug.088",biisee.,6,,,,
"Bug.089",He'ne'iini,1,,,,
"Bug.089",he'ih'ini,2,,,,
"Bug.089",cooh'uni,3,,,,
"Bug.089","besiisP,",4,,,,
"Bug.089",nuhu',5,,,,
"Bug.089",wonotonou.,6,,,,
"Bug.090",'oh,1,,,,
"Bug.090",nuhu',2,,,,
"Bug.090",besiiseii,3,,,,
"Bug.090",ci',4,,,,
"Bug.090",he'ih'iiyohoo3inoo'oonino.,5,,,,
"Bug.091",Noh,1,,,,
"Bug.091","hiiwoonhehe',",2,,,,
"Bug.091",nih'ii3eihok,3,,,,
"Bug.091","beeheeteihini3,",4,,,,
"Bug.092","Hi3oobe',",1,,,,
"Bug.092",hi3oobe',2,,,,
"Bug.092",heetniinee'eetoon.,3,,,,
"Bug.093","Honoosooti'i,",1,,,,
"Bug.093",heetniine'cihbisiseen.,2,,,,
"Bug.094",Beebeet,1,,,,
"Bug.094",heetnee'eehe'iyoo.,2,,,,
"Bug.095",Heetneihoowooh'uni,1,,,,
"Bug.095",koo'oeniinokusee,2,,,,
"Bug.095",hiit,3,,,,
"Bug.095",teesiihi'.,4,,,,
"Bug.096",Woow,1,,,,
"Bug.096","heetniini,",2,,,,
"Bug.096",wootii,3,,,,
"Bug.096",hinee,4,,,,
"Bug.096",heesbiine3en.,5,,,,
"Bug.097",nenee'eesiini,1,,,,
"Bug.097",wootii,2,,,,
"Bug.097",nuhu',3,,,,
"Bug.097","heeyouhuu,",4,,,,
"Bug.097",tohnee'eeneestoon.,5,,,,
"Bug.098",boo3etiihoti,1,,,,
"Bug.098",nuh'uuno,2,,,,
"Bug.098","cese'eihiiho',",3,,,,
"Bug.098",nih'ii3oohok.,4,,,,
"Bug.099",Noh,1,,,,
"Bug.099",beebeet,2,,,,
"Bug.099",nee'eesoo'.,3,,,,
"Bug.100",Hoowooh'uni,1,,,,
"Bug.100",wonotonou,2,,,,
"Bug.100",wo'ei3,3,,,,
"Bug.100","besiiseii,",4,,,,
"Bug.100",neh'eeno,5,,,,
"Bug.100",biisee.,6,,,,
"Bug.101",Woow.,1,,,,
