ref,word,num,dep,label,dep2,label2
"Dia2.001",A,1,,,,
"Dia2.001",Tootheihiitisee?,2,,,,
"Dia2.002",B,1,,,,
"Dia2.002",Nihwonineyei3einoo.,2,,,,
"Dia2.003",A,1,,,,
"Dia2.003",Kooheetni'yihoo,2,,,,
"Dia2.003",heetcebiiheti3i'?,3,,,,
"Dia2.004",B,1,,,,
"Dia2.004",Hestoo!,2,,,,
"Dia2.005",A,1,,,,
"Dia2.005",Tooteeni'ihoon,2,,,,
"Dia2.005",hiiscebiehtehkoni'?,3,,,,
"Dia2.006",B,1,,,,
"Dia2.006",Heetwonbii3ihino'.,2,,,,
"Dia2.007",A,1,,,,
"Dia2.007",Toot?,2,,,,
"Dia2.008",B,1,,,,
"Dia2.008",Bii3hiino'oowuu'.,2,,,,
