ref,word,num,dep,label,dep2,label2
"EnTr.001",hinee,1,,,,
"EnTr.001",hooxei'P,2,,,,
"EnTr.001","hoh'eni',",3,,,,
"EnTr.001",hinee//,4,,,,
"EnTr.001",heetoh'uni,5,,,,
"EnTr.001",tootonoxteeni'.//,6,,,,
"EnTr.002",nihnoohootowoo//,1,,,,
"EnTr.002",heeneisoo'//,2,,,,
"EnTr.002",hinono'eino',3,,,,
"EnTr.002",nih'iitiine'etii3i',4,,,,
"EnTr.002","teecxo',",5,,,,
"EnTr.002","3ebniihiihi',",6,,,,
"EnTr.002",hinee,7,,,,
"EnTr.002",3ebnoobe'einiihi',8,,,,
"EnTr.002",hinee,9,,,,
"EnTr.002",heenei'ouute'.//,10,,,,
"EnTr.003",wohei,1,,,,
"EnTr.003",hi'in,2,,,,
"EnTr.003",nih'iitootii3i',3,,,,
"EnTr.003",hinono'eino'.,4,,,,
"EnTr.004",nee'eeneeP,1,,,,
"EnTr.004",heesiini,2,,,,
"EnTr.004",hoowunoo'oo',3,,,,
"EnTr.004",koh'owu';,4,,,,
"EnTr.005",hii3iihi',1,,,,
"EnTr.005",teesi'.//,2,,,,
"EnTr.006",noh,1,,,,
"EnTr.006",nehe'eetootii3i'.//,2,,,,
"EnTr.007",wonoo3ei'i,1,,,,
"EnTr.007","koh'owuu,",2,,,,
"EnTr.007",'oh,3,,,,
"EnTr.007",noh,4,,,,
"EnTr.007",nuh'uuno,5,,,,
"EnTr.007",beneexo'eini,6,,,,
"EnTr.007",hii'ootee'.,7,,,,
"EnTr.008",ni'iiP,1,,,,
"EnTr.008",heetniicih'oo3iteenoo.//,2,,,,
"EnTr.009",he'ih'ini,1,,,,
"EnTr.009",niiino'.//,2,,,,
"EnTr.010",heenoo,1,,,,
"EnTr.010",hinee,2,,,,
"EnTr.010",hoh'eni',3,,,,
"EnTr.010","ne'nih'iiteenentoo3i',",4,,,,
"EnTr.010",toh'uniP,5,,,,
"EnTr.010",hiitoh'uni//,6,,,,
"EnTr.010",hoowuuhu',7,,,,
"EnTr.010",hi3o'obee',8,,,,
"EnTr.010",nuhu',9,,,,
"EnTr.010","hoh'eni',",10,,,,
"EnTr.010",hoh'eni',11,,,,
"EnTr.010","too3iihi',",12,,,,
"EnTr.010",hi'P,13,,,,
"EnTr.010",nihP,14,,,,
"EnTr.010",heeti3eti'i,15,,,,
"EnTr.010","necii,//",16,,,,
"EnTr.010",wo'ei3,17,,,,
"EnTr.010",toh'uunoo'ei3i'.//,18,,,,
"EnTr.011",hi'in,1,,,,
"EnTr.011",nenee',2,,,,
"EnTr.011",heenei'isiihi',3,,,,
"EnTr.011",hitonih'inoo,4,,,,
"EnTr.011",hiitootoukutoo3i'.,5,,,,
"EnTr.012",hinee,1,,,,
"EnTr.012",niinii3oxoenoo3i',2,,,,
"EnTr.012",hi'iihi'//,3,,,,
"EnTr.012",hisee3iini.//,4,,,,
"EnTr.013",wohei,1,,,,
"EnTr.013",noh,2,,,,
"EnTr.013",nehe',3,,,,
"EnTr.013",nuhu',4,,,,
"EnTr.013",nih'iitootii3i'.,5,,,,
"EnTr.014",neeyei3oonootee',1,,,,
"EnTr.014",nuhu'.//,2,,,,
"EnTr.015",wohei,1,,,,
"EnTr.015",noh,2,,,,
"EnTr.015",hiiwo',3,,,,
"EnTr.015","he'iisiini,",4,,,,
"EnTr.015",hiiwo',5,,,,
"EnTr.015",he'iisiini,6,,,,
"EnTr.015",hi'in,7,,,,
"EnTr.015","nuhu',",8,,,,
"EnTr.015",heenoo,9,,,,
"EnTr.015",nuhu',10,,,,
"EnTr.015",woxhooxebii,11,,,,
"EnTr.015",noh,12,,,,
"EnTr.015",hoononiheihi3i',13,,,,
"EnTr.015",hiiP.,14,,,,
"EnTr.016",toukutooxebei3i',1,,,,
"EnTr.016",hoo3oo'o'.,2,,,,
"EnTr.017",wohei,1,,,,
"EnTr.017",hoo3oo'o',2,,,,
"EnTr.017",nih'oonoyoohowoo3i'.,3,,,,
"EnTr.018",wohei,1,,,,
"EnTr.018",beebei'on,2,,,,
"EnTr.018",no'o',3,,,,
"EnTr.018",nihcih'oonoyoohoo3ei3i'.,4,,,,
"EnTr.019","heet3ii3i'e'eiite',",1,,,,
"EnTr.019",wo'ei3,2,,,,
"EnTr.019",wo'ei3,3,,,,
"EnTr.019","hiisoho',",4,,,,
"EnTr.019",hooxobeihe',5,,,,
"EnTr.019",hoh'eni',6,,,,
"EnTr.019",nihcih'oonoyoohoo3ei3i'.//,7,,,,
"EnTr.020",wohei,1,,,,
"EnTr.020","ne'P,",2,,,,
"EnTr.020",niiyou,3,,,,
"EnTr.020",nehe',4,,,,
"EnTr.020",heetootii3i',5,,,,
"EnTr.020",nihii,6,,,,
"EnTr.020",...,7,,,,
"EnTr.021",//,1,,,,
"EnTr.021",behneeyei3ootii[no'],2,,,,
"EnTr.021",hoowkohtobee:,3,,,,
"EnTr.022",nih'iine'etii3i'.,1,,,,
"EnTr.023",'oh,1,,,,
"EnTr.023",huuwo',2,,,,
"EnTr.023",he'iisiini,3,,,,
"EnTr.023","he'iitisee3i,",4,,,,
"EnTr.023",he'ii3inoo'oo3i,5,,,,
"EnTr.023",nehe',6,,,,
"EnTr.023",nee'eeteih,7,,,,
"EnTr.023",coo3o'.,8,,,,
"EnTr.024","nee'eesih'o',",1,,,,
"EnTr.024",coo3o'.,2,,,,
"EnTr.025",wohei,1,,,,
"EnTr.025",koxuuneniteeno',2,,,,
"EnTr.025",�'',3,,,,
"EnTr.025",he'ihwo'teeneih,4,,,,
"EnTr.025",wo'ei3,5,,,,
"EnTr.025",he'cooh'oukutoo3i',6,,,,
"EnTr.025",wo'ei3,7,,,,
"EnTr.025",he'ino',8,,,,
"EnTr.025",hoo3oo'o',9,,,,
"EnTr.025",heeneiteihinoo3i,10,,,,
"EnTr.025",�'',11,,,,
"EnTr.025",he'ih'entoo[no'],12,,,,
"EnTr.025",hii3e'.,13,,,,
"EnTr.026",he'ih'iiyoo3iini,1,,,,
"EnTr.026",hiibineeno'usee.,2,,,,
"EnTr.027",hootnoo3oot,1,,,,
"EnTr.027",niine'ee[ni]no,2,,,,
"EnTr.027",nuhu',3,,,,
"EnTr.027",woxhooxebii.,4,,,,
"EnTr.028",hootnoo3oot,1,,,,
"EnTr.028",teiitooniihi'.,2,,,,
"EnTr.029",heenoo,1,,,,
"EnTr.029",ne'nih'iicih'iisiine'etiit,2,,,,
"EnTr.029",3owo3nenitee.,3,,,,
"EnTr.030",hih'oowuuwoteisee.,1,,,,
"EnTr.031","neestouhut,",1,,,,
"EnTr.031",wo'ei3,2,,,,
"EnTr.031",...,3,,,,
"EnTr.032",wohei,1,,,,
"EnTr.032",ne'oonoyoohowoot,2,,,,
"EnTr.032",niine'eenino,3,,,,
"EnTr.032",nuhu',4,,,,
"EnTr.032",toh'eeneiso'oei3i':,5,,,,
"EnTr.033",nookuho,1,,,,
"EnTr.033",wo'ei3,2,,,,
"EnTr.033","nii'ehiiho,",3,,,,
"EnTr.033",nii'ehiiho,4,,,,
"EnTr.033",heeneiso'onoo3i',5,,,,
"EnTr.033",3ebiihi'.,6,,,,
"EnTr.034",hee'inoneihi3i';,1,,,,
"EnTr.035",hee'inoneihiinoo',1,,,,
"EnTr.035",toh'unentoohu'.,2,,,,
"EnTr.036",wohei,1,,,,
"EnTr.036",neneenini':,2,,,,
"EnTr.037",he'ih'oonoyoohoot.//,1,,,,
"EnTr.038",wohei,1,,,,
"EnTr.038","nei'oohooto',",2,,,,
"EnTr.038",wohei,3,,,,
"EnTr.038",beni'P,4,,,,
"EnTr.038",koxo'uuhu',5,,,,
"EnTr.038",hiiyoo3iihi',6,,,,
"EnTr.038",teiitooniihi'.,7,,,,
"EnTr.039",wohei,1,,,,
"EnTr.039",noxowuuhu',2,,,,
"EnTr.039",no'oxuuhet,3,,,,
"EnTr.039",nuhu',4,,,,
"EnTr.039",heetoukuhuni3i,5,,,,
"EnTr.039",woxhooxebii.,6,,,,
"EnTr.040",kookoh'ouhoot,1,,,,
"EnTr.040","toonhetonounooon,",2,,,,
"EnTr.040",toonhiibeetoh'uni//,3,,,,
"EnTr.040",heetneebiite'P,4,,,,
"EnTr.040",hebiitooxobeit.,5,,,,
"EnTr.041",heetnebiitooxebeit,1,,,,
"EnTr.041",nuhu'.,2,,,,
"EnTr.042",hoowuciisiihi',1,,,,
"EnTr.042",hinee,2,,,,
"EnTr.042",heetn[e']ehkoxtootee',3,,,,
"EnTr.042",hinee,4,,,,
"EnTr.042",hoh'eni'.,5,,,,
"EnTr.043",hee3ebno'ouute',1,,,,
"EnTr.043","hiisoho',",2,,,,
"EnTr.043",ceese',3,,,,
"EnTr.043",koh'owu',4,,,,
"EnTr.043",cenih'oowunoo'oo',5,,,,
"EnTr.043",noh,6,,,,
"EnTr.043","hu'un,",7,,,,
"EnTr.043",ne'koxootee',8,,,,
"EnTr.043",hinit.,9,,,,
"EnTr.044",wohei,1,,,,
"EnTr.044",ceese',2,,,,
"EnTr.044",hiisoho',3,,,,
"EnTr.044",hee3ebkoxtouute'.//,4,,,,
"EnTr.045",wohei,1,,,,
"EnTr.045",nenee':,2,,,,
"EnTr.045",wohei,3,,,,
"EnTr.045",ne'nih'iitP;,4,,,,
"EnTr.045",toonhe'iicisee3i;,5,,,,
"EnTr.046","toonhe'iiteihi3i,",1,,,,
"EnTr.046","coo3o',",2,,,,
"EnTr.046",nehe',3,,,,
"EnTr.046","nih'iibi'nee'eesih'eiht,",4,,,,
"EnTr.046",coo3o'.//,5,,,,
"EnTr.047",wohei.//,1,,,,
"EnTr.048",wohei,1,,,,
"EnTr.048",ceniibiikoo;,2,,,,
"EnTr.049","hini'iit,",1,,,,
"EnTr.049",nehe',2,,,,
"EnTr.049",niine'eehek,3,,,,
"EnTr.049",nehe',4,,,,
"EnTr.049","hiisiis,",5,,,,
"EnTr.049",biikouniisiis:,6,,,,
"EnTr.050",hoowuuni.,1,,,,
"EnTr.051",hee3neebih'iyoo'.,1,,,,
"EnTr.052",hoowuuni.,1,,,,
"EnTr.053",henee3neebih'iyoo'.//,1,,,,
"EnTr.054",wohei//,1,,,,
"EnTr.054",bebiisneenou'ut.,2,,,,
"EnTr.055",neenehyohoniihi',1,,,,
"EnTr.055",neenehyohoniihi',2,,,,
"EnTr.055",teebe,3,,,,
"EnTr.055","woxhooxebii,",4,,,,
"EnTr.055",wootii,5,,,,
"EnTr.055",hini',6,,,,
"EnTr.055","hei'noo3iitooneit,",7,,,,
"EnTr.055",hi'in,8,,,,
"EnTr.055",hei'noo3iitooneit,9,,,,
"EnTr.055","woxhooxebii,//",10,,,,
"EnTr.055",hi'in,11,,,,
"EnTr.055",hei'wootii,12,,,,
"EnTr.055",he'inowuni3i,13,,,,
"EnTr.055",toh'uni,14,,,,
"EnTr.055",...,15,,,,
"EnTr.056","hei'noo3inoo'oot,",1,,,,
"EnTr.056",hei'[ii]noo3inoo'ooni3i,2,,,,
"EnTr.056",toh'uni,3,,,,
"EnTr.056","toh'entoot,",4,,,,
"EnTr.056",tohuuhiinentoohuu3tonoot.,5,,,,
"EnTr.057",hiinentoohuu3tonoot,1,,,,
"EnTr.057",niine'eeno,2,,,,
"EnTr.057",nuhu',3,,,,
"EnTr.057",woxhooxebii.//,4,,,,
"EnTr.058",wohei,1,,,,
"EnTr.058",niiyou//,2,,,,
"EnTr.058",neeyei3oonootee'.,3,,,,
"EnTr.059",heenoo//,1,,,,
"EnTr.059",neeyei3oo',2,,,,
"EnTr.059",nono'eino'.,3,,,,
"EnTr.060",wohei//,1,,,,
"EnTr.060",ne'teeteceeneeto',2,,,,
"EnTr.060",heenei'iini,3,,,,
"EnTr.060",heenei'oxoo',4,,,,
"EnTr.060",hu'un,5,,,,
"EnTr.060",niine'eeno',6,,,,
"EnTr.060",nuhu',7,,,,
"EnTr.060",ho3o'uu.,8,,,,
"EnTr.061",tih'iiteceeneeto',1,,,,
"EnTr.061",hi'iihi'.,2,,,,
"EnTr.062","hoowuute'iyoon,",1,,,,
"EnTr.062",beebeet,2,,,,
"EnTr.062",nuhu',3,,,,
"EnTr.062",ho3o'uu.,4,,,,
"EnTr.063",beebeet,1,,,,
"EnTr.063",ne'nih'iishe'ino',2,,,,
"EnTr.063",heetiiP,3,,,,
"EnTr.063",heenei'oxou'u.,4,,,,
"EnTr.064",ne'nih'iiseene'ino',1,,,,
"EnTr.064",3owo3nenitee,2,,,,
"EnTr.064",nono'eino':,3,,,,
"EnTr.065",hiihoowuute'iyoon.//,1,,,,
"EnTr.066",wohei//,1,,,,
"EnTr.066",hi'in,2,,,,
"EnTr.066",hei'noxowunoo3iitoneit,3,,,,
"EnTr.066",nuhu',4,,,,
"EnTr.066","woxhooxebii,",5,,,,
"EnTr.066",he'ne'iini,6,,,,
"EnTr.066",he'ino'.,7,,,,
"EnTr.067",wohei,1,,,,
"EnTr.067",ne'koxo'uuni,2,,,,
"EnTr.067","heeneite'einooxobeit,",3,,,,
"EnTr.067","bebiisiihi',",4,,,,
"EnTr.067",koxo'uuhu'.//,5,,,,
"EnTr.068",wohei,1,,,,
"EnTr.068",ne'iini,2,,,,
"EnTr.068","noo'eici3oot,//",3,,,,
"EnTr.068",hinee,4,,,,
"EnTr.068",heetniini,5,,,,
"EnTr.068",cebe'eici3ei'it:,6,,,,
"EnTr.069","bee3ebeexyoo3iihi',",1,,,,
"EnTr.069",3ebnoobe'einiihi';,2,,,,
"EnTr.070","hiisoho',",1,,,,
"EnTr.070",3ebiisiihi',2,,,,
"EnTr.070",niicibe',3,,,,
"EnTr.070",nehe',4,,,,
"EnTr.070","neeyei3oonee',",5,,,,
"EnTr.070",niicibe',6,,,,
"EnTr.070",3ebiihi'.//,7,,,,
"EnTr.071",koxo'uuhu',1,,,,
"EnTr.071",hi'in,2,,,,
"EnTr.071",nih'iiP//,3,,,,
"EnTr.071",neestouhut,4,,,,
"EnTr.071",hi'in,5,,,,
"EnTr.071",tih'iitootowo'oni'i,6,,,,
"EnTr.071",bexo,7,,,,
"EnTr.071",wo'ei3,8,,,,
"EnTr.071","heenei'isiihi',",9,,,,
"EnTr.071",woxhooxebii,10,,,,
"EnTr.071",...,11,,,,
"EnTr.072",//,1,,,,
"EnTr.072",wo'ei3,2,,,,
"EnTr.072",hi'in,3,,,,
"EnTr.072",woxhooxebii,4,,,,
"EnTr.072",teenei3ibeti3i'.,5,,,,
"EnTr.073","niiniitouuhu3i,",1,,,,
"EnTr.073",hoowuuni,2,,,,
"EnTr.073","bebiisiihi',",3,,,,
"EnTr.073",hoowuuni.//,4,,,,
"EnTr.074","hi'in,",1,,,,
"EnTr.074",hei'beexP,2,,,,
"EnTr.074",beexehceniiniini,3,,,,
"EnTr.074","cebe'eici3ei'it,",4,,,,
"EnTr.074",hi'in,5,,,,
"EnTr.074",hee3ebcebe'eici3ei'it,6,,,,
"EnTr.074",neniiniihi'.,7,,,,
"EnTr.075",'oh,1,,,,
"EnTr.075",ne'teesihcehit,2,,,,
"EnTr.075",hiteexokuuton.,3,,,,
"EnTr.076",ceexoon,1,,,,
"EnTr.076",3ebnoh'oe'eici3oot.,2,,,,
"EnTr.077",hi'in,1,,,,
"EnTr.077",hoo3oo'o',2,,,,
"EnTr.077",heeneiite'.,3,,,,
"EnTr.078","heetnebe'eici3oot,",1,,,,
"EnTr.078",heeneibiihi'.,2,,,,
"EnTr.079",ne'seseisinohuuheit,1,,,,
"EnTr.079",3ebiihi'.,2,,,,
"EnTr.080",heihii,1,,,,
"EnTr.080","ne'ehnihi'neeP,",2,,,,
"EnTr.080",beexnihi'neeniini,3,,,,
"EnTr.080",3ebeexnoobe'einiihi',4,,,,
"EnTr.080",niihiihi',5,,,,
"EnTr.080","hoh'eni',",6,,,,
"EnTr.080",(hi'in,7,,,,
"EnTr.080",niitnihiinoo,8,,,,
"EnTr.080","heetohtootonoxteeni',",9,,,,
"EnTr.080",tonootonoti',10,,,,
"EnTr.080",nuhu',11,,,,
"EnTr.080",biitobei'.),12,,,,
"EnTr.081",noh,1,,,,
"EnTr.081",hoh'eni',2,,,,
"EnTr.081",nihnoohootowoo;//,3,,,,
"EnTr.082",heentou'u'u.,1,,,,
"EnTr.083",wohei,1,,,,
"EnTr.083",ne'nih'ii'P//,2,,,,
"EnTr.083",howoo,3,,,,
"EnTr.083",nono'eino',4,,,,
"EnTr.083",hinee,5,,,,
"EnTr.083","nihnoohootou'u,",6,,,,
"EnTr.083",hinee,7,,,,
"EnTr.083",niitheseise',8,,,,
"EnTr.083","heseise',",9,,,,
"EnTr.084",hini',1,,,,
"EnTr.084",heetP.//,2,,,,
"EnTr.085",wohei,1,,,,
"EnTr.085",nee'eesoo'.//,2,,,,
"EnTr.086",wohei,1,,,,
"EnTr.086",kookon,2,,,,
"EnTr.086","hei'eeneeto',",3,,,,
"EnTr.086","hei'eeneeto',",4,,,,
"EnTr.087",ne'P,1,,,,
"EnTr.087",ne'ce'iini,2,,,,
"EnTr.087","beexkoxo'uuhu',",3,,,,
"EnTr.087",teiitooniihi',4,,,,
"EnTr.087",he'ne'P,5,,,,
"EnTr.088",heebehceh'e3tiino'.,1,,,,
"EnTr.089",heebehcihniitone'.,1,,,,
"EnTr.090",ne'bi'cebiikoheit.//,1,,,,
"EnTr.091",wohei,1,,,,
"EnTr.091",ne'teii'iikoheit.,2,,,,
"EnTr.092",heihii,1,,,,
"EnTr.092",ciinoo'oniciisiihi',2,,,,
"EnTr.092",woow.,3,,,,
"EnTr.093",ciinoo'oniciisiihi'.,1,,,,
"EnTr.094",wohei,1,,,,
"EnTr.094","hinee,",2,,,,
"EnTr.094",hinee,3,,,,
"EnTr.094","heetneeyei3oonootee',",4,,,,
"EnTr.094",hini',5,,,,
"EnTr.094",hinenno',6,,,,
"EnTr.094",nih'o3i'eebeihi3i',7,,,,
"EnTr.094",heetnoonoyoohootou'u,8,,,,
"EnTr.094",he'ihcihnehyoniheeno'.,9,,,,
"EnTr.095",heenee'eeniihi',1,,,,
"EnTr.095",he'ih'iinehyoniheeno',2,,,,
"EnTr.095",nuhu',3,,,,
"EnTr.095",woxhooxebii,4,,,,
"EnTr.095",tohtoukuhu3i'.,5,,,,
"EnTr.096",wohei,1,,,,
"EnTr.096",he'ihnoohootowuu.,2,,,,
"EnTr.097",wohei,1,,,,
"EnTr.097",ceeceitoukuhu3i',2,,,,
"EnTr.097",hi'in,3,,,,
"EnTr.097",hoo3oo'o',4,,,,
"EnTr.097",woxhooxebii.,5,,,,
"EnTr.098",hoowuu[ni]:,1,,,,
"EnTr.099",yeh.,1,,,,
"EnTr.100",ne'noonottoneti3i':,1,,,,
"EnTr.101",'oh,1,,,,
"EnTr.101",“keihciinoohoo3ei?,2,,,,
"EnTr.102",keihciinoohoo[3ei]?”,1,,,,
"EnTr.103",“hoowuuni:,1,,,,
"EnTr.104",heebiitooxuwubeeno',1,,,,
"EnTr.104",woxhooxebii.”,2,,,,
"EnTr.105",wohei//,1,,,,
"EnTr.105",heenoo,2,,,,
"EnTr.105",hiisoho'uusiihi':,3,,,,
"EnTr.106",heenoo,1,,,,
"EnTr.106",yihootiin[i'],2,,,,
"EnTr.106",hinee,3,,,,
"EnTr.106","neeceeniiinone',",4,,,,
"EnTr.106",hinee,5,,,,
"EnTr.106",beh'eihoho';,6,,,,
"EnTr.107",beh'eihoho',1,,,,
"EnTr.107",nih'iitoh'entoo3i'.,2,,,,
"EnTr.108",ne'nih'iisoo',1,,,,
"EnTr.108",nuhu',2,,,,
"EnTr.108",nono'einiini:,3,,,,
"EnTr.109",heentoo3i'.,1,,,,
"EnTr.110",ne'niito',1,,,,
"EnTr.110",nih'iinottoneihi3i',2,,,,
"EnTr.110",woxu'uu,3,,,,
"EnTr.110",heetou'u['u].,4,,,,
"EnTr.111",wohei,1,,,,
"EnTr.111",ne'cihwoniini,2,,,,
"EnTr.111",noteii3iheihi3i',3,,,,
"EnTr.111",niine'eeno',4,,,,
"EnTr.111",nuhu',5,,,,
"EnTr.111",beh'eihoho'.,6,,,,
"EnTr.112",“hotousiini?”,1,,,,
"EnTr.112",noottoneihi3i',2,,,,
"EnTr.112",niine'ee[ni]no,3,,,,
"EnTr.112",nuh'uuno,4,,,,
"EnTr.112",beh'eihoho.,5,,,,
"EnTr.113",“hotousiihi'”,1,,,,
"EnTr.114",“woow,1,,,,
"EnTr.114",he'ihP,2,,,,
"EnTr.114","hebiitowo'o,",3,,,,
"EnTr.114",heebiitebeihino',4,,,,
"EnTr.114",woxhooxebii.,5,,,,
"EnTr.115",heebiitooxebeit,1,,,,
"EnTr.115",he'iiteihi3i,2,,,,
"EnTr.115",coo3o'.”,3,,,,
"EnTr.116",wohei.,1,,,,
"EnTr.117",wohei,1,,,,
"EnTr.117",niine'eehek,2,,,,
"EnTr.117",nuhu',3,,,,
"EnTr.117",ceese',4,,,,
"EnTr.117",nehe',5,,,,
"EnTr.117",beh'eihehi'.,6,,,,
"EnTr.118",“cihceesihe'!;,1,,,,
"EnTr.119",“cihceesihe',1,,,,
"EnTr.119",toonnonookeihit,2,,,,
"EnTr.119","woxhoox,",3,,,,
"EnTr.119",toonnonookeihit,4,,,,
"EnTr.119",woxhoox.”,5,,,,
"EnTr.120",wohei,1,,,,
"EnTr.120",ne'notiiheihit,2,,,,
"EnTr.120",woxhoox,3,,,,
"EnTr.120",nonookeihit.//,4,,,,
"EnTr.121",3ebno'oe'eicitoneihit,1,,,,
"EnTr.121","nehe',",2,,,,
"EnTr.121",nehe',3,,,,
"EnTr.121",beh'eihehi'.,4,,,,
"EnTr.122",wohei,1,,,,
"EnTr.122",ne'iini,2,,,,
"EnTr.122","niiniisihoot,",3,,,,
"EnTr.122",niiniisihoot,4,,,,
"EnTr.122",nuhu',5,,,,
"EnTr.122",woxhooxebii.,6,,,,
"EnTr.123",heenoo,1,,,,
"EnTr.123",nehe'nih'iistoot,2,,,,
"EnTr.123",nono'ei.,3,,,,
"EnTr.124",nih'iiceceeco'ohu'u;,1,,,,
"EnTr.125",nee'eeneestoo3i'.,1,,,,
"EnTr.126",kookon,1,,,,
"EnTr.126","hiihoowuuni,",2,,,,
"EnTr.126",kookon,3,,,,
"EnTr.126",hiihoowuuni,4,,,,
"EnTr.126",neyei3itoo.,5,,,,
"EnTr.127",heenoo,1,,,,
"EnTr.127",ne'nih'iistoo3i',2,,,,
"EnTr.127",hetniini,3,,,,
"EnTr.127",...,4,,,,
"EnTr.128",hetnii3oobei3i'.,1,,,,
"EnTr.129",nih'iiceceeco'ohut,1,,,,
"EnTr.129",niine'eehek,2,,,,
"EnTr.129",nehe',3,,,,
"EnTr.129",woxhoox,4,,,,
"EnTr.129","heetonouneihit,",5,,,,
"EnTr.129",heet3ookuhoot,6,,,,
"EnTr.129",nuhu',7,,,,
"EnTr.129",heebiitooxebeini3.,8,,,,
"EnTr.130",nuhu',1,,,,
"EnTr.130",heebiitooxebeit,2,,,,
"EnTr.130",heetnotiiheihit.,3,,,,
"EnTr.131",wohei,1,,,,
"EnTr.131",nee'eeneehek,2,,,,
"EnTr.131",woxhoox.,3,,,,
"EnTr.132",he'ne'no'uxoheihit,1,,,,
"EnTr.132",niiyou,2,,,,
"EnTr.132",nuhu',3,,,,
"EnTr.132","beh'eihoho',",4,,,,
"EnTr.132",nuhu',5,,,,
"EnTr.132",hee3e'eitee',6,,,,
"EnTr.132",heeP,7,,,,
"EnTr.132",niiyou,8,,,,
"EnTr.132",nuhu',9,,,,
"EnTr.132","neeceeniiinon,",10,,,,
"EnTr.132",nuhu',11,,,,
"EnTr.132",beh'eihehi',12,,,,
"EnTr.132",heetoot.,13,,,,
"EnTr.133",wohei,1,,,,
"EnTr.133",ne'cihcooh'oeet;,2,,,,
"EnTr.134",niiniisihoot.,1,,,,
"EnTr.135",he'ihceceec[o'oh]eih.,1,,,,
"EnTr.136",wohei,1,,,,
"EnTr.136",hiit,2,,,,
"EnTr.136",behiihi',3,,,,
"EnTr.136",tootouku3oot,4,,,,
"EnTr.136",biiino:,5,,,,
"EnTr.137","hinii3e'eenin,",1,,,,
"EnTr.137",wohei,2,,,,
"EnTr.137","behiihi',",3,,,,
"EnTr.137","besiiseii,",4,,,,
"EnTr.137",oh,5,,,,
"EnTr.137",wohei//,6,,,,
"EnTr.137","hi'ooto,",7,,,,
"EnTr.137",bisiihi'.,8,,,,
"EnTr.138",wohei,1,,,,
"EnTr.138",nehe',2,,,,
"EnTr.138",beh'eihehi',3,,,,
"EnTr.138","ne'niixoo,",4,,,,
"EnTr.138",ne'niiniisiheiht.,5,,,,
"EnTr.139",ceceeco'oheihit.,1,,,,
"EnTr.140",niiniiP,1,,,,
"EnTr.140",bee3heiht,2,,,,
"EnTr.140",heenei'isiihi'.,3,,,,
"EnTr.141",beh'eihoho',1,,,,
"EnTr.141",ne'nih'iistoo3i';,2,,,,
"EnTr.142",cooh'owuuneihit.,1,,,,
"EnTr.143",he'ihcooh'owuuneih.,1,,,,
"EnTr.144",heebehP,1,,,,
"EnTr.144",hoowuuhu',2,,,,
"EnTr.144",hini',3,,,,
"EnTr.144","be'3einiini,",4,,,,
"EnTr.144",hi'in,5,,,,
"EnTr.144",hebesiiniihi',6,,,,
"EnTr.145",hi'in,1,,,,
"EnTr.145",heenoo,2,,,,
"EnTr.145","hiitonounooninoo,",3,,,,
"EnTr.145",hi'in,4,,,,
"EnTr.145",ceeh'eeno,5,,,,
"EnTr.145",notonoheiniini;,6,,,,
"EnTr.146",nenee'.,1,,,,
"EnTr.147",wohei,1,,,,
"EnTr.147",ne'nih'iisiini:,2,,,,
"EnTr.148",beebebiisP,1,,,,
"EnTr.148",woow,2,,,,
"EnTr.148",beebebii3eneihit.,3,,,,
"EnTr.149",heet3ookuhoot;,1,,,,
"EnTr.150",heetne'nowuhoot.//,1,,,,
"EnTr.151",wohei,1,,,,
"EnTr.151",hini',2,,,,
"EnTr.151","hei'iise'enou'ut,",3,,,,
"EnTr.151",hi'in,4,,,,
"EnTr.151","hei'iise'enou'ut,",5,,,,
"EnTr.152",'oh,1,,,,
"EnTr.152",ne'noooxnootiini':,2,,,,
"EnTr.153",“niiniicibisee'!,1,,,,
"EnTr.154",ceebeh3ebwoteesee'!”,1,,,,
"EnTr.155",“niine'eh'entoonee,1,,,,
"EnTr.155",heyeih'inoo.”,2,,,,
"EnTr.156",niine'eehek,1,,,,
"EnTr.156",nehe',2,,,,
"EnTr.156",beh'eihehi'.,3,,,,
"EnTr.157",wohei,1,,,,
"EnTr.157",hoo3oo'o',2,,,,
"EnTr.157",noh:,3,,,,
"EnTr.158",“heniihoho'neihinee,1,,,,
"EnTr.158","honoh'oho',",2,,,,
"EnTr.158",teeteesisee'.,3,,,,
"EnTr.159",heetniihobeinee.,1,,,,
"EnTr.160",hoowu'unP,1,,,,
"EnTr.160",hiihoho'neihi3i',2,,,,
"EnTr.160",honoho'oho',3,,,,
"EnTr.160",heetniihobeinee.,4,,,,
"EnTr.161",heet3ookuhoono',1,,,,
"EnTr.161",niine'eehek,2,,,,
"EnTr.161",nehe',3,,,,
"EnTr.161","coo3o',",4,,,,
"EnTr.161",heebiitooxebeit.”,5,,,,
"EnTr.162",teesibih'iyoo'.,1,,,,
"EnTr.163",hoowuni'noohobeihiinoo,1,,,,
"EnTr.163","toonheetoh'uni,",2,,,,
"EnTr.163",toonheetcebe'eici3ei'it.,3,,,,
"EnTr.164",hoowuni'noohobeihin.,1,,,,
"EnTr.165",wohei,1,,,,
"EnTr.165",niine'eehek,2,,,,
"EnTr.165",nehe',3,,,,
"EnTr.165",beh'eihehi',4,,,,
"EnTr.165",tohbee3heihit.//,5,,,,
"EnTr.166",ne'teesiseet,1,,,,
"EnTr.166",niine'eehek,2,,,,
"EnTr.166",nuhu',3,,,,
"EnTr.166",woxhoox,4,,,,
"EnTr.166","nonookeihit,",5,,,,
"EnTr.166",nonookuusebeit.,6,,,,
"EnTr.167","ne'noo'oeniikoheit,",1,,,,
"EnTr.167",noo'oeeniihi',2,,,,
"EnTr.167",nuhu',3,,,,
"EnTr.167","neeyei3ooni',",4,,,,
"EnTr.167",noo'oeeniihi'.//,5,,,,
"EnTr.168",yein:,1,,,,
"EnTr.169",hi'in,1,,,,
"EnTr.169",hei'yeinP,2,,,,
"EnTr.169",yeneini'owoot.,3,,,,
"EnTr.170",yeneini'owoot.,1,,,,
"EnTr.171",wohei,1,,,,
"EnTr.171",wohei,2,,,,
"EnTr.171","woow,",3,,,,
"EnTr.171",wohei,4,,,,
"EnTr.171",he'ne'noohoot[o'],5,,,,
"EnTr.171",nuhu',6,,,,
"EnTr.171",heetnooxeihini3i.,7,,,,
"EnTr.172",ceniibiikoo.,1,,,,
"EnTr.173",nuhu',1,,,,
"EnTr.173","tohno'o3eheito',",2,,,,
"EnTr.173",'oh,3,,,,
"EnTr.173",ne'noohooto',4,,,,
"EnTr.173",heetnooxeihini3i.,5,,,,
"EnTr.174",hinenitee,1,,,,
"EnTr.174",hi'in,2,,,,
"EnTr.174","hoowuni'noohoot,",3,,,,
"EnTr.174",'oh,4,,,,
"EnTr.174",nuhu',5,,,,
"EnTr.174",toh'uni,6,,,,
"EnTr.174",bee3heihit.,7,,,,
"EnTr.175","tihceceeco'ohuuni,",1,,,,
"EnTr.175",he'ne'iini,2,,,,
"EnTr.175",noohooto',3,,,,
"EnTr.175",hee3iini,4,,,,
"EnTr.175",cebe'eici3ei'it.,5,,,,
"EnTr.176",nih'etP,1,,,,
"EnTr.176",hu'un,2,,,,
"EnTr.176",coo3o',3,,,,
"EnTr.176",3ebiihi',4,,,,
"EnTr.176",hono'utonoot.,5,,,,
"EnTr.177",wohei,1,,,,
"EnTr.177",niine'eeno',2,,,,
"EnTr.177",nuhu',3,,,,
"EnTr.177",honoh'oho',4,,,,
"EnTr.177","neniihobei3i',",5,,,,
"EnTr.177",nuhu',6,,,,
"EnTr.177",3onookuheit.,7,,,,
"EnTr.178",beisiini,1,,,,
"EnTr.178",niiwouh'unou'u,2,,,,
"EnTr.178","ho3ii,",3,,,,
"EnTr.178",wohei,4,,,,
"EnTr.178","ni'iitonounee3i',",5,,,,
"EnTr.178",wohei,6,,,,
"EnTr.178",wooxoho.,7,,,,
"EnTr.179",wohei,1,,,,
"EnTr.179","ne'3ebiihi',",2,,,,
"EnTr.179",koxo'uuhu';,3,,,,
"EnTr.180",hoowunihi'koohuuhe'.,1,,,,
"EnTr.181",ceenbih'iyoo';,1,,,,
"EnTr.182",cebiikoheit.,1,,,,
"EnTr.183","ceniisiini,",1,,,,
"EnTr.183",ceniisiikohei3i',2,,,,
"EnTr.183",niihiihi',3,,,,
"EnTr.183",nuhu',4,,,,
"EnTr.183",hoh'eni';//,5,,,,
"EnTr.184",3ebiihi':,1,,,,
"EnTr.185",beebei'on,1,,,,
"EnTr.185",he'iicis.,2,,,,
"EnTr.186",wohei,1,,,,
"EnTr.186","nih'iitnihiinoo,",2,,,,
"EnTr.186",niiyou,3,,,,
"EnTr.186","heetoh'eenentou'u,",4,,,,
"EnTr.186",niiyou,5,,,,
"EnTr.186",nehe',6,,,,
"EnTr.186","heetootonoti',",7,,,,
"EnTr.186",nuhu',8,,,,
"EnTr.186","biito'owu',",9,,,,
"EnTr.186",nuhu',10,,,,
"EnTr.186","heetoonoxtoono'uuni',",11,,,,
"EnTr.186",wo'ei3,12,,,,
"EnTr.186",tootonoxuuni.//,13,,,,
"EnTr.187",heeneiteenentoo3i',1,,,,
"EnTr.187","woxuu,",2,,,,
"EnTr.187",wo'ei3,3,,,,
"EnTr.187",heenei'isiihi'.,4,,,,
"EnTr.188",hoo3oo'o',1,,,,
"EnTr.188",bexookeeno';,2,,,,
"EnTr.189",heenoo,1,,,,
"EnTr.189",nih'entou'u['u]//,2,,,,
"EnTr.190",wohei,1,,,,
"EnTr.190",he'ne'nih'iistoot.,2,,,,
"EnTr.191",wohei//,1,,,,
"EnTr.191",hei'iciisiikohei3i',2,,,,
"EnTr.191",'oh,3,,,,
"EnTr.191",ne'cihnoh'oe'.,4,,,,
"EnTr.192",nihcihce'noh'oe',1,,,,
"EnTr.192",woow,2,,,,
"EnTr.192",niihiihi',3,,,,
"EnTr.192",niiyou,4,,,,
"EnTr.192",heetoh'uni//,5,,,,
"EnTr.192",nowu3ei'i3i'.,6,,,,
"EnTr.193",nowu3ei'i3i',1,,,,
"EnTr.193","hi'in,",2,,,,
"EnTr.193",nuhu'.,3,,,,
"EnTr.194",wohei//,1,,,,
"EnTr.194",koh'owu',2,,,,
"EnTr.194","hinit,",3,,,,
"EnTr.194",heetcebinoo'oo'.,4,,,,
"EnTr.195",ne'3ebiini,1,,,,
"EnTr.195",nooxeihini3i.,2,,,,
"EnTr.196",hini',1,,,,
"EnTr.196","hei'beexnoh'oe',",2,,,,
"EnTr.196",ne'noohootou'u,3,,,,
"EnTr.196",heetoh'uni,4,,,,
"EnTr.196",nih'iite'eici3oot.,5,,,,
"EnTr.197",3ebiihi',1,,,,
"EnTr.197",koxo'uuhu';//,2,,,,
"EnTr.198",hoowuuni.//,1,,,,
"EnTr.199",nuhu',1,,,,
"EnTr.199","woxhooxebii,",2,,,,
"EnTr.199",nuhu',3,,,,
"EnTr.199",wootii,4,,,,
"EnTr.199",hoonoyoohobeihi3i'.,5,,,,
"EnTr.200","hinit,",1,,,,
"EnTr.200","toonhe'iicisiihi',",2,,,,
"EnTr.200","3ebiihciniihiihi',",3,,,,
"EnTr.200",hi'in,4,,,,
"EnTr.200",niihiihi',5,,,,
"EnTr.200",hiitoniihi'.,6,,,,
"EnTr.201",cooco'ouute',1,,,,
"EnTr.201",nuhu',2,,,,
"EnTr.201",hohe',3,,,,
"EnTr.201",heetcebinoo'oo',4,,,,
"EnTr.201",niiyou,5,,,,
"EnTr.201",nuhu',6,,,,
"EnTr.201",niiciihehe'.,7,,,,
"EnTr.202",hiitonic[on]ooco'ouute',1,,,,
"EnTr.202","3ebiihi',",2,,,,
"EnTr.202",3ebnoho'uuhu'.//,3,,,,
"EnTr.203",noh,1,,,,
"EnTr.203",nee'eetou'u,2,,,,
"EnTr.203","nuhu',",3,,,,
"EnTr.203",heetoh'uni//,4,,,,
"EnTr.203",biito'owu',5,,,,
"EnTr.203",heetoh'uni,6,,,,
"EnTr.203",tootonoti'i.//,7,,,,
"EnTr.204",noh,1,,,,
"EnTr.204",nee'eetou';,2,,,,
"EnTr.204",hoono',3,,,,
"EnTr.204",hoowunoohootowuu.,4,,,,
"EnTr.205",wohei,1,,,,
"EnTr.205",he3ebiihi',2,,,,
"EnTr.205",koxo'uuni,3,,,,
"EnTr.205",nestooniihi'.,4,,,,
"EnTr.206","nestooP,",1,,,,
"EnTr.206","beni'P,",2,,,,
"EnTr.206",heihii,3,,,,
"EnTr.206",ne'oowusee3i'.,4,,,,
"EnTr.207",noh'e'eici3ei3i'.,1,,,,
"EnTr.208",hooxono'oo,1,,,,
"EnTr.208",'oh,2,,,,
"EnTr.208",honoonoyoohootowoo3i'.,3,,,,
"EnTr.209",heihii,1,,,,
"EnTr.209",wootii,2,,,,
"EnTr.209",hi'in,3,,,,
"EnTr.209",hoo'eiP...,4,,,,
"EnTr.210",beextesiwoonooxeihini3i,1,,,,
"EnTr.210",woxhooxebii,2,,,,
"EnTr.210",wohei,3,,,,
"EnTr.210",nii'ehiiho',4,,,,
"EnTr.210",hu'un,5,,,,
"EnTr.210",tohnoh'e'eici3eit,6,,,,
"EnTr.210","cih'ii3neekoxteeniini,",7,,,,
"EnTr.210",he3ebnoh'nooxeihit.//,8,,,,
"EnTr.211",3ebiihi',1,,,,
"EnTr.211","he'iicisiihi',",2,,,,
"EnTr.211","3ebiihciniihiihi',",3,,,,
"EnTr.211",niiyou,4,,,,
"EnTr.211","hiitoniihi',",5,,,,
"EnTr.211",niiyou,6,,,,
"EnTr.211",nuhu',7,,,,
"EnTr.211",hoh'eni',8,,,,
"EnTr.211",niitonco'ouute'.,9,,,,
"EnTr.212",'oh,1,,,,
"EnTr.212",niiyou,2,,,,
"EnTr.212",nuhu',3,,,,
"EnTr.212",koh'owu',4,,,,
"EnTr.212",cenih'oowunoo'oo.,5,,,,
"EnTr.213",heihii,1,,,,
"EnTr.213",wootii,2,,,,
"EnTr.213",ne'ce'iini,3,,,,
"EnTr.213",beexuuto'owuu'.,4,,,,
"EnTr.214",ciiciisiini.,1,,,,
"EnTr.215",wohei//,1,,,,
"EnTr.215",hi'in,2,,,,
"EnTr.215","hei'beexni'obee3i',",3,,,,
"EnTr.215",sehnoohowoo3i,4,,,,
"EnTr.215",hi'in,5,,,,
"EnTr.215",woxhooxebii,6,,,,
"EnTr.215","tootoukuhuni3i,",7,,,,
"EnTr.215",ne'toe'sohowuunoot.,8,,,,
"EnTr.216",wohei,1,,,,
"EnTr.216",koxo'uuhu';,2,,,,
"EnTr.217",hetneihoowbeetoh'eso'oP,1,,,,
"EnTr.218",“heetneh'ooyei'onoono',1,,,,
"EnTr.218",huu3e'.,2,,,,
"EnTr.219",wohei,1,,,,
"EnTr.219",hiit,2,,,,
"EnTr.219",heetneeco'onoono',3,,,,
"EnTr.219",huu3e'.,4,,,,
"EnTr.220",heetneh'ooyei'onoono',1,,,,
"EnTr.220","beexkoxo'uuhu',",2,,,,
"EnTr.220",koxo'uuhu'.,3,,,,
"EnTr.221",hiit,1,,,,
"EnTr.221",nuhu',2,,,,
"EnTr.221",hoo3oo'o',3,,,,
"EnTr.221","woxhooxebii,",4,,,,
"EnTr.221",heebeh'ini,5,,,,
"EnTr.221",heebehcihniitouubetino',6,,,,
"EnTr.221",nuhu'.”,7,,,,
"EnTr.222",wohei,1,,,,
"EnTr.222",hini',2,,,,
"EnTr.222",hei'ehneeheyeisee3i',3,,,,
"EnTr.222",ne'iini//,4,,,,
"EnTr.222",ne'tootoukutooxobei3i'.,5,,,,
"EnTr.223",beexneeheyeiniihi',1,,,,
"EnTr.223",hi'in,2,,,,
"EnTr.223",hoo3oo'o',3,,,,
"EnTr.223","noonoyoohoo3ei3i',",4,,,,
"EnTr.223",wohei,5,,,,
"EnTr.223",hi'in,6,,,,
"EnTr.223",hoo3oo'o',7,,,,
"EnTr.223",hii3e'.,8,,,,
"EnTr.224",hee3ebiini,1,,,,
"EnTr.224",hee3ebkoohu3i',2,,,,
"EnTr.224",hoyeiniihi'.,3,,,,
"EnTr.225",heniise'enou'u3i'.,1,,,,
"EnTr.226",neeyou,1,,,,
"EnTr.226",hinee,2,,,,
"EnTr.226",heetoh'uni,3,,,,
"EnTr.226",...,4,,,,
"EnTr.227",//,1,,,,
"EnTr.227",hee3ebtonoti',2,,,,
"EnTr.227",nuhu',3,,,,
"EnTr.227",biito'owu'.,4,,,,
"EnTr.228",toonoxtou'u,1,,,,
"EnTr.228","3ebiihi',",2,,,,
"EnTr.228","hooxtoono'uuni,",3,,,,
"EnTr.228","hooxtoono'uuni,",4,,,,
"EnTr.228",nih'iitP,5,,,,
"EnTr.228",nee'eetoh'uni.//,6,,,,
"EnTr.229",wohei//,1,,,,
"EnTr.229",he'ne'iini//,2,,,,
"EnTr.229",heeneixoxo'ou'u,3,,,,
"EnTr.229",hiisoho';,4,,,,
"EnTr.230",neeneise'enou'u3i',1,,,,
"EnTr.230",hiisoho'.,2,,,,
"EnTr.231",hoowuni'iini,1,,,,
"EnTr.231",hoowbeetoh'uni,2,,,,
"EnTr.231",heenetino',3,,,,
"EnTr.231",wo'ei3,4,,,,
"EnTr.231",noonoooxneeniihi',5,,,,
"EnTr.231",ni'iiniitouubetino'.,6,,,,
"EnTr.232",'oh,1,,,,
"EnTr.232",beni'beebee3sohwuuneti3i',2,,,,
"EnTr.232",ciisiniihiihi'.,3,,,,
"EnTr.233",wohei//,1,,,,
"EnTr.233",hinee,2,,,,
"EnTr.233",wootii,3,,,,
"EnTr.233","heesinihii3eti3i',",4,,,,
"EnTr.233",“woow,5,,,,
"EnTr.233",heniise'enou'ooni'.,6,,,,
"EnTr.234",heniise'enou'ooni',1,,,,
"EnTr.234",wohei.”,2,,,,
"EnTr.235",wohei,1,,,,
"EnTr.235",niine'eeno',2,,,,
"EnTr.235",nuhu',3,,,,
"EnTr.235",woxhooxebii,4,,,,
"EnTr.235",tonoukuhu3i'.,5,,,,
"EnTr.236",woow,1,,,,
"EnTr.236",ne'iite'einooxobei3i',2,,,,
"EnTr.236",niine'eeno,3,,,,
"EnTr.236",3ebiihi'.,4,,,,
"EnTr.237",3eboosei3xohoo3i'.//,1,,,,
"EnTr.238",wohei//,1,,,,
"EnTr.238","bih'iyoo',",2,,,,
"EnTr.238",hee3neebih'iyoo',3,,,,
"EnTr.238",niiyou,4,,,,
"EnTr.238",nuhu',5,,,,
"EnTr.238",nih'iitnihiinoo.,6,,,,
"EnTr.239","wohoe'ihciinoohobei'i,",1,,,,
"EnTr.239",wo'ei3,2,,,,
"EnTr.239",he'ii'eesiini,3,,,,
"EnTr.239",ciitoowuu',4,,,,
"EnTr.239",heetoh'uni.//,5,,,,
"EnTr.240",he'ihnehyonbise'eikoo,1,,,,
"EnTr.240",hinit.,2,,,,
"EnTr.241",wohei,1,,,,
"EnTr.241",huutouuk,2,,,,
"EnTr.241",cihkoe'tee'.,3,,,,
"EnTr.242",kookoo3eit;,1,,,,
"EnTr.243",kookoo3eit,1,,,,
"EnTr.243",wohei.,2,,,,
"EnTr.244",wohei,1,,,,
"EnTr.244",niiseihit;//,2,,,,
"EnTr.245",niiseihit,1,,,,
"EnTr.245",hinen.,2,,,,
"EnTr.246",hoowuno'ote'in,1,,,,
"EnTr.246",heenei'isiihi'.,2,,,,
"EnTr.247",wohei,1,,,,
"EnTr.247",he'ne'bise'eikoohut.,2,,,,
"EnTr.248","nohoe'P,",1,,,,
"EnTr.248",he'ne'cih'ini,2,,,,
"EnTr.248",sebeyoohoo3eini3.,3,,,,
"EnTr.249",coowouuwuheit.,1,,,,
"EnTr.250",“koxuuniihi',1,,,,
"EnTr.250",bise'eikoohu!”,2,,,,
"EnTr.250",hee3oohok,3,,,,
"EnTr.250",nuhu'.,4,,,,
"EnTr.251",“hoowuuni;,1,,,,
"EnTr.252",ne'ce'bise'eikoohut.,1,,,,
"EnTr.253",'oh,1,,,,
"EnTr.253",woow,2,,,,
"EnTr.253",cih'iisiini,3,,,,
"EnTr.253",neh'eit,4,,,,
"EnTr.253",hoowkoxuubise'eikoo.,5,,,,
"EnTr.254",beebeet,1,,,,
"EnTr.254",niito',2,,,,
"EnTr.254",nih'iibise'einit.,3,,,,
"EnTr.255",ne'nih'iisce'bise'einit,1,,,,
"EnTr.255",'oh,2,,,,
"EnTr.255",woow,3,,,,
"EnTr.255",heniistiini3;,4,,,,
"EnTr.256",nehe',1,,,,
"EnTr.256",3oo3oone',2,,,,
"EnTr.256",niiyou,3,,,,
"EnTr.256",neh'eiht.,4,,,,
"EnTr.257",hi'in,1,,,,
"EnTr.257",nenee':,2,,,,
"EnTr.258",niiciino'o3ei'inou'u,1,,,,
"EnTr.258",3owo3neniteeno',2,,,,
"EnTr.258",honoh'oho',3,,,,
"EnTr.258",hecoxonoh'oho',4,,,,
"EnTr.258","tih'iikoxuubise'eikoohuutooni',",5,,,,
"EnTr.258",heeneiP,6,,,,
"EnTr.258",heesbisiitonoonoo3i,7,,,,
"EnTr.258",coo3o'.,8,,,,
"EnTr.259",nih'iikoxuuwuuhu'.,1,,,,
"EnTr.260",hoowuniistii,1,,,,
"EnTr.260",biise'eini3i'.,2,,,,
"EnTr.261",koxuunii[ni],1,,,,
"EnTr.261",beh'inoo'oo'.,2,,,,
"EnTr.262",wohei,1,,,,
"EnTr.262",nehe'nihi'ce'iini,2,,,,
"EnTr.262",bise'einit.,3,,,,
"EnTr.263","beebeet,",1,,,,
"EnTr.263",'oh,2,,,,
"EnTr.263",woow,3,,,,
"EnTr.263",cih'iistiini3,4,,,,
"EnTr.263",'oh,5,,,,
"EnTr.263",nuhu',6,,,,
"EnTr.263",neh'eiht.,7,,,,
"EnTr.264",nehe'nih'iisoo';,1,,,,
"EnTr.265",hi'in,1,,,,
"EnTr.265",nehe'nih'iinestoobeihi3i',2,,,,
"EnTr.265",nuhu'.,3,,,,
"EnTr.266",wohei,1,,,,
"EnTr.266",he'ne'nih'iixoxo'ou'u,2,,,,
"EnTr.266",niiyou,3,,,,
"EnTr.266",hi'in,4,,,,
"EnTr.266","hoo3oo'o',",5,,,,
"EnTr.266",hi'in,6,,,,
"EnTr.266",tootoukutooxobei3i'.,7,,,,
"EnTr.267",wohei,1,,,,
"EnTr.267",ne'cihbisiini,2,,,,
"EnTr.267",he3ebcii3coboo3i',3,,,,
"EnTr.267",'oh,4,,,,
"EnTr.267",XXX.,5,,,,
"EnTr.268",wohei,1,,,,
"EnTr.268",'oh,2,,,,
"EnTr.268",nihcih'ooxoecoboot.,3,,,,
"EnTr.269",hoo3oo'o',1,,,,
"EnTr.269",nuhu',2,,,,
"EnTr.269","ho3ii,",3,,,,
"EnTr.269",ho3ii.,4,,,,
"EnTr.270",nih'iiciini,1,,,,
"EnTr.270",...,2,,,,
"EnTr.271",koxuute',1,,,,
"EnTr.271",kokiy.//,2,,,,
"EnTr.272",wohei,1,,,,
"EnTr.272",hi'in,2,,,,
"EnTr.272",nenee'.,3,,,,
"EnTr.273",heet[n]iiP.,1,,,,
"EnTr.274",“wohei,1,,,,
"EnTr.274",wohei,2,,,,
"EnTr.274",nonoonoko'”,3,,,,
"EnTr.274",heehehkoni'.,4,,,,
"EnTr.275",nuhu',1,,,,
"EnTr.275","niiniitobeet,",2,,,,
"EnTr.275",hi'in,3,,,,
"EnTr.275","beh'eihehi',",4,,,,
"EnTr.275",hi'in,5,,,,
"EnTr.275",nonP,6,,,,
"EnTr.275",nihnowu3ei'it:,7,,,,
"EnTr.276",“howoh'oe!,1,,,,
"EnTr.277",howoh'oe!//,1,,,,
"EnTr.278","hiisoho',",1,,,,
"EnTr.278",nihii,2,,,,
"EnTr.278",beseee'!,3,,,,
"EnTr.279",bexo,1,,,,
"EnTr.279",hoo'eixotii'!,2,,,,
"EnTr.280",bexo,1,,,,
"EnTr.280",hoo'eixotii'!,2,,,,
"EnTr.281",nookhoosei,1,,,,
"EnTr.281",bisiihi'://,2,,,,
"EnTr.282",heetni'ocoo3oono'.//,1,,,,
"EnTr.283",ceee3i',1,,,,
"EnTr.283",hiit,2,,,,
"EnTr.283","heetwottoneeno',",3,,,,
"EnTr.283",'oh,4,,,,
"EnTr.283",heetneh'ini,5,,,,
"EnTr.283",cii3kuutiino'.,6,,,,
"EnTr.284",heetne'beete3eeyeino';,1,,,,
"EnTr.285",heetbi'ocoo3oono'.”,1,,,,
"EnTr.286",wohei,1,,,,
"EnTr.286",ne'P,2,,,,
"EnTr.286",hiit,3,,,,
"EnTr.286",cowouuwuhoo3i';,4,,,,
"EnTr.287","heetne'cihno'oehit,",1,,,,
"EnTr.287",'oh,2,,,,
"EnTr.287",hoowuuni.//,3,,,,
"EnTr.288",“wohei,1,,,,
"EnTr.288",nonoonoko'.”,2,,,,
"EnTr.289",he'ne'beseee3i',1,,,,
"EnTr.289",bexo.,2,,,,
"EnTr.290",nono'otoseee3i'.,1,,,,
"EnTr.291",no'otooyeitee'.,1,,,,
"EnTr.292",wohei.//,1,,,,
"EnTr.293",wohei,1,,,,
"EnTr.293",ne'iini,2,,,,
"EnTr.293","wottonee3i',",3,,,,
"EnTr.293",wottonee3i'.,4,,,,
"EnTr.294",hi'in,1,,,,
"EnTr.294",woosoo3iiniini;,2,,,,
"EnTr.295",hoowuwottootono,1,,,,
"EnTr.295",hoowuuni.,2,,,,
"EnTr.296",woosoo3iihiihi',1,,,,
"EnTr.296",hoh'onookee,2,,,,
"EnTr.296",nihi'iiP.,3,,,,
"EnTr.297",heetiixoo'oe',1,,,,
"EnTr.297",hini',2,,,,
"EnTr.297",woxu'uno,3,,,,
"EnTr.297",nihi'iiwottonee3i'.,4,,,,
"EnTr.298",xouu'oo'.,1,,,,
"EnTr.299",ne'nih'iiswottonee3i':,1,,,,
"EnTr.300",woosoo3ii,1,,,,
"EnTr.300",noh,2,,,,
"EnTr.300",ho'nookeeno'.,3,,,,
"EnTr.301",hoowuuhu',1,,,,
"EnTr.301",hentou'uno,2,,,,
"EnTr.301","wottootono,",3,,,,
"EnTr.301",beebeet,4,,,,
"EnTr.301",wottonee3i'.,5,,,,
"EnTr.302",hi'in,1,,,,
"EnTr.302","hei'wottoniheiht,",2,,,,
"EnTr.302",niiyou,3,,,,
"EnTr.302",heetkohke3eet.//,4,,,,
"EnTr.303",wohei,1,,,,
"EnTr.303",hei'iini,2,,,,
"EnTr.303",nihi'neewottonee3i',3,,,,
"EnTr.303",nookhoosei,4,,,,
"EnTr.303","wonoowoo3ei'i,",5,,,,
"EnTr.303",beesnookhoosei,6,,,,
"EnTr.303",wohei,7,,,,
"EnTr.303",yookoxuu,8,,,,
"EnTr.303",kookon,9,,,,
"EnTr.303",bisiihi'.//,10,,,,
"EnTr.304",wohei,1,,,,
"EnTr.304",woow,2,,,,
"EnTr.304",nih'ii3i',3,,,,
"EnTr.304",...,4,,,,
"EnTr.305",wohei,1,,,,
"EnTr.305",bexo,2,,,,
"EnTr.305",hini'iit,3,,,,
"EnTr.305","oh,",4,,,,
"EnTr.305",ne'3ebciitoo'ohu',5,,,,
"EnTr.305",ceecebtoxotii3i'.,6,,,,
"EnTr.306",heetniini,1,,,,
"EnTr.306",3ebee3kuutii3i',2,,,,
"EnTr.306",3ebiihi'.,3,,,,
"EnTr.307",noh,1,,,,
"EnTr.307",woow,2,,,,
"EnTr.307",hinee,3,,,,
"EnTr.307","ne'tootooyeito',",4,,,,
"EnTr.307",nehe',5,,,,
"EnTr.307","coo3o',",6,,,,
"EnTr.307",hi'in,7,,,,
"EnTr.307",hei'oonotouh'ut.//,8,,,,
"EnTr.308",hoowuuni.,1,,,,
"EnTr.309","he'nee'ei'nihi'neekohooxoe',",1,,,,
"EnTr.309",'oh,2,,,,
"EnTr.309","niineyeicihbisnoehit,",3,,,,
"EnTr.309",'oh,4,,,,
"EnTr.309",neih'kuu3oo3i'.//,5,,,,
"EnTr.310",wohei,1,,,,
"EnTr.310",ne'nihi'neewottonee3i'.,2,,,,
"EnTr.311",nihi'neewottoneihiitou'u,1,,,,
"EnTr.311",niiyou.,2,,,,
"EnTr.312",XXX,1,,,,
"EnTr.312",nee'eesinihii3i';,2,,,,
"EnTr.313",nih'ocoo3oo3i'.,1,,,,
"EnTr.314",wootii,1,,,,
"EnTr.314",nih'iihocoo3oo3i',2,,,,
"EnTr.314",niine'een,3,,,,
"EnTr.314",nuhu',4,,,,
"EnTr.314",coo3o',5,,,,
"EnTr.314",honoot,6,,,,
"EnTr.314",toobisbeetoxuh'ut.,7,,,,
"EnTr.315",toobisbeetoxuh'ut.,1,,,,
"EnTr.316",wohei,1,,,,
"EnTr.316",hi'in,2,,,,
"EnTr.316",nenee'.//,3,,,,
"EnTr.317",wohei,1,,,,
"EnTr.317",hi'in,2,,,,
"EnTr.317",nenee':,3,,,,
"EnTr.318",niiyou,1,,,,
"EnTr.318",nuhu',2,,,,
"EnTr.318",hoo3itoo,3,,,,
"EnTr.318",hinenno',4,,,,
"EnTr.318",honoh'oho',5,,,,
"EnTr.318",nih'iihoho'neihi3i',6,,,,
"EnTr.318",tihnoohootou'u.,7,,,,
"EnTr.319",niiyou,1,,,,
"EnTr.319","nih'iistoo3i',",2,,,,
"EnTr.319",hiisiinihoo3i',3,,,,
"EnTr.319",niine'een,4,,,,
"EnTr.319",nuhu',5,,,,
"EnTr.319",coo3o',6,,,,
"EnTr.319",hebiitooxobeini3.,7,,,,
"EnTr.320",hi'in,1,,,,
"EnTr.320",nenee'://,2,,,,
"EnTr.321",hebiitooxobeihii,1,,,,
"EnTr.321",hi'in,2,,,,
"EnTr.321",coo3o',3,,,,
"EnTr.321",nee'eeneenih'iisiini.,4,,,,
"EnTr.322",he'ii3iini,1,,,,
"EnTr.322","3owo3neniteeno',",2,,,,
"EnTr.322","wohoe'e3ebkox3iihi',",3,,,,
"EnTr.322",hini'iit,4,,,,
"EnTr.322",he'cooh'oukutoo3i',5,,,,
"EnTr.322",wo'ei3,6,,,,
"EnTr.322",hi'in,7,,,,
"EnTr.322",hoo3oo'o';,8,,,,
"EnTr.323",he'ii3iini,1,,,,
"EnTr.323",3ebkox3i',2,,,,
"EnTr.323","hoh'eni',",3,,,,
"EnTr.323",hi'in,4,,,,
"EnTr.323","niine'etii3i',",5,,,,
"EnTr.323",hi'in,6,,,,
"EnTr.323",3owo3neniteeno'.,7,,,,
"EnTr.324",nohuusoho',1,,,,
"EnTr.324",nenee'.//,2,,,,
"EnTr.325",wohei,1,,,,
"EnTr.325",ne'nih'iisiini,2,,,,
"EnTr.325",hocoo3oo3i',3,,,,
"EnTr.325",niine'een,4,,,,
"EnTr.325",nuhu',5,,,,
"EnTr.325","coo3o',",6,,,,
"EnTr.325",toh'uni,7,,,,
"EnTr.325",hiihoho'neihi3i',8,,,,
"EnTr.325",niine'eeno',9,,,,
"EnTr.325",honoh'oho',10,,,,
"EnTr.325",hoonoyoohoo3eihiiho'.,11,,,,
"EnTr.326",niine'eehek,1,,,,
"EnTr.326",nehe',2,,,,
"EnTr.326",beh'eihehi',3,,,,
"EnTr.326","nihno'oteihit,",4,,,,
"EnTr.326",tihnowu3ei'it,5,,,,
"EnTr.326","biikoo,",6,,,,
"EnTr.326",tihni'ooknoohooto',7,,,,
"EnTr.326",heetcowooxeihini3i.,8,,,,
"EnTr.327",wootii,1,,,,
"EnTr.327",hii3e',2,,,,
"EnTr.327",he'ihnoh'oeseiteenino,3,,,,
"EnTr.327",heetP,4,,,,
"EnTr.327",hinooxeihiitooninoo.,5,,,,
"EnTr.328",he'ih'iinoohoot,1,,,,
"EnTr.328",he'ih'iiP,2,,,,
"EnTr.328",wootii,3,,,,
"EnTr.328",noh'oesiihi',4,,,,
"EnTr.328",noh'oesiihi',5,,,,
"EnTr.328",nuhu'.,6,,,,
"EnTr.329",noh'oesiiteenino,1,,,,
"EnTr.329",heetnooxeihi3i'.,2,,,,
"EnTr.330",hi'in,1,,,,
"EnTr.330",nenee':,2,,,,
"EnTr.331",heenee3ei'neeniini,1,,,,
"EnTr.331",no'oteihi3i',2,,,,
"EnTr.331",hi'in,3,,,,
"EnTr.331","heeteenono'eino',",4,,,,
"EnTr.331",tih'iiceceeco'oheihi3i'.,5,,,,
"EnTr.332",tih'iiceceeco'ohu',1,,,,
"EnTr.332",ne'nih'iisiini.,2,,,,
"EnTr.333",wohei,1,,,,
"EnTr.333",nehe'nih'iisiini.,2,,,,
"EnTr.334",ce'esiini,1,,,,
"EnTr.334",hiisiitenoo3i',2,,,,
"EnTr.334",hitonih'inoo,3,,,,
"EnTr.334",woxhooxebii.,4,,,,
"EnTr.335",wohei,1,,,,
"EnTr.335",niine'eeno',2,,,,
"EnTr.335",nuhu',3,,,,
"EnTr.335",honoh'oho',4,,,,
"EnTr.335",nihnoohootou'u.,5,,,,
"EnTr.336",ce'eeneinihoo'eiso'onoo3i',1,,,,
"EnTr.336",nuhu',2,,,,
"EnTr.336",woxhooxebii.,3,,,,
"EnTr.337",co'ookoote'einiihi'.,1,,,,
"EnTr.338",howoo,1,,,,
"EnTr.338",honoot,2,,,,
"EnTr.338",niine'eehek,3,,,,
"EnTr.338",beneetoxuh'ut,4,,,,
"EnTr.338",nehe',5,,,,
"EnTr.338",coo3o'.,6,,,,
"EnTr.339",neetoxuh'ut.,1,,,,
"EnTr.340",neeyou,1,,,,
"EnTr.340",hinee,2,,,,
"EnTr.340","hii3e',",3,,,,
"EnTr.340",hinee,4,,,,
"EnTr.340","3ebiihi',",5,,,,
"EnTr.340","3ebhoowuniih[iih]i',",6,,,,
"EnTr.340","3ebnoobe'einiihi',",7,,,,
"EnTr.340",hinee,8,,,,
"EnTr.340",kox3i',9,,,,
"EnTr.340",hini',10,,,,
"EnTr.340","hoh'eni',",11,,,,
"EnTr.340",heetootonoti'i,12,,,,
"EnTr.340",hoh'eni'.,13,,,,
"EnTr.341",hoh'eni',1,,,,
"EnTr.341",heeneitoo3i',2,,,,
"EnTr.341",he'woxuu,3,,,,
"EnTr.341",wo'ei3,4,,,,
"EnTr.341",nuhu',5,,,,
"EnTr.341",toonhei'[t]eenentoo3i'.,6,,,,
"EnTr.342",koonoyeisiihi',1,,,,
"EnTr.342",bexookeeno',2,,,,
"EnTr.342",wo'ei3,3,,,,
"EnTr.342",...,4,,,,
"EnTr.343",hoowoohhineniteeno',1,,,,
"EnTr.343",nih'iiniiitou'u;,2,,,,
"EnTr.344",teecxo',1,,,,
"EnTr.344",nehe',2,,,,
"EnTr.344","hinen,",3,,,,
"EnTr.344",nihnoohootowoo,4,,,,
"EnTr.344",heeneitou'u'.,5,,,,
"EnTr.345",nono'eino',1,,,,
"EnTr.345",howoo,2,,,,
"EnTr.345",nihnoohootou'u,3,,,,
"EnTr.345",nuhu',4,,,,
"EnTr.345",heetoh'eseisiini'.,5,,,,
"EnTr.346",heseis,1,,,,
"EnTr.346","nih'iitbisinoo'ou'u,",2,,,,
"EnTr.346",hinee,3,,,,
"EnTr.346",nono'eino',4,,,,
"EnTr.346",noohootou'u,5,,,,
"EnTr.346",tih'iine'etii3i'.,6,,,,
"EnTr.347",hi'in,1,,,,
"EnTr.347",nenee'.,2,,,,
"EnTr.348",wohei,1,,,,
"EnTr.348","nenee',",2,,,,
"EnTr.348",niiyou,3,,,,
"EnTr.348",nuhu',4,,,,
"EnTr.348",hoo3itoo,5,,,,
"EnTr.348",nihP,6,,,,
"EnTr.348",hi'in,7,,,,
"EnTr.348",...,8,,,,
"EnTr.349",nehe',1,,,,
"EnTr.349",beh'eihehi',2,,,,
"EnTr.349","nih'iiP,",3,,,,
"EnTr.349","tihnowu3ei'it,",4,,,,
"EnTr.349",tihceceeco'ohut,5,,,,
"EnTr.349",hiisoho'.,6,,,,
"EnTr.350",kookon,1,,,,
"EnTr.350",hiihoowuuni,2,,,,
"EnTr.350",...,3,,,,
"EnTr.351",kookon,1,,,,
"EnTr.351",hiihoowunee'eestoo.,2,,,,
"EnTr.352",kookon,1,,,,
"EnTr.352",hiihoowbeteeniihi';,2,,,,
"EnTr.353",niinihi'P,1,,,,
"EnTr.353",hookoh,2,,,,
"EnTr.353",nih'iisiine'etii3i',3,,,,
"EnTr.353",nono'eino',4,,,,
"EnTr.353",tih'iiceceeco'ohu3i',5,,,,
"EnTr.353",nuhu'.,6,,,,
"EnTr.354",heeneestoonoo3i,1,,,,
"EnTr.354","nih'iixouuwuuni,",2,,,,
"EnTr.354",hi'in,3,,,,
"EnTr.354","heesii3oobee',",4,,,,
"EnTr.354",hi'in,5,,,,
"EnTr.354",heesii3oobee',6,,,,
"EnTr.354",heetniistoot;,7,,,,
"EnTr.355","heetniiskohkuutiit,",1,,,,
"EnTr.355",kohktootiini'.,2,,,,
"EnTr.356",heetniiswottootiini'.,1,,,,
"EnTr.357",heetniixowooteihiitooni'.,1,,,,
"EnTr.358",heetni'owooteihiitooni'.,1,,,,
"EnTr.359",hi'in,1,,,,
"EnTr.359",nenee':,2,,,,
"EnTr.360",ne'nih'iisnowu3ei'it,1,,,,
"EnTr.360",nehe',2,,,,
"EnTr.360",beh'eihehi'.,3,,,,
"EnTr.361",nihnoohooto',1,,,,
"EnTr.361",heetnooxeihit,2,,,,
"EnTr.361",wootii,3,,,,
"EnTr.361",he'ihnoh'oesiiteenino.,4,,,,
"EnTr.362",hini',1,,,,
"EnTr.362",hei'nooke',2,,,,
"EnTr.362",ne'bii'iihoo3i'.,3,,,,
"EnTr.363",wohei,1,,,,
"EnTr.363",ne'nih'iisinenteeni[t],2,,,,
"EnTr.363",niine'eehek,3,,,,
"EnTr.363",nehe',4,,,,
"EnTr.363",coo3o':,5,,,,
"EnTr.364",heenei'isiihi',1,,,,
"EnTr.364",bii'iiheihit.,2,,,,
"EnTr.365",hii3iihi',1,,,,
"EnTr.365",niiyou,2,,,,
"EnTr.365",hinee,3,,,,
"EnTr.365",hinen,4,,,,
"EnTr.365",nehe',5,,,,
"EnTr.365",beh'eihehi',6,,,,
"EnTr.365",tihnoohooto',7,,,,
"EnTr.365",heetnooxeihini3i.,8,,,,
"EnTr.366",nihP,1,,,,
"EnTr.366",wootii,2,,,,
"EnTr.366",he'ih'iinoh'oesiiteenino.,3,,,,
"EnTr.367","biikoo,",1,,,,
"EnTr.367",ceniibiikoo.,2,,,,
"EnTr.368",hiisiis,1,,,,
"EnTr.368",hoowuu3P:,2,,,,
"EnTr.369",tesceniibiikoo.,1,,,,
"EnTr.370",nihtesbih'iyoo'.,1,,,,
"EnTr.371",hi'in,1,,,,
"EnTr.371",nee'eeniisou'u.,2,,,,
"EnTr.372",hi'in,1,,,,
"EnTr.372",nenee',2,,,,
"EnTr.372","nih'iisoho',",3,,,,
"EnTr.372",nohuusoho'.,4,,,,
"EnTr.373",hi'in,1,,,,
"EnTr.373",nenee',2,,,,
"EnTr.373",hoo3itoo,3,,,,
"EnTr.373",nuhu'//,4,,,,
"EnTr.373","coo3o',",5,,,,
"EnTr.373",hinee,6,,,,
"EnTr.373",hiisebiitooxobeit.,7,,,,
"EnTr.374",wohei,1,,,,
"EnTr.374",nenee';,2,,,,
"EnTr.375",niiyou,1,,,,
"EnTr.375",nuhu',2,,,,
"EnTr.375",hoo3itoo:,3,,,,
"EnTr.376",ceniixootee'.,1,,,,
"EnTr.377",beebei'on,1,,,,
"EnTr.377",neeyou,2,,,,
"EnTr.377",hinee,3,,,,
"EnTr.377","3ebiihi',",4,,,,
"EnTr.377",hi'in,5,,,,
"EnTr.377",noobe'eihi',6,,,,
"EnTr.377",niiyou,7,,,,
"EnTr.377",nuhu',8,,,,
"EnTr.377","hoh'eni',",9,,,,
"EnTr.377","hoh'eniihi',",10,,,,
"EnTr.377",hinee,11,,,,
"EnTr.377",hiitiine'etii3i',12,,,,
"EnTr.377",nono'eino',13,,,,
"EnTr.377",teecxo';,14,,,,
"EnTr.378",teecxo',1,,,,
"EnTr.378",hinee,2,,,,
"EnTr.378",nono'eino',3,,,,
"EnTr.378",hiit-iine'etii3i'.,4,,,,
"EnTr.379",nee'eenee3oo';,1,,,,
"EnTr.380",niiyou,1,,,,
"EnTr.380",hoo3itoono,2,,,,
"EnTr.380",teecxo':,3,,,,
"EnTr.380",nih'iiyoo3tii3i',4,,,,
"EnTr.380",heeyouhuu.,5,,,,
"EnTr.381",kookon,1,,,,
"EnTr.381",tih'iiciinee'eeneestoo3i'.,2,,,,
"EnTr.382",beexo'uuhu',1,,,,
"EnTr.382",tihwoxu'oo3eihiinoo',2,,,,
"EnTr.382",heeneestoonoo3i.,3,,,,
"EnTr.383","heeneestoonoo3i,",1,,,,
"EnTr.383",nih'iiwoxu'oo3eihit.,2,,,,
"EnTr.384",nih'iinestoohuutooni'i.,1,,,,
"EnTr.385",wohei,1,,,,
"EnTr.385",niine'eeno',2,,,,
"EnTr.385",nuhu',3,,,,
"EnTr.385",honoh'oho',4,,,,
"EnTr.385",neniihobei3i'.,5,,,,
"EnTr.386","nih'ei'inou'u,",1,,,,
"EnTr.386",nih'ei'inou'u.,2,,,,
"EnTr.387",hee3oobeeneetou'u.,1,,,,
"EnTr.388",nih'iiniinii3ceeh'ei3i':,1,,,,
"EnTr.389",hi'in,1,,,,
"EnTr.389",nenee'.//,2,,,,
"EnTr.390",wohei,1,,,,
"EnTr.390",nohuusoho':,2,,,,
"EnTr.391",nenee',1,,,,
"EnTr.391",heeneistoot,2,,,,
"EnTr.391",heenei'isiihi',3,,,,
"EnTr.391","nono'eino',",4,,,,
"EnTr.391",heeneisiine'etii3i',5,,,,
"EnTr.391",tih'iiP//,6,,,,
"EnTr.391",wohei,7,,,,
"EnTr.391",ne'nih'iisiini.,8,,,,
"EnTr.392",hiixoowo'ou'u,1,,,,
"EnTr.392",nuhu',2,,,,
"EnTr.392",heeneisoo'.,3,,,,
"EnTr.393",ce'iisiitenoo3i',1,,,,
"EnTr.393",hitonih'inoo.,2,,,,
"EnTr.394",wohei,1,,,,
"EnTr.394",ne'ce'iini,2,,,,
"EnTr.394","hoo'eiso'onoo3i',",3,,,,
"EnTr.394",noono'eici3oo3i';,4,,,,
"EnTr.395",koee,1,,,,
"EnTr.395",co'ookoo3iihi',2,,,,
"EnTr.395",ceniixootee'.,3,,,,
"EnTr.396",noh,1,,,,
"EnTr.396",ceniisiikohei3i',2,,,,
"EnTr.396",niihiihi',3,,,,
"EnTr.396","hoh'eni',",4,,,,
"EnTr.396",3ebeex,5,,,,
"EnTr.396",...,6,,,,
"EnTr.397",ne'nuhu',1,,,,
"EnTr.397",...,2,,,,
"EnTr.398",//,1,,,,
"EnTr.398",hinee,2,,,,
"EnTr.398",hiit,3,,,,
"EnTr.398",cesisiikohei3i'.//,4,,,,
"EnTr.399",wohei,1,,,,
"EnTr.399",nenee',2,,,,
"EnTr.399",hoo3itoo.,3,,,,
"EnTr.400",niine'eehek,1,,,,
"EnTr.400",nehe',2,,,,
"EnTr.400","beh'eihehi',",3,,,,
"EnTr.400",neneenit,4,,,,
"EnTr.400",hoo3i'eebeihit.,5,,,,
"EnTr.401",wohei,1,,,,
"EnTr.401",ne'nih'iisiini.,2,,,,
"EnTr.402","he'ino',",1,,,,
"EnTr.402",he'ino',2,,,,
"EnTr.402",nih'etniistoot.,3,,,,
"EnTr.403","ne'nih'ii'ceceeco'oheiht,",1,,,,
"EnTr.403","bee3heiht,",2,,,,
"EnTr.403",cooh'owuuneiht.,3,,,,
"EnTr.404",wohei,1,,,,
"EnTr.404",hi'in,2,,,,
"EnTr.404",honoh'oho',3,,,,
"EnTr.404",nii3cooh'owuuneihi3i'.,4,,,,
"EnTr.405",wohei,1,,,,
"EnTr.405",woxhooxebii,2,,,,
"EnTr.405",niiniisiheihit:,3,,,,
"EnTr.406",ci'nenee'.//,1,,,,
"EnTr.407",wohei,1,,,,
"EnTr.407",nee'eesoo',2,,,,
"EnTr.407",hi'in,3,,,,
"EnTr.407",niiyou,4,,,,
"EnTr.407",nono'einiini,5,,,,
"EnTr.407",hiine'etiit.,6,,,,
"EnTr.408","hoonookonoontoo3i',",1,,,,
"EnTr.408",hoonookonoonee'eeneestoo3i'.,2,,,,
"EnTr.409",kookon,1,,,,
"EnTr.409",hiihoowuuteneihiinoo,2,,,,
"EnTr.409",heeyouhuu.,3,,,,
"EnTr.410",kookon,1,,,,
"EnTr.410",hiihoowunee'eestootiin.,2,,,,
"EnTr.411",bebiisiihi',1,,,,
"EnTr.411",nenitee,2,,,,
"EnTr.411","hee3o3i'eebeihi3i',",3,,,,
"EnTr.411",wo'ei3,4,,,,
"EnTr.411",hiiyoo3iihi',5,,,,
"EnTr.411",heniisiiteno':,6,,,,
"EnTr.412",hoonouunowooto',1,,,,
"EnTr.412",hiisoho'.,2,,,,
"EnTr.413",hi'in,1,,,,
"EnTr.413",nenee':,2,,,,
"EnTr.414",ne'ce3ei'oono',1,,,,
"EnTr.414",heetniistootiini'i.,2,,,,
"EnTr.415",heetniisiini',1,,,,
"EnTr.415",toonhee3o3i'eebeihi3i',2,,,,
"EnTr.415",hinenitee,3,,,,
"EnTr.415",neniiwouh'uno',4,,,,
"EnTr.415",hi'in,5,,,,
"EnTr.415",heeneisoo',6,,,,
"EnTr.415",wootii,7,,,,
"EnTr.415","3i[woo],",8,,,,
"EnTr.416",hinee,1,,,,
"EnTr.416",3iwoo,2,,,,
"EnTr.417",ne'nosouniini.,1,,,,
"EnTr.418",beenhehe',1,,,,
"EnTr.418","he'ii3ei'neeniihi',",2,,,,
"EnTr.418",niine'eeno',3,,,,
"EnTr.418",nono'eino',4,,,,
"EnTr.418",noosouneenii3inou'u,5,,,,
"EnTr.418",beenhehe'.,6,,,,
"EnTr.419",he'ii3ei'neeniini.,1,,,,
"EnTr.420",'oh,1,,,,
"EnTr.420",hinee,2,,,,
"EnTr.420","3eboosei3iihi',",3,,,,
"EnTr.420","hoowuhneniinoo',",4,,,,
"EnTr.420",hoowuhneniinoo',5,,,,
"EnTr.420",nih'eeneistootiini',6,,,,
"EnTr.420",tih'iibeteeneeneetou'u.,7,,,,
"EnTr.421",wo'ei3,1,,,,
"EnTr.421",tihbeteeneenebeihi3i';,2,,,,
"EnTr.422",beteeniihi',1,,,,
"EnTr.422",bebiisiihi',2,,,,
"EnTr.422",nih'iiceceeco'ohu3i'.,3,,,,
"EnTr.423",wo'ei3,1,,,,
"EnTr.423",hiteixo'oninoo,2,,,,
"EnTr.423",hiniscihininouhuutooninoo.,3,,,,
"EnTr.424",tihceceeco'ohu';,1,,,,
"EnTr.425",beexo'uuhu',1,,,,
"EnTr.425",hiiyoo3iihi',2,,,,
"EnTr.425","beteeneeneetou'u,",3,,,,
"EnTr.425",hi'in,4,,,,
"EnTr.425",hiisi'i.,5,,,,
"EnTr.426",nii'eihiiho',1,,,,
"EnTr.426",wo'ei3,2,,,,
"EnTr.426",cese'eihiiho',3,,,,
"EnTr.426",niine'eeno',4,,,,
"EnTr.426",noonoyoohoo3ei3i',5,,,,
"EnTr.426",beexo'P;,6,,,,
"EnTr.427",nenee'.,1,,,,
"EnTr.428",wohei,1,,,,
"EnTr.428",ne'nee'eeneeP,2,,,,
"EnTr.428","heenei'towuune3enee,",3,,,,
"EnTr.428",heenei'towuune3enee,4,,,,
"EnTr.428",niiyou,5,,,,
"EnTr.428",hinono'ei,6,,,,
"EnTr.428",nee'eeneisiine'etiit.,7,,,,
"EnTr.429","teecxo',",1,,,,
"EnTr.429",ceniixootee'.,2,,,,
"EnTr.430",neeyou,1,,,,
"EnTr.430",3ebP,2,,,,
"EnTr.430",hiit,3,,,,
"EnTr.430",3ebhii3iihi',4,,,,
"EnTr.430",3ebnoobe'einiihi',5,,,,
"EnTr.430",neeyou,6,,,,
"EnTr.430",huu3e',7,,,,
"EnTr.430",nee'eetoh'uni,8,,,,
"EnTr.430",...,9,,,,
"EnTr.431",hiit,1,,,,
"EnTr.431",hiine'etii3i',2,,,,
"EnTr.431","nono'eino',",3,,,,
"EnTr.431",hiit,4,,,,
"EnTr.431",hiine'etii3i'.,5,,,,
"EnTr.432",3owoohuuhu',1,,,,
"EnTr.432",niiyou,2,,,,
"EnTr.432",hiit,3,,,,
"EnTr.432",nuhu',4,,,,
"EnTr.432",hitesiino'oowu'.,5,,,,
"EnTr.433",3ebceniinoowuuhu',1,,,,
"EnTr.433",hinee,2,,,,
"EnTr.433",hii3e',3,,,,
"EnTr.433",3ebiihi',4,,,,
"EnTr.433",niihiihi',5,,,,
"EnTr.433",hinee,6,,,,
"EnTr.433",hoh'eni',7,,,,
"EnTr.433",3ebiihi'.,8,,,,
"EnTr.434",hi'in,1,,,,
"EnTr.434",nenee',2,,,,
"EnTr.434",nono'eino',3,,,,
"EnTr.434",nih'iitoo3i',4,,,,
"EnTr.435","hibiito'owuuwunoo,",1,,,,
"EnTr.435",hibiito'owuuwunoo,2,,,,
"EnTr.435","nono'eino',",3,,,,
"EnTr.435",nenee',4,,,,
"EnTr.435",niihenehei3itou'u.,5,,,,
"EnTr.436",nenee3i',1,,,,
"EnTr.436",nono'eino',2,,,,
"EnTr.436",niiheneihi3i'.,3,,,,
"EnTr.437",hookoh,1,,,,
"EnTr.437",neenehtonitoot,2,,,,
"EnTr.437",nih'oo3oo,3,,,,
"EnTr.437",huut,4,,,,
"EnTr.437",'oh,5,,,,
"EnTr.437",hiit,6,,,,
"EnTr.437",nee'eetiine'etiino'.//,7,,,,
"EnTr.438",wohei,1,,,,
"EnTr.438",nohuusoho'.,2,,,,
"EnTr.439",howoo,1,,,,
"EnTr.439",noowuuhu',2,,,,
"EnTr.439",heetnehnee'ee3eso'oneeno'.,3,,,,
"EnTr.440",cihce'koho'oeP,1,,,,
"EnTr.440",cihce'iinoniikuhnee3i',2,,,,
"EnTr.440",nono'eino'.,3,,,,
"EnTr.441",heihii,1,,,,
"EnTr.441",hiit,2,,,,
"EnTr.441",...,3,,,,
"EnTr.442",no'eso'oneino',1,,,,
"EnTr.442",nuhu',2,,,,
"EnTr.442",beniiinenno,3,,,,
"EnTr.442",niiyou,4,,,,
"EnTr.442","huut,",5,,,,
"EnTr.442",nuhu',6,,,,
"EnTr.442",sosoni'ii,7,,,,
"EnTr.442",heetiine'etiiwoohut.,8,,,,
"EnTr.443",wohei,1,,,,
"EnTr.443",hiisoho'.,2,,,,
"EnTr.444",wohei,1,,,,
"EnTr.444",nenee',2,,,,
"EnTr.444",nuhu',3,,,,
"EnTr.444",hoo3itoo,4,,,,
"EnTr.444",tih'iiP,5,,,,
"EnTr.444",heetih'iikokoh'eeneetowunee.,6,,,,
"EnTr.445",heenei3oobei3i',1,,,,
"EnTr.445",nono'eino',2,,,,
"EnTr.445",teecxo'.,3,,,,
"EnTr.446",hi3oowuuhu',1,,,,
"EnTr.446","nono'eitiit,",2,,,,
"EnTr.446",nono'einiiniistoowo'otno.,3,,,,
"EnTr.447","nono'einiistoowoohuut,",1,,,,
"EnTr.447",nono'eitiit.,2,,,,
"EnTr.448",hi'in,1,,,,
"EnTr.448",nenee'.,2,,,,
"EnTr.449",woxu'oo3eihiinoo',1,,,,
"EnTr.449",heeyouhuu,2,,,,
"EnTr.449",heeneestootiini'i.,3,,,,
"EnTr.450",hoowucebihcehiitoon.,1,,,,
"EnTr.451",hoowtowo'oneihiinoo,1,,,,
"EnTr.451",heeyouhuu.,2,,,,
"EnTr.452",beebeet,1,,,,
"EnTr.452","heeneesxouuwootee',",2,,,,
"EnTr.452",heeneesxouuwunihiitooni'.,3,,,,
"EnTr.453",hi'in,1,,,,
"EnTr.453",nenee'.,2,,,,
"EnTr.454",nih'iiP.,1,,,,
"EnTr.455","he'ne'nih'ii'ceeh'ei3i',",1,,,,
"EnTr.455",he'ne'nih'ii'koontoo3i',2,,,,
"EnTr.455",hetii3oobei3i',3,,,,
"EnTr.455",hinee.,4,,,,
"EnTr.456",wohei,1,,,,
"EnTr.456",nohuusoho'.,2,,,,
"EnTr.457",nee'eesinihiitou'u,1,,,,
"EnTr.457","heeneito'eino',",2,,,,
"EnTr.457",heetihne'niisiini;,3,,,,
"EnTr.458",nee'ee3e'inowunee.,1,,,,
"EnTr.459",neyei3eihiiho',1,,,,
"EnTr.459",heetihne'niiceh'e3tii3i'.,2,,,,
"EnTr.460",hi'in,1,,,,
"EnTr.460",hee3ei'eihi3i',2,,,,
"EnTr.460",hei'inou'u,3,,,,
"EnTr.460",nono'eitiit.,4,,,,
"EnTr.461","beexnosouneeneyeitii3i',",1,,,,
"EnTr.461",'oh,2,,,,
"EnTr.461",neihoowoe'in,3,,,,
"EnTr.461",wohoe'iinono'eitino',4,,,,
"EnTr.461",hiiwoonhehe'.,5,,,,
"EnTr.462",'oh,1,,,,
"EnTr.462",neihoowoe'in.,2,,,,
"EnTr.463","hee,",1,,,,
"EnTr.463",tohuubi'neyeitii3i';,2,,,,
"EnTr.464",neneeninoo,1,,,,
"EnTr.464",neihoowuneyeitii.,2,,,,
"EnTr.465",nohuusoho':,1,,,,
"EnTr.466",nohkuusiii'oono',1,,,,
"EnTr.466",nono'eitiit.,2,,,,
"EnTr.467",wohei,1,,,,
"EnTr.467",nohuusoho'.,2,,,,
"EnTr.468",nee'eeneetoxunihiinoo,1,,,,
"EnTr.468",hu'uuhu',2,,,,
"EnTr.468",niine'eehek,3,,,,
"EnTr.468",nehe',4,,,,
"EnTr.468",coo3o'.,5,,,,
"EnTr.469","heetih'e'inowunee,",1,,,,
"EnTr.469",heetih'oonoo3itoonoonee,2,,,,
"EnTr.469",heisiihehinoo,3,,,,
"EnTr.469",hetei'yooniibinoo.,4,,,,
"EnTr.470",hebesiibeih'in,1,,,,
"EnTr.470",teecxo',2,,,,
"EnTr.470",hinee,3,,,,
"EnTr.470",neene'eehek,4,,,,
"EnTr.470",coo3o';,5,,,,
"EnTr.471",nono'eino',1,,,,
"EnTr.471",heeneisiine'etii3i';,2,,,,
"EnTr.472",nohuusoho'.,1,,,,
"EnTr.473",wohei,1,,,,
"EnTr.473",hiisoho',2,,,,
"EnTr.473",nee'eesinihii3e3enee.,3,,,,
"EnTr.474",wohei,1,,,,
"EnTr.474",woow.,2,,,,
"EnTr.475",nohuusoho'.,1,,,,
