ref,word,num,dep,label,dep2,label2
"FIG.001",hinen,1,,,,
"FIG.001",he'ih'ootii.,2,,,,
"FIG.002","he'ihteco'oniinoo'ei,",1,,,,
"FIG.002",noh,2,,,,
"FIG.002","hiniin,",3,,,,
"FIG.002",“heebehniitonoo,4,,,,
"FIG.002","biikoo,”",5,,,,
"FIG.002",he'ih'ii3ee.,6,,,,
"FIG.003",“heebehcihno'usee;,1,,,,
"FIG.004",ciibehnouunoohowun!”,1,,,,
"FIG.004",hee3oohok,2,,,,
"FIG.004",hiniin.,3,,,,
"FIG.005",noh,1,,,,
"FIG.005",ci',2,,,,
"FIG.005",he'ih'iinoo'ei,3,,,,
"FIG.005",noh,4,,,,
"FIG.005",biikoo,5,,,,
"FIG.005",he'ihcih'iino'usee.,6,,,,
"FIG.006",noh,1,,,,
"FIG.006",nehe',2,,,,
"FIG.006",hisei,3,,,,
"FIG.006",he'ihniitonee,4,,,,
"FIG.006",hineniteen.,5,,,,
"FIG.007",he'ihniitouuhun,1,,,,
"FIG.007",biikoo,2,,,,
"FIG.007",too3iihi',3,,,,
"FIG.007",hiyeih'in[oo];,4,,,,
"FIG.008",noh,1,,,,
"FIG.008",he'ih'e'in,2,,,,
"FIG.008",niisinihii3eit,3,,,,
"FIG.008",hiix:,4,,,,
"FIG.009",“ciibehnoohowun!”,1,,,,
"FIG.010",“3i'nehnoohowo'”,1,,,,
"FIG.010",heesi3ecoohok.,2,,,,
"FIG.011",he'ihkohei'i.,1,,,,
"FIG.012",he'ih'iiwooku'oo.,1,,,,
"FIG.013",He'ihcihP,1,,,,
"FIG.014",he'ihciitei,1,,,,
"FIG.014",hinen.,2,,,,
"FIG.015",he'ihceenok,1,,,,
"FIG.015",nee'eeteebe'.,2,,,,
"FIG.016",noh,1,,,,
"FIG.016",nehe',2,,,,
"FIG.016",hisei,3,,,,
"FIG.016",he'ih'oxobee.,4,,,,
"FIG.017",“hiihoowuuni,1,,,,
"FIG.017",niisoo,2,,,,
"FIG.017","notiiciitono,”",3,,,,
"FIG.017",hee3eihok,4,,,,
"FIG.017",nehe',5,,,,
"FIG.017",hinen.,6,,,,
"FIG.018",noh,1,,,,
"FIG.018",he'ne'ce'esooni'.,2,,,,
"FIG.019",he'ih'iten,1,,,,
"FIG.019",nooko3oni'.,2,,,,
"FIG.020",he'ihneeninino,1,,,,
"FIG.020",“hotiiciihooo?”,2,,,,
"FIG.021","“hiihoowneeneisoono,”",1,,,,
"FIG.021",heehehk;,2,,,,
"FIG.022",nohci',1,,,,
"FIG.022",he'ih'okoo3oonino.,2,,,,
"FIG.023",he'ih'iten,1,,,,
"FIG.023",hinotooho;,2,,,,
"FIG.024",he'ihkoto'ohunino.,1,,,,
"FIG.025",he'ihneeninino,1,,,,
"FIG.025",“hotiiciihooo?”,2,,,,
"FIG.026","“wuho'woohu',”",1,,,,
"FIG.026",heehehk.,2,,,,
"FIG.027",nohci'he'ne'ce'esooni'.,1,,,,
"FIG.028",hibiixuut,1,,,,
"FIG.028",he'ihneenin,2,,,,
"FIG.028",“hotiiciihooo?”,3,,,,
"FIG.029",“wuho'woohu''',1,,,,
"FIG.029",heehehk.,2,,,,
"FIG.030",noh,1,,,,
"FIG.030","he'ne'ikokoh'u3ecoot,",2,,,,
"FIG.031",he'ne'ibeisiisibit.,1,,,,
"FIG.032",he'ne'teesiciineno',1,,,,
"FIG.032",bii3wo.,2,,,,
"FIG.033",“ho'eii”,1,,,,
"FIG.033",heehehk.,2,,,,
"FIG.034",he'ne'icesisbii3ihit.,1,,,,
"FIG.035",noh,1,,,,
"FIG.035",heehehk,2,,,,
"FIG.035",“heenoo,3,,,,
"FIG.035",niiceetesi'.,4,,,,
"FIG.035",se'nooo”,5,,,,
"FIG.035",heehehk.,6,,,,
"FIG.036",he'ihko'e3eikuu3ee.,1,,,,
"FIG.037",tei'yoonoh'o,1,,,,
"FIG.037",he'ih'e3kuu3ee.,2,,,,
"FIG.038",ceexoon,1,,,,
"FIG.038",hiso'ooteebe',2,,,,
"FIG.038",he'ihko'osibee,3,,,,
"FIG.038",noh,4,,,,
"FIG.038",ceexoon,5,,,,
"FIG.038",nee'eeteebe',6,,,,
"FIG.039",he'ne'inoehit.,1,,,,
"FIG.040",noh,1,,,,
"FIG.040",hoo3iihi',2,,,,
"FIG.040",biikoo,3,,,,
"FIG.040",hiix,4,,,,
"FIG.040",he'ne'iino'useeni3.,5,,,,
"FIG.041","he'ihbih'inootee',",1,,,,
"FIG.041",noh,2,,,,
"FIG.041",he'ih'eenet.,3,,,,
"FIG.042",“nohowoh?”,1,,,,
"FIG.042",heehehk.,2,,,,
"FIG.043","he'ihceti3ootiin,",1,,,,
"FIG.043",noh,2,,,,
"FIG.043",he'ih'e'in,3,,,,
"FIG.043",xonou;,4,,,,
"FIG.044",noh,1,,,,
"FIG.044",heehehk,2,,,,
"FIG.044",“siineihciinihii3oono'?”,3,,,,
"FIG.044",heehehk.,4,,,,
"FIG.045",he'ihciitei;,1,,,,
"FIG.046",he'ihnoohobee,1,,,,
"FIG.046","hiniin,",2,,,,
"FIG.046",he'ihkoh'e3ein.,3,,,,
"FIG.047",he'ne'ei'bebii3enoot,1,,,,
"FIG.047",hiniin.,2,,,,
"FIG.048",he'ih'iisibenee,1,,,,
"FIG.048",he'ne'ce'noehi,2,,,,
"FIG.048",coo'oteni'i,3,,,,
"FIG.048",honoot,4,,,,
"FIG.048",tohnooke'niini'?***,5,,,,
"FIG.049",he'ne'ei'ce'eeckoohut.,1,,,,
"FIG.050",he'ihciitei,1,,,,
"FIG.050",hiyeihe'.,2,,,,
"FIG.051",he'ihnoohoot,1,,,,
"FIG.051",niitoh'iinikotiini3i,2,,,,
"FIG.051",tei'yoonoh'o,3,,,,
"FIG.051",hibeete',4,,,,
"FIG.051",noh,5,,,,
"FIG.051",hiniiko.,6,,,,
"FIG.052",he'ih3oo3oe'eekuunino,1,,,,
"FIG.052","hineiko,",2,,,,
"FIG.052",noh,3,,,,
"FIG.052",he'ihkohtowu3ecoo.,4,,,,
"FIG.053","he'ne'iibii3ihit,",1,,,,
"FIG.053",noh,2,,,,
"FIG.053","tih'iisibii3ihit,",3,,,,
"FIG.053",he'ne'iice'noe.,4,,,,
"FIG.054",noh,1,,,,
"FIG.054",kooxhii3ou'uuni'***,2,,,,
"FIG.054","he'ne'iice'eeckoohut,",3,,,,
"FIG.054",noh,4,,,,
"FIG.054",kooxhe'ihnoohoot,5,,,,
"FIG.054",hineiko,6,,,,
"FIG.054",he'ih3oo3oe'eekuunino.,7,,,,
"FIG.055",noh,1,,,,
"FIG.055",he'ne'ee3e'ino'.,2,,,,
"FIG.056",he'ne'ee'eteinit,1,,,,
"FIG.056",hiyeih'e'.,2,,,,
"FIG.057",noh,1,,,,
"FIG.057",tohnookenini',2,,,,
"FIG.057",he'ne'ice'noe.,3,,,,
"FIG.058",nenesiihi',1,,,,
"FIG.058",he'ihno'ohusee,2,,,,
"FIG.058",co'oteni'.,3,,,,
"FIG.058",noh,4,,,,
"FIG.058",he'ihcihce'koo,5,,,,
"FIG.058",noxohoeniihi'.,6,,,,
"FIG.059",he'ihcihnihi'koo,1,,,,
"FIG.059",koh'owu',2,,,,
"FIG.059",too3iihi',3,,,,
"FIG.059",hiyeihe'.,4,,,,
"FIG.060",he'ihcowouut;,1,,,,
"FIG.060",hiibineeniihi',2,,,,
"FIG.060",he'ihno'usee.,3,,,,
"FIG.061",he'ihkotous.,1,,,,
"FIG.062",he'ihceh'e3tii.,1,,,,
"FIG.063",he'ihniitonee,1,,,,
"FIG.063",ceese',2,,,,
"FIG.063",hiih'o.,3,,,,
"FIG.064","heihiyohkon,",1,,,,
"FIG.065",“Cihneecis,1,,,,
"FIG.065","be,”",2,,,,
"FIG.065",heehehk,3,,,,
"FIG.065","ceese',",4,,,,
"FIG.065","“heetih'iinikotiino',”",5,,,,
"FIG.065",heehehk.,6,,,,
"FIG.066",“wohei,1,,,,
"FIG.066",tous”,2,,,,
"FIG.066",heehehk.,3,,,,
"FIG.067",he'ne'eeneitenou'u,1,,,,
"FIG.067","ho3ii,",2,,,,
"FIG.067",he'ne'i3i'eyei3i'.,3,,,,
"FIG.068",he'ne'iicesiscebiiheti3i',1,,,,
"FIG.068",noh,2,,,,
"FIG.068",ho3ii.,3,,,,
"FIG.069",nehe',1,,,,
"FIG.069",hinen,2,,,,
"FIG.069","he'ihsehkoxo'no'usee,",3,,,,
"FIG.069",he'ihseh'iiwooku'oo.,4,,,,
"FIG.070",he'ihnoohobee,1,,,,
"FIG.071",he'ne'iihiih'oho,1,,,,
"FIG.071",he'ih'iinikotiinino,2,,,,
"FIG.071",ho3ii.,3,,,,
"FIG.071",he'ihkoxuutencii3ihce.,4,,,,
"FIG.072",he'ih'iisiitenee,1,,,,
"FIG.072",ceexoon.,2,,,,
"FIG.073",he'ihtootoyoobe'.,1,,,,
"FIG.074",he'ihkookou'u'eine'.,1,,,,
"FIG.075",hoonii,1,,,,
"FIG.075","he'ne'iisteteesihoot,",2,,,,
"FIG.075",noh,3,,,,
"FIG.075",hee3oohok,4,,,,
"FIG.075","hiibineeniihi',",5,,,,
"FIG.075",''ci'heetnenesnouuseenoo;,6,,,,
"FIG.076",heetnenesiinikotiiwo',1,,,,
"FIG.076",hi'iihi',2,,,,
"FIG.076","neheicoo,”",3,,,,
"FIG.076","hee3oohok,",4,,,,
"FIG.076",“noh,5,,,,
"FIG.076","heti3kuu3oo,",6,,,,
"FIG.076",noh,7,,,,
"FIG.076",“neixoo,8,,,,
"FIG.076",hetii;”,9,,,,
"FIG.077",“heetcihcii3ihcehinoo,1,,,,
"FIG.077",noh,2,,,,
"FIG.077","heetniisiiten-o',”",3,,,,
"FIG.077",hee3oohok.,4,,,,
"FIG.078",“[hih'oo]”,1,,,,
"FIG.078",heehehk,2,,,,
"FIG.078",nehe',3,,,,
"FIG.078",honoh'oehihi'.,4,,,,
"FIG.079",noh,1,,,,
"FIG.079",he'ne'iice3ei'oot;,2,,,,
"FIG.080",no'o',1,,,,
"FIG.080",beebei'on,2,,,,
"FIG.080",he'ihsehkoxtisee.,3,,,,
"FIG.081",noh,1,,,,
"FIG.081",noxohoeniihi',2,,,,
"FIG.081",he'ihcihce'koo,3,,,,
"FIG.081",niihiihi',4,,,,
"FIG.081",koh'owu'.,5,,,,
"FIG.082",he'ihcihce'no'koo,1,,,,
"FIG.082",too3iihi',2,,,,
"FIG.082",hiyeihe'.,3,,,,
"FIG.083",he'ihkotous.,1,,,,
"FIG.084",he'ihceh'e3tii;,1,,,,
"FIG.085",noh,1,,,,
"FIG.085",kou3iihi',2,,,,
"FIG.085",he'ihniitonee.,3,,,,
"FIG.086",“heetih'iinikotiino'!”,1,,,,
"FIG.086",heehehk,2,,,,
"FIG.086",nehe',3,,,,
"FIG.086",honoh'oehihi',4,,,,
"FIG.086",nih'iisiiteneihit,5,,,,
"FIG.086",hiniisonooninoo,6,,,,
"FIG.086",nehe',7,,,,
"FIG.086",ceese',8,,,,
"FIG.086",honoh'oehihi',9,,,,
"FIG.086",he'ihneseih.,10,,,,
"FIG.087","“hiiko,",1,,,,
"FIG.087",heisonoonin,2,,,,
"FIG.087","toh'uusiitenein,''",3,,,,
"FIG.087",hee3oohok.,4,,,,
"FIG.088",nohci',1,,,,
"FIG.088",“heetih'iinikotiino'.”,2,,,,
"FIG.089",“hiiko,1,,,,
"FIG.089",heisonoonin,2,,,,
"FIG.089",toh'uusiitenein”,3,,,,
"FIG.089",hee3oohok,4,,,,
"FIG.089",“hiiko,5,,,,
"FIG.089",neihoowuusiitene';,6,,,,
"FIG.090",nih'iitootoyoowo'”,1,,,,
"FIG.090",heehehk.,2,,,,
"FIG.091",“wohei,1,,,,
"FIG.091",tous,2,,,,
"FIG.091",cihneecis!”,3,,,,
"FIG.092",he'ne'iicesisiinikotii3i'.,1,,,,
"FIG.093",he'ih'itenowuu,1,,,,
"FIG.093",beete',2,,,,
"FIG.093",noh,3,,,,
"FIG.093",ho3ii.,4,,,,
"FIG.094",he'ne'ii-nii-niihoooti?3i',1,,,,
"FIG.094",noh,2,,,,
"FIG.094",beexoo3iihi',3,,,,
"FIG.094","he'ih'i3kuu3ee,",4,,,,
"FIG.094",noh,5,,,,
"FIG.094",heehehk,6,,,,
"FIG.094",“neixoo,7,,,,
"FIG.094",ceikoohu;,8,,,,
"FIG.095",nih'iisiiteno'”,1,,,,
"FIG.095",heehehk.,2,,,,
"FIG.096",noh,1,,,,
"FIG.096",hiniisonooninoo,2,,,,
"FIG.096",he'ihcii3ihcehin.,3,,,,
"FIG.097",noh,1,,,,
"FIG.097",he'ih'iisiitenee,2,,,,
"FIG.097",noh,3,,,,
"FIG.097",nii3oohok,4,,,,
"FIG.097",“ciinbiiwoohu.,5,,,,
"FIG.098",heet-nii-niistone3enee,1,,,,
"FIG.098",beete',2,,,,
"FIG.098",noh,3,,,,
"FIG.098",ho3ii,4,,,,
"FIG.098",heetihi'i'iinikotiinee”,5,,,,
"FIG.098",hee3oohok.,6,,,,
"FIG.099",“hih'oo”,1,,,,
"FIG.099",hee3oohok.,2,,,,
"FIG.100",“wohei,1,,,,
"FIG.100",nehniistii,2,,,,
"FIG.100",beete',3,,,,
"FIG.100",noh,4,,,,
"FIG.100",ho3ii.,5,,,,
"FIG.101",cihniiseenoo',1,,,,
"FIG.101",ho3ii:,2,,,,
"FIG.102",ceese',1,,,,
"FIG.102",cihbe'eeni',2,,,,
"FIG.102",noh,3,,,,
"FIG.102",ceese',4,,,,
"FIG.102",cihwo'teeneeni'.”,5,,,,
"FIG.103",noh,1,,,,
"FIG.103",nehe',2,,,,
"FIG.103",ceese',3,,,,
"FIG.103",honoh'oehihi',4,,,,
"FIG.103",“cihnee'eesiini”,5,,,,
"FIG.103",heehehk.,6,,,,
"FIG.104",noh,1,,,,
"FIG.104",nehe',2,,,,
"FIG.104",hinen,3,,,,
"FIG.104",he'inee'eestoot,4,,,,
"FIG.104",heesinihii3eit.,5,,,,
"FIG.105",noh,1,,,,
"FIG.105",niistiit,2,,,,
"FIG.105",beetei,3,,,,
"FIG.105",noh,4,,,,
"FIG.105",ho3ii.,5,,,,
"FIG.106",noh,1,,,,
"FIG.106",hee3eihok,2,,,,
"FIG.106",“niistii,3,,,,
"FIG.106",ciibeet!,4,,,,
"FIG.107",“ciibeenono,1,,,,
"FIG.107",cihbe'eenino,2,,,,
"FIG.107",noh,3,,,,
"FIG.107",cihbeteetosoo'etino”,4,,,,
"FIG.107",hee3eihok.,5,,,,
"FIG.108",“noh,1,,,,
"FIG.108",neinoo,2,,,,
"FIG.108",hetcii3enoo”,3,,,,
"FIG.108",hee3eihok.,4,,,,
"FIG.109",noh,1,,,,
"FIG.109","he'nee'eestoot,",2,,,,
"FIG.110",noh,1,,,,
"FIG.110",tih'iistiit,2,,,,
"FIG.110","ciibeet,",3,,,,
"FIG.110",he'ne'cii3enoot,4,,,,
"FIG.110",hiniin,5,,,,
"FIG.110",ciibeet.,6,,,,
"FIG.111",noh,1,,,,
"FIG.111",nuhu',2,,,,
"FIG.111",honoh'oehiho',3,,,,
"FIG.111",ceese',4,,,,
"FIG.111","he'ne'ihcitoobeet,",5,,,,
"FIG.111",noh,6,,,,
"FIG.111",heehehk,7,,,,
"FIG.111",“wootoo,8,,,,
"FIG.111",no'oo,9,,,,
"FIG.111",nouuhcehi”,10,,,,
"FIG.111",heehehk.,11,,,,
"FIG.112",noh,1,,,,
"FIG.112",neniisi'owoo',2,,,,
"FIG.112",he'ne'ihcitoobeet;,3,,,,
"FIG.112",“wootoo,4,,,,
"FIG.112",no'oo,5,,,,
"FIG.112",nouuhcehi”,6,,,,
"FIG.112",heehehk.,7,,,,
"FIG.113",noh,1,,,,
"FIG.113",nuhu',2,,,,
"FIG.113",ciibeet,3,,,,
"FIG.113",he'ihnooh'oowunoo'oo.,4,,,,
"FIG.114",noh,1,,,,
"FIG.114",nehe',2,,,,
"FIG.114",ceese',3,,,,
"FIG.114",honoh'oehihi',4,,,,
"FIG.114",ci'eenee'eestoot.,5,,,,
"FIG.115",noh,1,,,,
"FIG.115","hei'bee3ihcitoobeet,",2,,,,
"FIG.115",“wootoo,3,,,,
"FIG.115",no'oo,4,,,,
"FIG.115","nouuhcehi,”",5,,,,
"FIG.115",heehehk.,6,,,,
"FIG.116",noh,1,,,,
"FIG.116",hiniinoon,2,,,,
"FIG.116",he'ihnouuhcehin.,3,,,,
"FIG.117",noh,1,,,,
"FIG.117",hiniisonooninoo,2,,,,
"FIG.117",he'ihni'i3ecoon.,3,,,,
"FIG.118",noh,1,,,,
"FIG.118",he'ne'ehce'iine'etii3i'.,2,,,,
"FIG.119",noh,1,,,,
"FIG.119",hoo3iihi',2,,,,
"FIG.119",nuhu',3,,,,
"FIG.119",honoh'oehiho',4,,,,
"FIG.119",he'ihbeexookeeno'.,5,,,,
"FIG.120",he'ih'iiteco'onhiiniseeno'.,1,,,,
"FIG.121",he'ih'iiceecoboono'.,1,,,,
"FIG.122",noh,1,,,,
"FIG.122",hiniisonooninoo,2,,,,
"FIG.122","nih'ii3eihohkoni',",3,,,,
"FIG.122",“hinee,4,,,,
"FIG.122",heetohno'otoo'oe',5,,,,
"FIG.122",ciibeh3ebisee'.,6,,,,
"FIG.123",hinenitee,1,,,,
"FIG.123",he'niitoot,2,,,,
"FIG.123","nono'oteihit,”",3,,,,
"FIG.123",hee3oohok.,4,,,,
"FIG.124",“hih'oo”,1,,,,
"FIG.125","hee,",1,,,,
"FIG.125",hee3eihok.,2,,,,
"FIG.126",noh,1,,,,
"FIG.126",hoo3iihi',2,,,,
"FIG.126",“3i'sooxe,3,,,,
"FIG.126",hinee,4,,,,
"FIG.126","heetohno'otoo'oe',",5,,,,
"FIG.126",heisonoonin,6,,,,
"FIG.126",niitoh-nihii-t”,7,,,,
"FIG.126",heehehkoni'.,8,,,,
"FIG.127",noh,1,,,,
"FIG.127","he'ne'yihoo3i',",2,,,,
"FIG.127",noh,3,,,,
"FIG.127",he'ih'itetowuu.,4,,,,
"FIG.128",niiinon,1,,,,
"FIG.128",he'ih'ooteen.,2,,,,
"FIG.129",he'ihciiteino'.,1,,,,
"FIG.130",beh'eihehiho,1,,,,
"FIG.130",he'ih'entoon.,2,,,,
"FIG.131",noh,1,,,,
"FIG.131",hee3eihohkoni',2,,,,
"FIG.131","“hiiwo'oehneehehkoni',",3,,,,
"FIG.131","neisiihoho',”",4,,,,
"FIG.131",heehehk.,5,,,,
"FIG.132",“hetiicih'ii3ooxuhube”,1,,,,
"FIG.132",hee3oohok.,2,,,,
"FIG.133",“hih'oo”,1,,,,
"FIG.133",heehehkoni'.,2,,,,
"FIG.134",he'ne'ii3ooxuhoo3i'.,1,,,,
"FIG.135",noh,1,,,,
"FIG.135",he'ihnei'oohootowuu,2,,,,
"FIG.135",he'ihtonotin,3,,,,
"FIG.135",3oonteec.,4,,,,
"FIG.136",noh,1,,,,
"FIG.136",nehe',2,,,,
"FIG.136",he'ih'eni'ei;,3,,,,
"FIG.137",wootii,1,,,,
"FIG.137",seenookuu,2,,,,
"FIG.137",he'ihnee'eesooni',3,,,,
"FIG.137",hinii3e'ee.,4,,,,
"FIG.138",noh,1,,,,
"FIG.138",hoo3iihi',2,,,,
"FIG.138",he'ihnokohunoo'oo.,3,,,,
"FIG.139",noh,1,,,,
"FIG.139",ceese',2,,,,
"FIG.139",nuhu',3,,,,
"FIG.139",honoh'oehihi',4,,,,
"FIG.139",he'ihwotikuu3ee,5,,,,
"FIG.139",ho'nookeen,6,,,,
"FIG.139","hisitee,",7,,,,
"FIG.139",'oh,8,,,,
"FIG.139","hei'bei'ci3eini3,",9,,,,
"FIG.139",he'ne'cii3kuu3oot,10,,,,
"FIG.139",hinii3e'eenin.,11,,,,
"FIG.140",noh,1,,,,
"FIG.140",nuhu',2,,,,
"FIG.140",hinii3e'eeno,3,,,,
"FIG.140",he'ihtoukuhunino,4,,,,
"FIG.140",hokooxune'.,5,,,,
"FIG.141",he'ihneh'eeno'.,1,,,,
"FIG.142",noh,1,,,,
"FIG.142",he'ihkookoh'unowuu,2,,,,
"FIG.142",hinii3e'eenin.,3,,,,
"FIG.143",noh,1,,,,
"FIG.143",he'ne'ce'eeckoohu3i'.,2,,,,
"FIG.144",he'ihno'eeckoohuno'.,1,,,,
"FIG.145",he'ihbiineeno',1,,,,
"FIG.145",hiniisonooninoo.,2,,,,
"FIG.146",“heetihseenookuu”,1,,,,
"FIG.146",hee3oohohkoni'.,2,,,,
"FIG.147",“nihnoh'oono',1,,,,
"FIG.147",hini',2,,,,
"FIG.147",hinen,3,,,,
"FIG.147",heinihii3ooo”,4,,,,
"FIG.147",heehehkoni'.,5,,,,
"FIG.148",“heihtousnoh'oobe”,1,,,,
"FIG.148",hee3eihohkoni',2,,,,
"FIG.148",hiniisonooninoo.,3,,,,
"FIG.149",“noh,1,,,,
"FIG.149",nih'ii3ooxuhoono';,2,,,,
"FIG.150",noh,1,,,,
"FIG.150",nihnokohut;,2,,,,
"FIG.151",noh,1,,,,
"FIG.151",nihciitoo'o3e'eihoono',2,,,,
"FIG.151",ho'nookeen,3,,,,
"FIG.151",hinii3e'eene';,4,,,,
"FIG.152",noh,1,,,,
"FIG.152",nee'eesnoh'oono'”,2,,,,
"FIG.152",heehehkoni'.,3,,,,
"FIG.153",“hih'oo,1,,,,
"FIG.153",hii3oobeinee”,2,,,,
"FIG.153",hee3eihohkoni'.,3,,,,
"FIG.154",noh,1,,,,
"FIG.154",cihhoo3iihi',2,,,,
"FIG.154",hee3eihohkoni':,3,,,,
"FIG.155",“hinee,1,,,,
"FIG.155",hohoot,2,,,,
"FIG.155","hoowuniihiihi',",3,,,,
"FIG.155",nee'eisookuut,4,,,,
"FIG.155","hohoot,",5,,,,
"FIG.155",nohuux,6,,,,
"FIG.155",heinootee'.,7,,,,
"FIG.156",nii'eihiisoono',1,,,,
"FIG.156",he'niitoo3i'”,2,,,,
"FIG.156",hee3eihohkoni',3,,,,
"FIG.156",hiniisonooninoo.,4,,,,
"FIG.157",“ciibehcou'uhe'”,1,,,,
"FIG.157",hee3eihohkoni'.,2,,,,
"FIG.158",noh,1,,,,
"FIG.158",hoo3iihi',2,,,,
"FIG.158",“sooxe,3,,,,
"FIG.158",yihoono'”,4,,,,
"FIG.158",heehehkoni'.,5,,,,
"FIG.159",“wohei,1,,,,
"FIG.159",tous”,2,,,,
"FIG.159",heehehk,3,,,,
"FIG.159",ceese'.,4,,,,
"FIG.160",he'ne'ii'iyihoo3i'.,1,,,,
"FIG.161",he'ih'iteseeno',1,,,,
"FIG.161",nuhu',2,,,,
"FIG.161",nii'eihiiho.,3,,,,
"FIG.162",he'ihnoho'ouuhuutoneeno'.,1,,,,
"FIG.163",noh,1,,,,
"FIG.163","he'ih'itenee,",2,,,,
"FIG.163",'oh,3,,,,
"FIG.163",hee3oohok,4,,,,
"FIG.163",“hiitou3o'et,5,,,,
"FIG.163",heisonoo,6,,,,
"FIG.163",no'usee3i?,7,,,,
"FIG.164",“noh,1,,,,
"FIG.164",niiwo'teeno'eti',2,,,,
"FIG.164",no'usee3i,3,,,,
"FIG.164",neisonoo”,4,,,,
"FIG.164",heehehk,5,,,,
"FIG.164",nii'eihihi'.,6,,,,
"FIG.165",noh,1,,,,
"FIG.165",ceexoon,2,,,,
"FIG.165","he'ne'itenoot,",3,,,,
"FIG.165",noh,4,,,,
"FIG.165",hee3oohok,5,,,,
"FIG.165",“hiitou3o'eti,6,,,,
"FIG.165",heinoo,7,,,,
"FIG.165",no'usee3i?”,8,,,,
"FIG.166",he'ihce'ceeceibii3oonee.,1,,,,
"FIG.167",noh,1,,,,
"FIG.167",heehehk,2,,,,
"FIG.167",nii'eihihi',3,,,,
"FIG.167",“niino'oteese',4,,,,
"FIG.167",neinoo,5,,,,
"FIG.167",no'usee3i”,6,,,,
"FIG.167",hee3eihok.,7,,,,
"FIG.168",cihkou3iihi',1,,,,
"FIG.168",he'ih['ii]noono'et.,2,,,,
"FIG.169",he'ihteswo'oteeyoo.,1,,,,
"FIG.170",he'ihno'oteese'.,1,,,,
"FIG.171",noh,1,,,,
"FIG.171",ne'ceese',2,,,,
"FIG.171",honoh'oehihi',3,,,,
"FIG.171",heehehk...,4,,,,
"FIG.171",he'ihcoboo,5,,,,
"FIG.171",hoh'onookei'i;,6,,,,
"FIG.171",heehehk,7,,,,
"FIG.171",“hihkoyikuutiininehk,8,,,,
"FIG.171",nuhu',9,,,,
"FIG.171","neic,",10,,,,
"FIG.171",heetneh'ei'een”,11,,,,
"FIG.171",hee3oohok,12,,,,
"FIG.171",heebe3ii'eihiiho.,13,,,,
"FIG.172","he'ihno'otoosoot,",1,,,,
"FIG.172",noh,2,,,,
"FIG.172",nehe',3,,,,
"FIG.172",heebe3ii'eihio,4,,,,
"FIG.172",he'ihcih'oowuh'ohun.,5,,,,
"FIG.173",he'ih'i3kuutii,1,,,,
"FIG.173",beic.,2,,,,
"FIG.174",he'ihnohkuhcih'o.,1,,,,
"FIG.175",noh,1,,,,
"FIG.175",nuhu',2,,,,
"FIG.175",beic,3,,,,
"FIG.175","he'ihcihceno'oono'unoo'oo,",4,,,,
"FIG.175",noh,5,,,,
"FIG.175",heebe3ii'eihii,6,,,,
"FIG.175",he'ihnoxowus,7,,,,
"FIG.175",ho'nookee3i'.,8,,,,
"FIG.176",noh,1,,,,
"FIG.176",ceese',2,,,,
"FIG.176",nii'eihii,3,,,,
"FIG.176","he'ihcih'oowuh'ohu,",4,,,,
"FIG.176",noh,5,,,,
"FIG.176",beebeet,6,,,,
"FIG.176",heestooni3,7,,,,
"FIG.176",niito',8,,,,
"FIG.176","nii'eihio,",9,,,,
"FIG.176","he'ihnee'eestoo,",10,,,,
"FIG.176",noh,11,,,,
"FIG.176",he'ihnoxowus.,12,,,,
"FIG.177",noh,1,,,,
"FIG.177",nuhu',2,,,,
"FIG.177",honoh'oehiho',3,,,,
"FIG.177",he'ihko'ookuuneneeno'.,4,,,,
"FIG.178",he'ihnohkeeckoohuno',1,,,,
"FIG.178",nuhu',2,,,,
"FIG.178",biiino'.,3,,,,
"FIG.179",he'ihbiineeno',1,,,,
"FIG.179",hiniisonooninoo.,2,,,,
"FIG.180",“heeyou?”,1,,,,
"FIG.180",hee3eihohkoni';,2,,,,
"FIG.181",noh,1,,,,
"FIG.181",''hini'iit,2,,,,
"FIG.181",hohoot,3,,,,
"FIG.181",heetohniisookuut,4,,,,
"FIG.181","nih'e3ebno'useeno',",5,,,,
"FIG.181",noh,6,,,,
"FIG.181",nihnoonoh'oono',7,,,,
"FIG.181",heebe3ii'eihiiho”,8,,,,
"FIG.181",heehehkoni'.,9,,,,
"FIG.182",“hih'oo,1,,,,
"FIG.182",hii3oobeinee”,2,,,,
"FIG.182",hee3oohok.,3,,,,
"FIG.183",noh,1,,,,
"FIG.183",ci',2,,,,
"FIG.183",he'ne'iinihii3oot:,3,,,,
"FIG.184",“ne'nehe',1,,,,
"FIG.184",hohoot,2,,,,
"FIG.184","teebe'eit,",3,,,,
"FIG.184",ciibehtootisee;,4,,,,
"FIG.185",niinoxowenoot,1,,,,
"FIG.185","hineniteeno,''",2,,,,
"FIG.185",hee3oohok.,3,,,,
"FIG.186",“hih'oo”,1,,,,
"FIG.186",heehee3eihok.,2,,,,
"FIG.187",noh,1,,,,
"FIG.187",hoo3iihi',2,,,,
"FIG.187",he'ihyihoono'.,3,,,,
"FIG.188",he'ih'iteseeno'.,1,,,,
"FIG.189",hohootin,1,,,,
"FIG.189",too3iihi',2,,,,
"FIG.189",he'ih3i'ookuuno'.,3,,,,
"FIG.190",noh,1,,,,
"FIG.190",nehe',2,,,,
"FIG.190",hohoot,3,,,,
"FIG.190",he'ihyii3oninoo'oo,4,,,,
"FIG.190",heetooni3i.,5,,,,
"FIG.191",he'ih'iiyohootinoo'oonino.,1,,,,
"FIG.192",he'ih3o'us,1,,,,
"FIG.192",nehe',2,,,,
"FIG.192",hohoot.,3,,,,
"FIG.193",he'ih'eeneitenowuu.,1,,,,
"FIG.194",bexo,1,,,,
"FIG.194",he'ih'ookootiino'.,2,,,,
"FIG.195",he'ihciitenowuu.,1,,,,
"FIG.196",“hetibeseb”,1,,,,
"FIG.196",hee3oohohkoni',2,,,,
"FIG.196",hiniinooninoo.,3,,,,
"FIG.197",“tootheihiitixotiibe”,1,,,,
"FIG.197",hee3eihohkoni'.,2,,,,
"FIG.198",noh,1,,,,
"FIG.198",hee3oohohkoni',2,,,,
"FIG.198",“hini'iit,3,,,,
"FIG.198",neniisookuut,4,,,,
"FIG.198","hohoot,",5,,,,
"FIG.198","nih'oninoo'oot,",6,,,,
"FIG.198",noh,7,,,,
"FIG.198",nih3o'usi'.,8,,,,
"FIG.199",noh,1,,,,
"FIG.199",nihcih'eeneitenowuno'.”,2,,,,
"FIG.200",“kei3oobeibe”,1,,,,
"FIG.200",hee3eihohkoni'.,2,,,,
"FIG.201",“hii3oobeino'”,1,,,,
"FIG.201",heehehkoni'.,2,,,,
"FIG.202",noh,1,,,,
"FIG.202",hee3eihohkoni',2,,,,
"FIG.202",hiniisonooninoo:,3,,,,
"FIG.202",“hinee,4,,,,
"FIG.202","hii3e',",5,,,,
"FIG.202",ciibeh'e3ebisee.,6,,,,
"FIG.203",heentoo3i',1,,,,
"FIG.203",ceneeno'.,2,,,,
"FIG.204",ciibehcebii'.,1,,,,
"FIG.205",hiihoowcebiino'”,1,,,,
"FIG.205",hee3eihohkoni'.,2,,,,
"FIG.206",noh,1,,,,
"FIG.206",hoo3iihi',2,,,,
"FIG.206",he'ihyihoono'.,3,,,,
"FIG.207",he'ihnoohobeeno',1,,,,
"FIG.207",ceneeno;,2,,,,
"FIG.208",noh,1,,,,
"FIG.208",he'ihceecebiino'.,2,,,,
"FIG.209",he'ihciibeseeno'.,1,,,,
"FIG.210",he'ihkoyih'ohukoohunino.,1,,,,
"FIG.211",noh,1,,,,
"FIG.211",xonou,2,,,,
"FIG.211",he'ihnoohootowuu,3,,,,
"FIG.211",heseis.,4,,,,
"FIG.212",he'ih'ookoo3ce3koohuno'.,1,,,,
"FIG.213",ceese',1,,,,
"FIG.213",he'ih'iiscii3ihcehi;,2,,,,
"FIG.214",noh,1,,,,
"FIG.214",ceese',2,,,,
"FIG.214",he'ihno'o'ees,3,,,,
"FIG.214",beebei'on.,4,,,,
"FIG.215",he'ihnousi,1,,,,
"FIG.215","hiikoo',",2,,,,
"FIG.215",noh,3,,,,
"FIG.215",hoo3iihi',4,,,,
"FIG.215",he'ihbii'ine',5,,,,
"FIG.215",betebihehiho;,6,,,,
"FIG.216",noh,1,,,,
"FIG.216",hee3eihok,2,,,,
"FIG.216",“hiiwo',3,,,,
"FIG.216",henee'eehek,4,,,,
"FIG.216",neisie,5,,,,
"FIG.216",bii'oxuyoo.”,6,,,,
"FIG.217",he'ne'ookoo3oot,1,,,,
"FIG.217",heetoh'ooteeni'i.,2,,,,
"FIG.218",he'ne'iinii3inoot.,1,,,,
"FIG.219",noh,1,,,,
"FIG.219",hoo3iihi',2,,,,
"FIG.219",neecee,3,,,,
"FIG.219","he'ihnoooxunee,",4,,,,
"FIG.219",noh,5,,,,
"FIG.219",heehehk,6,,,,
"FIG.219",“tooncee3oot,7,,,,
"FIG.219",beexouu[obv??],8,,,,
"FIG.219",hootniiwoot,9,,,,
"FIG.219","notoone,”",10,,,,
"FIG.219",heehehk.,11,,,,
"FIG.220",noh,1,,,,
"FIG.220",nehe',2,,,,
"FIG.220",bii'oxuyoo,3,,,,
"FIG.220",hee3oohok,4,,,,
"FIG.220","hinii'iwoho,",5,,,,
"FIG.220",“heetnii3noyeinoo”,6,,,,
"FIG.220",hee3oohok,7,,,,
"FIG.220",hinii'iwoho'.,8,,,,
"FIG.221",noh,1,,,,
"FIG.221",hee3eihok,2,,,,
"FIG.221","“heihoowuni'nii3noyei,",3,,,,
"FIG.221",tohwoxeihin”,4,,,,
"FIG.221",hee3oohok.,5,,,,
"FIG.222",noh,1,,,,
"FIG.222",bii'oxuyoo,2,,,,
"FIG.222",he'ihnihi'nei.,3,,,,
"FIG.223",noh,1,,,,
"FIG.223","he'ne'nii3noyeit,",2,,,,
"FIG.223",noh,3,,,,
"FIG.223",tohnooke',4,,,,
"FIG.223",he'ihce3ee,5,,,,
"FIG.223",beexouu.,6,,,,
"FIG.224","he'ih'i3eihin,",1,,,,
"FIG.224",cebe'eini3.,2,,,,
"FIG.225",noh,1,,,,
"FIG.225",houu,2,,,,
"FIG.225",ci'he'ihnehce3ee.,3,,,,
"FIG.226",he'inee'eeniisi3i',1,,,,
"FIG.226",ce3eihi3i'.,2,,,,
"FIG.227",noh,1,,,,
"FIG.227",bii'oxuyoo,2,,,,
"FIG.227",he'neen,3,,,,
"FIG.227",hii3eihini3,4,,,,
"FIG.227","hihce3ooon,",5,,,,
"FIG.227",noh,6,,,,
"FIG.227",nehe',7,,,,
"FIG.227",houu,8,,,,
"FIG.227",hihce3ooon,9,,,,
"FIG.227",he'ihcii3eihin.,10,,,,
"FIG.228",noh,1,,,,
"FIG.228",bii'oxuyoo,2,,,,
"FIG.228",he'ihcih'eti3e',3,,,,
"FIG.228",noh,4,,,,
"FIG.228",houu,5,,,,
"FIG.228",hinen[in],6,,,,
"FIG.228",hiitoonehini3.,7,,,,
"FIG.229",noh,1,,,,
"FIG.229",hiseihiho',2,,,,
"FIG.229",hee3eihohkoni',3,,,,
"FIG.229",“henee',4,,,,
"FIG.229",heetniibeiit?”,5,,,,
"FIG.229",hee3eihok.,6,,,,
"FIG.230",nehe',1,,,,
"FIG.230",beneesiseit,2,,,,
"FIG.230",noh,3,,,,
"FIG.230",heehehk,4,,,,
"FIG.230",“houu,5,,,,
"FIG.230",heetneenit,6,,,,
"FIG.230","neniibeiit,",7,,,,
"FIG.230",tohwoxeihit,8,,,,
"FIG.230",bii'oxuyoo.,9,,,,
"FIG.231",nehe',1,,,,
"FIG.231",heetneenit,2,,,,
"FIG.231","heniibeiit,",3,,,,
"FIG.231",bii'oxuyoo”,4,,,,
"FIG.231",heehehk,5,,,,
"FIG.231",nehe',6,,,,
"FIG.231",beneesiseit.,7,,,,
"FIG.232",noh,1,,,,
"FIG.232",bii'oxuyoo,2,,,,
"FIG.232",he'ne'niiwoot,3,,,,
"FIG.232",nuh'uuno,4,,,,
"FIG.232",heecesiseini3.,5,,,,
"FIG.233",he'ne'beneesiseit[sic],1,,,,
"FIG.233",houu,2,,,,
"FIG.233",he'ihneenin,3,,,,
"FIG.233",hiniibeiiton.,4,,,,
"FIG.234",noh,1,,,,
"FIG.234",hoo3iihi',2,,,,
"FIG.234",bii'oxuyoo,3,,,,
"FIG.234",he'ihce'eseih.,4,,,,
"FIG.235","he'ihtes'i3eih,",1,,,,
"FIG.235",noh,2,,,,
"FIG.235",he'ihbeexookee.,3,,,,
"FIG.236",noh,1,,,,
"FIG.236",beexoo3iihi',2,,,,
"FIG.236",he'ne'inihiit,3,,,,
"FIG.236","bii'oxuyoo,",4,,,,
"FIG.236",noh,5,,,,
"FIG.236",heehehk...,6,,,,
"FIG.237",noh,1,,,,
"FIG.237",hee3oohok,2,,,,
"FIG.237",neeceen,3,,,,
"FIG.237","''hetnoooxunee,''",4,,,,
"FIG.238",hee3oohok.,1,,,,
"FIG.238",“nooke'ehk,2,,,,
"FIG.238",heetbiskoohunoo;,3,,,,
"FIG.238",hii3einoon;,4,,,,
"FIG.239",heetnotiihoot”,1,,,,
"FIG.239",heehehk.,2,,,,
"FIG.240",noh,1,,,,
"FIG.240",nehe',2,,,,
"FIG.240",neecee,3,,,,
"FIG.240","he'ne'noooxuneet,",4,,,,
"FIG.240",noh,5,,,,
"FIG.240",neehehk,6,,,,
"FIG.240",“bii'oxuyoo,7,,,,
"FIG.240",heetbiskoohut,8,,,,
"FIG.240",nohkuseic.,9,,,,
"FIG.241",hii3einoonin,1,,,,
"FIG.241",heetnotiihoot”,2,,,,
"FIG.241",heehehk,3,,,,
"FIG.241",neecee.,4,,,,
"FIG.242",noh,1,,,,
"FIG.242",tohnoohooto',2,,,,
"FIG.242","nooke'niini',",3,,,,
"FIG.243",he'ne'iibiskoohut;,1,,,,
"FIG.244",noh,1,,,,
"FIG.244",he'ihbii'iihee,2,,,,
"FIG.244",hii3einoonin.,3,,,,
"FIG.245",noh,1,,,,
"FIG.245",he'ne'iikonohxootiini';,2,,,,
"FIG.246",noh,1,,,,
"FIG.246",he'ihnoh'eeno'.,2,,,,
"FIG.247",noh,1,,,,
"FIG.247",ne'nih'ii'teco'onniistoohok.,2,,,,
"FIG.248",noh,1,,,,
"FIG.248",ne'nih'ii'ciinesnootiini'ehk.,2,,,,
"FIG.249",noh,1,,,,
"FIG.249",bii'oxuyoo,2,,,,
"FIG.249",he'ihneeceen.,3,,,,
"FIG.250",noh,1,,,,
"FIG.250",nehe',2,,,,
"FIG.250",houu,3,,,,
"FIG.250",he'ih3oonouhu.,4,,,,
"FIG.251",he'ihwoxeenebe',1,,,,
"FIG.251",hiniin.,2,,,,
"FIG.252",nee'ei'ise'.,1,,,,
