ref,word,num,dep,label,dep2,label2
"FOODS.001",Niiwonotoonootowoo,1,,,,
"FOODS.001",co'ocoo,2,,,,
"FOODS.001",hotooneeno'oowuu'.,3,,,,
"FOODS.002",Heetno'xotoneinoo,1,,,,
"FOODS.002",hoseino',2,,,,
"FOODS.002",neisie.,3,,,,
"FOODS.003",Hinee,1,,,,
"FOODS.003",cee'ee',2,,,,
"FOODS.003",ceniinoo'onei'oo'.,3,,,,
"FOODS.004",Niini'iicetowoo,1,,,,
"FOODS.004",biibinoot.,2,,,,
"FOODS.005",Heetwonotoonowo',1,,,,
"FOODS.005",nehei,2,,,,
"FOODS.005",nihooncebitee.,3,,,,
"FOODS.006",Neihoowuni'tonoun,1,,,,
"FOODS.006",niisiscoo'.,2,,,,
"FOODS.007",Nihnonih'inoo,1,,,,
"FOODS.007",niicooo'owu',2,,,,
"FOODS.007",tihwoteekoohunoo.,3,,,,
"FOODS.008",He'iiteihi3i,1,,,,
"FOODS.008",hiibeexno'uxotii,2,,,,
"FOODS.008",niih'oucoo'.,3,,,,
"FOODS.009",Niini'cooti'i,1,,,,
"FOODS.009",nih'oo3ouwox,2,,,,
"FOODS.009",noh,3,,,,
"FOODS.009",noono.,4,,,,
"FOODS.010",Hinee,1,,,,
"FOODS.010",noon,2,,,,
"FOODS.010",heetno'oeetiinoo.,3,,,,
"FOODS.011",Hini',1,,,,
"FOODS.011",neecee,2,,,,
"FOODS.011",hibetebihow,3,,,,
"FOODS.011",nihnoohowooni3,4,,,,
"FOODS.011",hii3einoonin.,5,,,,
"FOODS.012",Hinee,1,,,,
"FOODS.012",hinen,2,,,,
"FOODS.012",hiihoowbiinee,3,,,,
"FOODS.012",nooku[o].,4,,,,
"FOODS.013",Ceneeno',1,,,,
"FOODS.013",nee3neeni'ceihi3i'.,2,,,,
"FOODS.014",Neesebi,1,,,,
"FOODS.014",heetbii3woo3oot,2,,,,
"FOODS.014",nih'oo3ounii'eihii.,3,,,,
"FOODS.015","Heestei'i,",1,,,,
"FOODS.015",ne'nii'oowohbii3inoo,2,,,,
"FOODS.015",niitoyoowu'.,3,,,,
"FOODS.016",Nehei,1,,,,
"FOODS.016",nih'oxobeinoo,2,,,,
"FOODS.016",hokok,3,,,,
"FOODS.016",noh,4,,,,
"FOODS.016",cebteenoc.,5,,,,
"FOODS.017",Niino'ototooto',1,,,,
"FOODS.017",hinee,2,,,,
"FOODS.017",honoh'oe,3,,,,
"FOODS.017",biino.,4,,,,
"FOODS.017",[NOTE,5,,,,
"FOODS.017",FREE,6,,,,
"FOODS.017",CONST,7,,,,
"FOODS.017",ORDER],8,,,,
"FOODS.018",Niini'iiceto',1,,,,
"FOODS.018",neehebehe',2,,,,
"FOODS.018",niihoonice'eeni'i.,3,,,,
"FOODS.019",Heetnoh'ouube3en:,1,,,,
"FOODS.019",nowo',2,,,,
"FOODS.019",heetbiinoono'.,3,,,,
"FOODS.020",Heet3ouxoh'oet,1,,,,
"FOODS.020",woniihiiho,2,,,,
"FOODS.020",nei'eibehe'.,3,,,,
"FOODS.021",Nee3neeni'cooti'i,1,,,,
"FOODS.021",hokeihtoono.,2,,,,
"FOODS.022",Ho'uw,1,,,,
"FOODS.022",niini'coo',2,,,,
"FOODS.022",3onouxoh'u'[u].,3,,,,
"FOODS.023",Nei'eibehe',1,,,,
"FOODS.023",nihniiwookoxoneinoo,2,,,,
"FOODS.023",3o'ohcoo.,3,,,,
"FOODS.024",Nihwonkou'unou'u,1,,,,
"FOODS.024",neyei3eihiiho',2,,,,
"FOODS.024",bee'ice'eeni'i.,3,,,,
"FOODS.025",Hinee,1,,,,
"FOODS.025",nooxowouhu3i',2,,,,
"FOODS.025",niibeesiii'oo3i',3,,,,
"FOODS.025",noowuuhu'.,4,,,,
"FOODS.026",Niiciinoo'oni'iicowoot,1,,,,
"FOODS.026",nebesiibehe',2,,,,
"FOODS.026",niiscibouhuni3i.,3,,,,
"FOODS.027",Heetnehno'xotone3en,1,,,,
"FOODS.027",yeneini3i'.,2,,,,
"FOODS.028",Woow,1,,,,
"FOODS.028",heniisetei'i,2,,,,
"FOODS.028",hini',3,,,,
"FOODS.028",nonookuce'ei'i.,4,,,,
"FOODS.029",Cihcebenoo,1,,,,
"FOODS.029",hinee,2,,,,
"FOODS.029",kouhuyoo'.,3,,,,
"FOODS.030",Beskooteeno,1,,,,
"FOODS.030",noh,2,,,,
"FOODS.030",nihooncebitee,3,,,,
"FOODS.030",niiso'uuhu',4,,,,
"FOODS.030",niini'cooti'i.,5,,,,
"FOODS.031",Neihoowu'uh,1,,,,
"FOODS.031",ni'iicet,2,,,,
"FOODS.031",koo'ohwootno.,3,,,,
"FOODS.032",Niicihno'otooneenoo,1,,,,
"FOODS.032",3o'hoeno.,2,,,,
"FOODS.033","Benii'owuuni'ehk,",1,,,,
"FOODS.033",heetciinenowoo,2,,,,
"FOODS.033",ceeyowciineyoono.,3,,,,
"FOODS.034",Hi'iiisoono',1,,,,
"FOODS.034",noh,2,,,,
"FOODS.034",kookee'eibino',3,,,,
"FOODS.034",niini'ceihi3i'.,4,,,,
"FOODS.035",Nei'eibehe',1,,,,
"FOODS.035",niiteco'oniistonei'eet,2,,,,
"FOODS.035",so'coo.,3,,,,
"FOODS.036",Co'cooniinenno',1,,,,
"FOODS.036",niini'iicetou'u,2,,,,
"FOODS.036",niih'oucooti'i.,3,,,,
"FOODS.037",Heet3ouxoh'o',1,,,,
"FOODS.037",noo'oeeyoo,2,,,,
"FOODS.037",neinoo.,3,,,,
"FOODS.038",Nebi,1,,,,
"FOODS.038",heetniistiit,2,,,,
"FOODS.038",ciinecei'ikuu3oono.,3,,,,
"FOODS.039",Nihcowotootowoo,1,,,,
"FOODS.039",bih'ihiinoseino'.,2,,,,
"FOODS.040",Nii3oe'ni',1,,,,
"FOODS.040",noh,2,,,,
"FOODS.040",woniihiiho',3,,,,
"FOODS.040",heetnibiini'i,4,,,,
"FOODS.040",hi3ouuniihi'.,5,,,,
