ref,word,num,dep,label,dep2,label2
"Gospel.001",Neixoo,1,,,,
"Gospel.001",howouunonei'ee,2,,,,
"Gospel.002",Yiihoonoo,1,,,,
"Gospel.002",heetoon,2,,,,
"Gospel.003",Nohkuuhu',1,,,,
"Gospel.003",neito'eino',2,,,,
"Gospel.004",Neixoo,1,,,,
"Gospel.004",howouunoni,2,,,,
"Gospel.005",Hi3eti'ehk,1,,,,
"Gospel.005",heetoon,2,,,,
"Gospel.006",hihcebe',1,,,,
"Gospel.006",notiitii,2,,,,
"Gospel.007",Hi3eti'ehk,1,,,,
"Gospel.007",heetoon,2,,,,
"Gospel.008",Neixoo,1,,,,
"Gospel.008",howouunoni,2,,,,
