ref,word,num,dep,label,dep2,label2
"Hor.001",Cenih'iisiii'oonoo,1,,,,
"Hor.001",nebesiiwoho',2,,,,
"Hor.001","nihniiih'oh'u3i',",3,,,,
"Hor.001",noh,4,,,,
"Hor.001",nei'eibehe'.,5,,,,
"Hor.002",Ne'e'inootinoo,1,,,,
"Hor.002",nuhu',2,,,,
"Hor.002",tohuuP,3,,,,
"Hor.002",nei'eibehe',4,,,,
"Hor.002",noh,5,,,,
"Hor.002",nebesiibehe',6,,,,
"Hor.002",tihnee3i',7,,,,
"Hor.002",tihniiih'oh'u3i'.,8,,,,
"Hor.003",Ne'P,1,,,,
"Hor.003",nee'ee'okeciihihinoo,2,,,,
"Hor.003",kookon,3,,,,
"Hor.003",neh'eeno,4,,,,
"Hor.003",nihP,5,,,,
"Hor.003",neihceniisoo3eiit,6,,,,
"Hor.003",neih'oowuunci3e'.,7,,,,
"Hor.004",neih'oowuuniiih'oh'e'.,1,,,,
"Hor.005",neih'oowni'eenebe'.,1,,,,
"Hor.006",Nuhu',1,,,,
"Hor.006",nei'eibehe',2,,,,
"Hor.006",neneenit,3,,,,
"Hor.006","nih'iteneit,",4,,,,
"Hor.006",noh,5,,,,
"Hor.006",nehe',6,,,,
"Hor.006",nebesiibehe'.,7,,,,
"Hor.007",'oh,1,,,,
"Hor.007",nuhu',2,,,,
"Hor.007",nebesiiwoho',3,,,,
"Hor.007",nih'iico'onbiibiini3i',4,,,,
"Hor.007",heeyouhuu.,5,,,,
"Hor.008",Woxhooxebii,1,,,,
"Hor.008",hiit,2,,,,
"Hor.008",nihbeexowuwu3i'.,3,,,,
"Hor.009",They,1,,,,
"Hor.009",don't,2,,,,
"Hor.009",use,3,,,,
"Hor.009",that,4,,,,
"Hor.009",word,5,,,,
"Hor.009",�'',6,,,,
"Hor.009",beexow.,7,,,,
"Hor.010",Nihbeexowuwu3i',1,,,,
"Hor.010","woxhooxebii,",2,,,,
"Hor.010",He'iiP,3,,,,
"Hor.010",He'iisnii3nowoonoo3i,4,,,,
"Hor.010",[hi],5,,,,
"Hor.010",tookowuuho'.*****,6,,,,
"Hor.011",''Wo'teenii'ehisei'',1,,,,
"Hor.011",nih'iisi3i',2,,,,
"Hor.011",neneeninoo.,3,,,,
"Hor.012",noh,1,,,,
"Hor.012",nihbiini3i'.,2,,,,
"Hor.013",nihbixooxu3i'.,1,,,,
"Hor.014",Noh,1,,,,
"Hor.014",nuhu',2,,,,
"Hor.014",honoot,3,,,,
"Hor.014",ciineyei3einoo,4,,,,
"Hor.014",woow,5,,,,
"Hor.014",nooxeihi',6,,,,
"Hor.014",neneescecnibeenoo,7,,,,
"Hor.014",wo'ei3,8,,,,
"Hor.014",he'yein,9,,,,
"Hor.014",nih'iiteexokunoo,10,,,,
"Hor.014",woxhooxebii.,11,,,,
"Hor.015",Nebesiibehe',1,,,,
"Hor.015",nihnii3inouhut,2,,,,
"Hor.015",nihnookeihit.,3,,,,
"Hor.016",''Nookbih'ihoox'',1,,,,
"Hor.016",nih'ii3oot,2,,,,
"Hor.016",hitoniho'.,3,,,,
"Hor.017",Noh,1,,,,
"Hor.017",neneenit,2,,,,
"Hor.017","neih'iiniikoheiit,",3,,,,
"Hor.017",hi'in,4,,,,
"Hor.017",nookbih'ihoox.,5,,,,
"Hor.018",Noh,1,,,,
"Hor.018",nosounokecii'iseihinoo,2,,,,
"Hor.018",'oh,3,,,,
"Hor.018",heenoo,4,,,,
"Hor.018",niicihni'eenowou'u,5,,,,
"Hor.018",woxhooxebii.,6,,,,
"Hor.019",Noh,1,,,,
"Hor.019",teeco'onitonih'inoo,2,,,,
"Hor.019",woxhooxebii.,3,,,,
"Hor.020",Hu'un,1,,,,
"Hor.020",nebesiiwoho',2,,,,
"Hor.020",nenee3i',3,,,,
"Hor.020",nihnee3neeno'oteenebi3i'.,4,,,,
"Hor.021",'oh,1,,,,
"Hor.021",nehe',2,,,,
"Hor.021",hisei,3,,,,
"Hor.021",neihceniisoo3eiit,4,,,,
"Hor.021",neih'oowni'eenebe'.,5,,,,
"Hor.022",Nihco'onkouuteenebeinoo.,1,,,,
"Hor.023",nihco'onniinih'oubeinoo.,1,,,,
"Hor.024",Noh,1,,,,
"Hor.024",nuhu',2,,,,
"Hor.024",nebesiiwoho',3,,,,
"Hor.024",neneiheihi3i';,4,,,,
"Hor.025",noottonou'u,1,,,,
"Hor.025",heeyouhuu,2,,,,
"Hor.025",neih'oowuuciini'oowoono'.,3,,,,
"Hor.026",ne'nih'iistoo3i'.,1,,,,
"Hor.027",Noh,1,,,,
"Hor.027",nee'eesinihiinoo,2,,,,
"Hor.027",nuhu',3,,,,
"Hor.027",toh'uuniikoheinoo.,4,,,,
"Hor.028",'oh,1,,,,
"Hor.028",hiiwoonhehe',2,,,,
"Hor.028",tohuuciinoohobeihi3i',3,,,,
"Hor.028",tohuuciibisiikohei3i',4,,,,
"Hor.028",nuh'uuno,5,,,,
"Hor.028",tei'yoonoh'o',6,,,,
"Hor.028",nih'ii3ei'eseihinoo.,7,,,,
"Hor.029",Hoowuuniikohei'i.,1,,,,
"Hor.030",beebeet,1,,,,
"Hor.030",hi'in,2,,,,
"Hor.030",niiniihencebkoohuni3,3,,,,
"Hor.030",neneeni3,4,,,,
"Hor.030",hiiniikoheiitooninoo.,5,,,,
"Hor.031",Nih'ee3neebixooxu3i',1,,,,
"Hor.031",he'inowoo,2,,,,
"Hor.031",nuhu',3,,,,
"Hor.031",beh'eihoho'.,4,,,,
"Hor.032",'oh,1,,,,
"Hor.032",hih'oownih'oo3ouyeitino'.,2,,,,
"Hor.033",noh,1,,,,
"Hor.033",hih'oowniitobeeno',2,,,,
"Hor.033",nih'oo3ou'u.,3,,,,
"Hor.034",Noh,1,,,,
"Hor.034",nih'i3etini',2,,,,
"Hor.034",hiteenetiitooninoo.,3,,,,
"Hor.035",nih'iico'onii3etini'.,1,,,,
"Hor.036",Nihi'iikohkuseenooni'.,1,,,,
"Hor.037",'oh,1,,,,
"Hor.037",nuhu',2,,,,
"Hor.037",hiiwoonhehe',3,,,,
"Hor.037",siiyeikookon,4,,,,
"Hor.037",nee3nee3o'P,5,,,,
"Hor.037",hohookeeneihino'.,6,,,,
"Hor.038",Noh,1,,,,
"Hor.038",nuhu',2,,,,
"Hor.038",nebesiiwoho',3,,,,
"Hor.038",nei'eene'etiit,4,,,,
"Hor.038",noh,5,,,,
"Hor.038",nuhu',6,,,,
"Hor.038",woxhooxebii.,7,,,,
"Hor.039",Nihco'oniini,1,,,,
"Hor.039",hononitoni3i'.,2,,,,
"Hor.040",Nebesiibehe',1,,,,
"Hor.040",nihko'eno'P,2,,,,
"Hor.040",nihkooko'uxo',3,,,,
"Hor.040",nihii,4,,,,
"Hor.040",nuh'uuno,5,,,,
"Hor.040",woxu'uno.,6,,,,
"Hor.041",'oh,1,,,,
"Hor.041",nih'iico'ooyeitiit,2,,,,
"Hor.041",hini',3,,,,
"Hor.041",nih'iitooxobeihi3i',4,,,,
"Hor.041",nuhu',5,,,,
"Hor.041",woxhooxebii.,6,,,,
"Hor.042",Ceeciiniini'i,1,,,,
"Hor.042",'oh,2,,,,
"Hor.042",nee'eeP,3,,,,
"Hor.042",nehe'nih'iistoo3i'.,4,,,,
"Hor.043",Nihco'onnoo'oeniiniiboohunoono',1,,,,
"Hor.043",nebesiibehe',2,,,,
"Hor.043",nuhu',3,,,,
"Hor.043",woxhooxebii.,4,,,,
"Hor.044",Nihniiniisih'oo3i'.,1,,,,
"Hor.045",Hi'in,1,,,,
"Hor.045",hih'iiciitoo'onooon,2,,,,
"Hor.045",nehe',3,,,,
"Hor.045",nebesiibehe',4,,,,
"Hor.045","nih'ii3oot,",5,,,,
"Hor.045",''Jake!'',6,,,,
"Hor.046",ne'nih'iisih'oot.,1,,,,
"Hor.047",'oh,1,,,,
"Hor.047",hi'in,2,,,,
"Hor.047",ceexoon,3,,,,
"Hor.047",'oh,4,,,,
"Hor.047",''Oats'',5,,,,
"Hor.047",nih'ii3oot.,6,,,,
"Hor.048",Nihnookeiht,1,,,,
"Hor.048",noh,2,,,,
"Hor.048",nihwo'teeneihini3i.,3,,,,
"Hor.049",'oh,1,,,,
"Hor.049",nuhu',2,,,,
"Hor.049",hihteexokuuton,3,,,,
"Hor.049",woxhooxebii,4,,,,
"Hor.049",''Nonookteh'eit'',5,,,,
"Hor.049",nih'ii3oot.,6,,,,
"Hor.050",hi'in,1,,,,
"Hor.050",nooxeihi',2,,,,
"Hor.050","nihii,",3,,,,
"Hor.050",hi'in,4,,,,
"Hor.050","kokuteeniini,",5,,,,
"Hor.050",nehe',6,,,,
"Hor.050",nih'ini,7,,,,
"Hor.050",nohkco'oot,8,,,,
"Hor.050",neh'eeno,9,,,,
"Hor.050",nihii,10,,,,
"Hor.050",woxhoox.,11,,,,
"Hor.051",'oh,1,,,,
"Hor.051",nenee3i',2,,,,
"Hor.051",nuhu',3,,,,
"Hor.051",neih'iibixoo3ooono',4,,,,
"Hor.051",honoot,5,,,,
"Hor.051",tihciineyei3einoo.,6,,,,
"Hor.052",Noh,1,,,,
"Hor.052",siiyeineih'oowuuniini'nih'oo3ouniitobee,2,,,,
"Hor.052",tihneyei3einoo.,3,,,,
"Hor.053",Nih'ee3neeneetebinouhuuninoo.,1,,,,
"Hor.054",Noh,1,,,,
"Hor.054",hiiwoonhehe',2,,,,
"Hor.054",nosounetebinouhuuninoo.,3,,,,
