ref,word,num,dep,label,dep2,label2
"HowI.001",'oh,1,,,,
"HowI.001",nuhu',2,,,,
"HowI.001","hoo3oo'o',",3,,,,
"HowI.001",nei'eiwoho',4,,,,
"HowI.001",huut,5,,,,
"HowI.001","ci',",6,,,,
"HowI.001",nenee3i',7,,,,
"HowI.001",neihniii'oh'eiitono'.,8,,,,
"HowI.002",Nehe',1,,,,
"HowI.002",nihii,2,,,,
"HowI.002",hoteineecee,3,,,,
"HowI.002",ne'nih'iisih'it,4,,,,
"HowI.002",nehe',5,,,,
"HowI.002",nebesiibehe'.,6,,,,
"HowI.003",'oh,1,,,,
"HowI.003",hu'un,2,,,,
"HowI.003",ceese',3,,,,
"HowI.003","hiisoh'o,",4,,,,
"HowI.003","woxonoh'oe,",5,,,,
"HowI.003",ne'nih'iisih'it.,6,,,,
"HowI.004",Noh,1,,,,
"HowI.004",nehe',2,,,,
"HowI.004",nei'eibehe',3,,,,
"HowI.004","heebetohuuk,",4,,,,
"HowI.004",ne'nih'iisih'it.,5,,,,
"HowI.005",'oh,1,,,,
"HowI.005","nih'ini,",2,,,,
"HowI.005",nih'iiniiboohou'u.,3,,,,
"HowI.006","ne'nih'iitiisiii'oonoo,",1,,,,
"HowI.006",nuhu',2,,,,
"HowI.006",beh'eihohoho'.,3,,,,
"HowI.007",Nih'iinii'eP,1,,,,
"HowI.007",nii'eP,2,,,,
"HowI.007",hiincisi3i'.,3,,,,
"HowI.008",noh,1,,,,
"HowI.008","ne'ii'ini,",2,,,,
"HowI.008",nih'ini,3,,,,
"HowI.008",beetce'eeneiteneinoo,4,,,,
"HowI.008",neh'eeno,5,,,,
"HowI.008","bih'ihiiniibei'i,",6,,,,
"HowI.009",'oh,1,,,,
"HowI.009",3ebce'iiteni3i'.,2,,,,
"HowI.010",'oh,1,,,,
"HowI.010",neih'oowuu3ookuh.,2,,,,
"HowI.011",Neih'oowuu3ooku[hoo]no',1,,,,
"HowI.011",tih'e3ebce'iiteni3i'.,2,,,,
"HowI.012","Hei'cei'koohu[noo],",1,,,,
"HowI.012",nihco'onoteibinoo.,2,,,,
"HowI.013",Hiisii',1,,,,
"HowI.013",teeco'onoteibinoo.,2,,,,
"HowI.014","Neih'oowuuni,",1,,,,
"HowI.014",neih'oowbii3ihiin[oon].,2,,,,
"HowI.015",Wo'ei3,1,,,,
"HowI.015","neih'oowuuni,",2,,,,
"HowI.015",tihnee'eeneesinihii3einoo,3,,,,
"HowI.015",nehe',4,,,,
"HowI.015",bih'ihiiniibei'i.,5,,,,
"HowI.016",Neih'oowni'eenebe',1,,,,
"HowI.016",neneeninoo.,2,,,,
"HowI.017",'oh,1,,,,
"HowI.017",nih'iih'ehit:,2,,,,
"HowI.017",neneenini3,3,,,,
"HowI.017",hihni'eenowooon.,4,,,,
"HowI.018",Nihniini'iisihoot,1,,,,
"HowI.018",heeneesii[ni];,2,,,,
"HowI.019",bisni'ihoot.,1,,,,
"HowI.020",'oh,1,,,,
"HowI.020","neneeninoo,",2,,,,
"HowI.020",neih'oowuuni,3,,,,
"HowI.020",like,4,,,,
"HowI.020","to,",5,,,,
"HowI.020","uhh,",6,,,,
"HowI.020",niini'P.,7,,,,
"HowI.021","Heesneenoo,",1,,,,
"HowI.021",noh,2,,,,
"HowI.021",nih'iiniiitowoonoo,3,,,,
"HowI.021",nihii,4,,,,
"HowI.021",hi'in,5,,,,
"HowI.021",nihii,6,,,,
"HowI.021",co'coono,7,,,,
"HowI.021",ni'iihi'i.,8,,,,
"HowI.022",Neisonoo,1,,,,
"HowI.022",nih'e3ebciiteneinoo;,2,,,,
"HowI.023",huut,1,,,,
"HowI.023","toh'uni,",2,,,,
"HowI.023","ne'P,",3,,,,
"HowI.023",hiit,4,,,,
"HowI.023",cihto'obeinoo,5,,,,
"HowI.023",nihii.,6,,,,
"HowI.024",Hi'in,1,,,,
"HowI.024","co'coono,",2,,,,
"HowI.024","3ebciiteinoo,",3,,,,
"HowI.024",hiit,4,,,,
"HowI.024","cih'ini,",5,,,,
"HowI.024",ko'usetiit,6,,,,
"HowI.024",wootii,7,,,,
"HowI.024",he3ebii,8,,,,
"HowI.024",toh'uuko'usetoneihi3i'.,9,,,,
"HowI.025",ne'nih'iisiheinoo.,1,,,,
"HowI.026",Noh,1,,,,
"HowI.026","neh'ini,",2,,,,
"HowI.026",neih'oowni'eenowoo.,3,,,,
"HowI.027","Neih'oowni'eenebe',",1,,,,
"HowI.027",niixoo,2,,,,
"HowI.027",neih'oowni'eeneetobee,3,,,,
"HowI.027",nih'eeneisiheinoo.,4,,,,
"HowI.028",Noh,1,,,,
"HowI.028",nihco'onoteibinoo.,2,,,,
"HowI.029",Noh,1,,,,
"HowI.029","nih'iiP,",2,,,,
"HowI.029",honoot,3,,,,
"HowI.029",nihii,4,,,,
"HowI.029","nebiho',",5,,,,
"HowI.029",ne'3ebnoo3ou'u.,6,,,,
"HowI.030",Cee'ineibinoo,1,,,,
"HowI.030",hi'in,2,,,,
"HowI.030",ceese'.,3,,,,
"HowI.031",CihnooP,1,,,,
"HowI.031",nooP,2,,,,
"HowI.031",nooxun!;,3,,,,
"HowI.032",heetP,1,,,,
"HowI.032",heet3ebniiP,2,,,,
"HowI.032",niiwouh'unou'u,3,,,,
"HowI.032","heteixo'ono,",4,,,,
"HowI.032","nih'iit,",5,,,,
"HowI.032","hece'eiinox,",6,,,,
"HowI.032",nih'iit.,7,,,,
"HowI.033",noh,1,,,,
"HowI.033",nee'eenoo3ou'u.,2,,,,
"HowI.034",Ne'cei'P,1,,,,
"HowI.034",ce'inou'usee3i'.,2,,,,
"HowI.035",Noh,1,,,,
"HowI.035",nihcihniiwouh'unou'u,2,,,,
"HowI.035",nuhu',3,,,,
"HowI.035","nece'eiinox,",4,,,,
"HowI.035",nuhu',5,,,,
"HowI.035",necee'ineib.,6,,,,
"HowI.036",nuhu',1,,,,
"HowI.036",ceese',2,,,,
"HowI.036","3ebyihxohu3i',",3,,,,
"HowI.036",neinoo,4,,,,
"HowI.036",noh,5,,,,
"HowI.036",nebesiiwoho',6,,,,
"HowI.036",nih'iitoo3i'.,7,,,,
"HowI.037",[neih]3ebce'no'xoheiitono'.,1,,,,
"HowI.038",Noh,1,,,,
"HowI.038",ne'nih'iisce'iisce3kuhneenoo.,2,,,,
"HowI.039",nehe',1,,,,
"HowI.039",nihii,2,,,,
"HowI.039",bih'ihiiniibei'i,3,,,,
"HowI.039",ce'iisce3ikoho'.,4,,,,
"HowI.040",Nuhu',1,,,,
"HowI.040",neeni'oe'ehit.,2,,,,
"HowI.041",Nih'iinih'oubeinoo;,1,,,,
"HowI.042",noh,1,,,,
"HowI.042",nih'iitooto'obeinoo.,2,,,,
"HowI.043",Kookon,1,,,,
"HowI.043",noono3onoo'oo';,2,,,,
"HowI.044",'oh,1,,,,
"HowI.044",neih'oowce'iyihoonoo.,2,,,,
"HowI.045",nihneyei3einoo,1,,,,
"HowI.045",'oh,2,,,,
"HowI.045",ci'ne'P,3,,,,
"HowI.045",nee'eeneesiheinoo.,4,,,,
"HowI.046","co'onP,",1,,,,
"HowI.046",kookon,2,,,,
"HowI.046","hih'oowP,",3,,,,
"HowI.046",toh'uni,4,,,,
"HowI.046",tooto'obeiP,5,,,,
"HowI.046","niinih'oubeinoo,",6,,,,
"HowI.046",tooto'obeinoo.,7,,,,
"HowI.047",'oh,1,,,,
"HowI.047",neih'oowkohtobeenowoo.,2,,,,
"HowI.048",'oh,1,,,,
"HowI.048","neih'oowuuni,",2,,,,
"HowI.048",neinoo,3,,,,
"HowI.048",neih'oownee'ee3eenowoo.,4,,,,
"HowI.049",Nei'eibehe',1,,,,
"HowI.049",neneenit,2,,,,
"HowI.049",noh,3,,,,
"HowI.049","nebesiibehe',",4,,,,
"HowI.049",'oh,5,,,,
"HowI.049",nenee3i',6,,,,
"HowI.049",nih'iitniiboohunoo.,7,,,,
"HowI.050",'oh,1,,,,
"HowI.050",ne'iini,2,,,,
"HowI.050",nihii,3,,,,
"HowI.050",heetceece3ei'oot,4,,,,
"HowI.050",nehe',5,,,,
"HowI.050",neisonoo.,6,,,,
"HowI.051","ceece3i3o'oot,",1,,,,
"HowI.051",3ebno'koohut,2,,,,
"HowI.051",nih'iitoono'.,3,,,,
"HowI.052",Hinit,1,,,,
"HowI.052",heneebees,2,,,,
"HowI.052","ne'ceenoku3i',",3,,,,
"HowI.052",heeneti3i',4,,,,
"HowI.052",nebesiiwoho'.,5,,,,
"HowI.053",Nuhu',1,,,,
"HowI.053",nebesiibehe',2,,,,
"HowI.053","nihii,",3,,,,
"HowI.053",nih'iiP,4,,,,
"HowI.053",nih'iiniitP,5,,,,
"HowI.053",nih'iinii3neniiwou'u.,6,,,,
"HowI.054",'oh,1,,,,
"HowI.054",hu'un,2,,,,
"HowI.054","ceese',",3,,,,
"HowI.054",ci'ceese',4,,,,
"HowI.054","nebesiibehe',",5,,,,
"HowI.054",beh'eihehi'.,6,,,,
"HowI.055",'oh,1,,,,
"HowI.055",nuhu',2,,,,
"HowI.055",nebesiiwoho',3,,,,
"HowI.055",tih'eeneti3oot,4,,,,
"HowI.055","neisonoo,",5,,,,
"HowI.055",nihniitonoot.,6,,,,
"HowI.056",niine'eehek,1,,,,
"HowI.056",nehe',2,,,,
"HowI.056","hiseihihi',",3,,,,
"HowI.056",nih'iit.,4,,,,
"HowI.057",Beniine3en,1,,,,
"HowI.057",heetih'ini,2,,,,
"HowI.057",niii'oh'ot.,3,,,,
"HowI.058",'oh,1,,,,
"HowI.058",huut,2,,,,
"HowI.058","beniine3en,",3,,,,
"HowI.058",nih'ii3oot.,4,,,,
"HowI.059",Now,1,,,,
"HowI.059",that,2,,,,
"HowI.059",you,3,,,,
"HowI.059","know,",4,,,,
"HowI.059","nih'i3eti',",5,,,,
"HowI.059",hinee,6,,,,
"HowI.059",heesinihii3i',7,,,,
"HowI.059",hinenitee.,8,,,,
"HowI.060",Nih'i3oobee',1,,,,
"HowI.060",hinit.,2,,,,
"HowI.061",Noh,1,,,,
"HowI.061","hiiwoonhehe',",2,,,,
"HowI.061","ne'P,",3,,,,
"HowI.061",hiiwoonhehe',4,,,,
"HowI.061",hoowoohnee'eesoo.,5,,,,
"HowI.062",'oh,1,,,,
"HowI.062",nehe',2,,,,
"HowI.062","nihni'oo',",3,,,,
"HowI.062",nei'eibeih'i[noo],4,,,,
"HowI.062","tih'ini,",5,,,,
"HowI.062",nebesiibeih'i[noo],6,,,,
"HowI.062",tihniii'oh'ei'eet.,7,,,,
"HowI.063",Noh,1,,,,
"HowI.063",hih'oownih'oo3ouyeit.,2,,,,
"HowI.064",Wo'ei3,1,,,,
"HowI.064",hih'oowo3onohei'i.,2,,,,
"HowI.065",hih'oowoe'in.,1,,,,
"HowI.066",'oh,1,,,,
"HowI.066",nehe',2,,,,
"HowI.066",nei'eibehe',3,,,,
"HowI.066","nih'e'ino',",4,,,,
"HowI.066",heeneisinihiini3,5,,,,
"HowI.066","nebesiiwoho',",6,,,,
"HowI.066","tihbeisneeninoo,",7,,,,
"HowI.066",tihniiheneihinoo,8,,,,
"HowI.066",hiP,9,,,,
"HowI.066",hiP,10,,,,
"HowI.066",hiniiyooP,11,,,,
"HowI.066","hinii3iyooninoo,",12,,,,
"HowI.066","hibiito'owuuwunoo,",13,,,,
"HowI.066",wo'ei3,14,,,,
"HowI.066",hi'in,15,,,,
"HowI.066",nihii,16,,,,
"HowI.066","woxhooxebii,",17,,,,
"HowI.066",heeneisiihi'.,18,,,,
"HowI.067",Nenee3i',1,,,,
"HowI.067",neinootowuuneiitono,2,,,,
"HowI.067",neneeninoo.,3,,,,
"HowI.068",noh,1,,,,
"HowI.068",siineih'oowuuni,2,,,,
"HowI.068",beexonoot.,3,,,,
"HowI.069",Nehe',1,,,,
"HowI.069",nihii,2,,,,
"HowI.069",XXX,3,,,,
"HowI.069",hihnii3neniibeiiton,4,,,,
"HowI.069",hini',5,,,,
"HowI.069","hisein,",6,,,,
"HowI.069",nihii,7,,,,
"HowI.069","XXX,",8,,,,
"HowI.069",ne'nih'iisih'it.,9,,,,
"HowI.070","Nuhu',",1,,,,
"HowI.070",neneenit,2,,,,
"HowI.070",nih'iinooxuwut.,3,,,,
"HowI.071",Ci'nooxuwutiit,1,,,,
"HowI.071",neneeninoo;,2,,,,
"HowI.072","noh,",1,,,,
"HowI.072",noh,2,,,,
"HowI.072","siineih'oowuuni,",3,,,,
"HowI.072",neih'oowuni'i3ecoohe'.,4,,,,
"HowI.073",Nih'iiboo3einoo,1,,,,
"HowI.073",teco'oniini.,2,,,,
"HowI.074",Noh,1,,,,
"HowI.074",nuhu',2,,,,
"HowI.074",nebesiiwoho',3,,,,
"HowI.074",hih'oowoe'inonee.,4,,,,
"HowI.075",Noh,1,,,,
"HowI.075",hoowoe'inonee.,2,,,,
"HowI.076",'oh,1,,,,
"HowI.076",neneeninoo,2,,,,
"HowI.076",nebesii[behe'],3,,,,
"HowI.076",nihbisnoonootowuuneinoo,4,,,,
"HowI.076",heeyouhuu.,5,,,,
"HowI.077",'oh,1,,,,
"HowI.077",neneenit,2,,,,
"HowI.077","ne'P,",3,,,,
"HowI.077",heetniini,4,,,,
"HowI.077","nottobeeheeP,",5,,,,
"HowI.077","hi'nottobeihiitoon[i'],",6,,,,
"HowI.077",nottobeet.,7,,,,
"HowI.078",Heeni'eeP,1,,,,
"HowI.078",heeneti3eebe.,2,,,,
"HowI.079",'oh,1,,,,
"HowI.079","neneeninoo,",2,,,,
"HowI.079",neih'oowuniisiini.,3,,,,
"HowI.080",'oh,1,,,,
"HowI.080",neniisih'iit,2,,,,
"HowI.080",wo3onise',3,,,,
"HowI.080","hetnii3nottoneihinoo,",4,,,,
"HowI.080",hetnoo3iteenoo,5,,,,
"HowI.080",hu'uuhu',6,,,,
"HowI.080",nebesiibehe'.,7,,,,
"HowI.081",Hinee,1,,,,
"HowI.081","hisei,",2,,,,
"HowI.081",neneenit,3,,,,
"HowI.081",nihyooyoo3kuutoneit.,4,,,,
"HowI.082",Ceeceibkuutiit.,1,,,,
"HowI.083",ceibeso'oneinoo.,1,,,,
"HowI.084",Nuhu',1,,,,
"HowI.084",nihwoowoxutoot,2,,,,
"HowI.084",teco'oniihi'.,3,,,,
"HowI.085",Noh,1,,,,
"HowI.085",nee'eeP,2,,,,
"HowI.085",nee'eenee3e'inowoo.,3,,,,
"HowI.086",huut,1,,,,
"HowI.086",won[oon]iini,2,,,,
"HowI.086",neenei'oohootowoo,3,,,,
"HowI.086",hu'un,4,,,,
"HowI.086","wo3onohoeno,",5,,,,
"HowI.086",toonhiisinihiinou'u.,6,,,,
"HowI.087",'oh,1,,,,
"HowI.087","ne'bii'inowoo,",2,,,,
"HowI.087",neniisih'iit,3,,,,
"HowI.087",nihwo3onise'.,4,,,,
"HowI.088",'oh,1,,,,
"HowI.088",neih'ow3o'biineih,2,,,,
"HowI.088",wo3onohoe.,3,,,,
"HowI.089",Heetcihwoniini,1,,,,
"HowI.089",nii3iini,2,,,,
"HowI.089",heenetinoo,3,,,,
"HowI.089",nuhu',4,,,,
"HowI.089",nebesiibehe'.,5,,,,
"HowI.090",Nihyooyoo3kuutiit.,1,,,,
"HowI.091","Nihno'otouh'uheinoo,",1,,,,
"HowI.092",'oh,1,,,,
"HowI.092",hih'oowtou3e'in,2,,,,
"HowI.092",heeyouhuu.,3,,,,
"HowI.093",Kookon,1,,,,
"HowI.093",nihcihwoniini,2,,,,
"HowI.093",betiicehniiboohut.,3,,,,
"HowI.094","Neh'eeno,",1,,,,
"HowI.094","sooxeih,",2,,,,
"HowI.094",ne'niisih'it.,3,,,,
"HowI.095",'oh,1,,,,
"HowI.095",ne'nih'iisiini,2,,,,
"HowI.095",nehe',3,,,,
"HowI.095",nebesiibehe'.,4,,,,
"HowI.096","Neisonoo,",1,,,,
"HowI.096",ne'nii'ceece3i3o'oot.,2,,,,
"HowI.097",'oh,1,,,,
"HowI.097",nehe',2,,,,
"HowI.097","nihii,",3,,,,
"HowI.097",bih'ihiiniibei,4,,,,
"HowI.097",nih'iiciinP,5,,,,
"HowI.097",nihnooxuwuheinoo,6,,,,
"HowI.097",hinee,7,,,,
"HowI.097",heeninouhu'.,8,,,,
"HowI.098",noh,1,,,,
"HowI.098",hu'un,2,,,,
"HowI.098","hiyeih'inoo,",3,,,,
"HowI.098",nehe',4,,,,
"HowI.098",nebesiibehe',5,,,,
"HowI.098",nihce'P,6,,,,
"HowI.098",hiinooxuwut.,7,,,,
"HowI.099",ci'hee3neeciinoo'onP,1,,,,
"HowI.099",ciinoo'onoxuuhu3ei'it.,2,,,,
"HowI.100",Nih'esiniheinoo.,1,,,,
"HowI.101",co'oyoo3eihinoo.,1,,,,
"HowI.102",Noh,1,,,,
"HowI.102",huu3e',2,,,,
"HowI.102",'oh,3,,,,
"HowI.102",henee3neeni'ihoot.,4,,,,
"HowI.103",hih'ow3o'kohtowutoon.,1,,,,
"HowI.104",{Back,1,,,,
"HowI.104",to,2,,,,
"HowI.104",talking,3,,,,
"HowI.104",about,4,,,,
"HowI.104",first,5,,,,
"HowI.104",Grandparents},6,,,,
"HowI.104",'oh,7,,,,
"HowI.104",nenee3i',8,,,,
"HowI.104",nuhu',9,,,,
"HowI.104",nei'eibehe',10,,,,
"HowI.104",nih'eeneixoohoo3iheinoo:,11,,,,
"HowI.105",Hiit,1,,,,
"HowI.105","cih'iixoohowu,",2,,,,
"HowI.105",huut,3,,,,
"HowI.105",cihnei'oohowu!,4,,,,
"HowI.106","Heetne'neeneistoon,",1,,,,
"HowI.106",nih'ii3-einoo.,2,,,,
"HowI.107",'oh,1,,,,
"HowI.107","ne'nih'iistoonoo,",2,,,,
"HowI.107",nih'eeneixoohowo'.,3,,,,
"HowI.108",heeneesiini,1,,,,
"HowI.108",kou'uxu'u,2,,,,
"HowI.108",nuhu',3,,,,
"HowI.108","wo'ohno,",4,,,,
"HowI.108",wo'ei3,5,,,,
"HowI.108","heeneeyoohuu,",6,,,,
"HowI.108",nih'iixoohowo'.,7,,,,
"HowI.109",{Jumps,1,,,,
"HowI.109",to,2,,,,
"HowI.109",time,3,,,,
"HowI.109",after,4,,,,
"HowI.109",Mission},5,,,,
"HowI.109",Noh,6,,,,
"HowI.109",ne'iini,7,,,,
"HowI.109",nihwoniibooho',8,,,,
"HowI.109",hi'in,9,,,,
"HowI.109",ceese',10,,,,
"HowI.109",nei'eibehe'.,11,,,,
"HowI.110",nohcihnee'eesoo'.,1,,,,
"HowI.111",nihco'oniininihii,1,,,,
"HowI.111","kooneniit,",2,,,,
"HowI.111",nuhu',3,,,,
"HowI.111","kooneniit,",4,,,,
"HowI.111",tihnee'eeneestoot.,5,,,,
"HowI.112",Nih'iinosouP,1,,,,
"HowI.112",'oh,2,,,,
"HowI.112",nih'iiniistiit,3,,,,
"HowI.112",hini',4,,,,
"HowI.112",hoseino'.,5,,,,
"HowI.113",'oh,1,,,,
"HowI.113",nih'iixoo'eteeni',2,,,,
"HowI.113",nuhu',3,,,,
"HowI.113",hoseino'.,4,,,,
"HowI.114",ne'nih'ii'3o'oho'.,1,,,,
"HowI.115",nih'iiniistiit,1,,,,
"HowI.115",nihii,2,,,,
"HowI.115","hokok,",3,,,,
"HowI.115",uhh,4,,,,
"HowI.115",bii3hiiniini.,5,,,,
"HowI.116",Noh,1,,,,
"HowI.116","nehe',",2,,,,
"HowI.116","be'nih'oo3ousei,",3,,,,
"HowI.116",ne'nih'iisih'it,4,,,,
"HowI.116",nehe',5,,,,
"HowI.116",nei'eibehe'.,6,,,,
"HowI.117","ceese',",1,,,,
"HowI.117",hu'un,2,,,,
"HowI.117",nihii,3,,,,
"HowI.117","hibeh'eihohow,",4,,,,
"HowI.117",sosoP,5,,,,
"HowI.117","uhh,",6,,,,
"HowI.117","heesih'iP,",7,,,,
"HowI.117","hiniisP,",8,,,,
"HowI.117","heneeceibeh'ei,",9,,,,
"HowI.117",ne'nih'iisih'it,10,,,,
"HowI.117",nehe',11,,,,
"HowI.117",nebesiibehe'.,12,,,,
"HowI.118",Noh,1,,,,
"HowI.118",nih'ini,2,,,,
"HowI.118",hii3eihit,3,,,,
"HowI.118",hini',4,,,,
"HowI.118",koo'oh.,5,,,,
"HowI.119",heeseehiitousinihiitoon,1,,,,
"HowI.119","nuh'uuno,",2,,,,
"HowI.119","nihii,",3,,,,
"HowI.119","woow,",4,,,,
"HowI.119",nihi'iiteihit,5,,,,
"HowI.119",nuhu';,6,,,,
"HowI.120",'oh,1,,,,
"HowI.120","nuhu',",2,,,,
"HowI.120","ne'nih'iisoo',",3,,,,
"HowI.120",nih'iito3onohu3i',4,,,,
"HowI.120",hiitiino,5,,,,
"HowI.120",hiniin,6,,,,
"HowI.120",noh,7,,,,
"HowI.120",hibeh'eihohow.,8,,,,
"HowI.121",{Goes,1,,,,
"HowI.121",Back,2,,,,
"HowI.121",to,3,,,,
"HowI.121",Talking,4,,,,
"HowI.121",about,5,,,,
"HowI.121",First,6,,,,
"HowI.121",Grandparents},7,,,,
"HowI.121",'oh,8,,,,
"HowI.121",nehe',9,,,,
"HowI.121","ceese',",10,,,,
"HowI.121","bi'ce'is,***",11,,,,
"HowI.121",noh,12,,,,
"HowI.121",nihii,13,,,,
"HowI.121","no'ei'i,***",14,,,,
"HowI.121",nihii,15,,,,
"HowI.121",hoteineecee,16,,,,
"HowI.121","ci'ne'nih'iisih'it,",17,,,,
"HowI.121",nebesiibehe'.,18,,,,
"HowI.122",Noh,1,,,,
"HowI.122",woow,2,,,,
"HowI.122",wo3onohu'u;,3,,,,
"HowI.123",nuhu',1,,,,
"HowI.123",hoowuuni;,2,,,,
"HowI.124",beebeet,1,,,,
"HowI.124","nenee3i',",2,,,,
"HowI.124","hinono'eino',",3,,,,
"HowI.124",nenee3i'.,4,,,,
"HowI.125",nee'eetwo3onohu3i',1,,,,
"HowI.125",hinono'einiihi',2,,,,
"HowI.126",Hoowce'iso'onee3i'***,1,,,,
"HowI.126",heesih'eihi3i',2,,,,
"HowI.126","hinono'eino',",3,,,,
"HowI.126",ni'ii3eihi3i'.,4,,,,
"HowI.127",noh,1,,,,
"HowI.127",nenee3i',2,,,,
"HowI.127",nuhu',3,,,,
"HowI.127","nebesiibehe',",4,,,,
"HowI.127","nebesiiwoho',",5,,,,
"HowI.127",noh,6,,,,
"HowI.127","nei'eiwoho',",7,,,,
"HowI.127",'oh,8,,,,
"HowI.127",nih'eeneixoohoo3ihi3i',9,,,,
"HowI.127",heeyouhuu.,10,,,,
"HowI.128",'oh,1,,,,
"HowI.128",hoonoo3itooni3i',2,,,,
"HowI.128",hinee,3,,,,
"HowI.128",teecxo',4,,,,
"HowI.128",3eboosei3iihi',5,,,,
"HowI.128","hi'iihi',",6,,,,
"HowI.128",neh'eeno.,7,,,,
"HowI.129",Nih'oo3itooneinoo,1,,,,
"HowI.129",nehe',2,,,,
"HowI.129",woxonoh'oe.,3,,,,
"HowI.130",Nih'oonoo3iteet,1,,,,
"HowI.130","beh'eihoho',",2,,,,
"HowI.130",nih'eeneistooni3i.,3,,,,
"HowI.131",'oh,1,,,,
"HowI.131","nih'ii'cih'iiswoowo'wuuhu3i',",2,,,,
"HowI.131",heeneesiini,3,,,,
"HowI.131",heeyouhuu.,4,,,,
"HowI.132",Nih'oonoo3itooneinoo.,1,,,,
"HowI.133",hiiwoonhehe',1,,,,
"HowI.133",hiit,2,,,,
"HowI.133",ne'eentootiinoo.,3,,,,
"HowI.134",Noosounoo3itooni3i'.,1,,,,
"HowI.135",hih'ow3o'nonih'ino'.,1,,,,
"HowI.136",nih'iico'onoo3itooni3i',1,,,,
"HowI.136",heeyouhuu;,2,,,,
"HowI.137","cih'eeneisooni',",1,,,,
"HowI.137",heenei'towuuni3i'.,2,,,,
"HowI.138",woow,1,,,,
"HowI.138",hunee,2,,,,
"HowI.138",niitousebiitooni',3,,,,
"HowI.138","nihii,",4,,,,
"HowI.138",hiitiino,5,,,,
"HowI.138",nuhu',6,,,,
"HowI.138",nihii,7,,,,
"HowI.138",heesP,8,,,,
"HowI.138",he'iisih'i3i,9,,,,
"HowI.138",hini'.,10,,,,
"HowI.139",nuhu',1,,,,
"HowI.139","nih'iitoo3i',",2,,,,
"HowI.139",nih'iitneyei3ei3i',3,,,,
"HowI.139",hoo3oo'o';,4,,,,
"HowI.140",'oh,1,,,,
"HowI.140",hoowuneyei3eino',2,,,,
"HowI.140",nuhu',3,,,,
"HowI.140",nei'eiwoho',4,,,,
"HowI.140",wo'ei3,5,,,,
"HowI.140",nebesiiwoho'.,6,,,,
"HowI.141",hoo3oo'o',1,,,,
"HowI.141","nihneeneyei3ei'i3i',",2,,,,
"HowI.141",'oh,3,,,,
"HowI.141",hoowuuni,4,,,,
"HowI.141",nei'eiwoho'.,5,,,,
"HowI.142",nei'eibehe',1,,,,
"HowI.142",he'ihciiteneih,2,,,,
"HowI.142",hetneyei3ei'it.,3,,,,
"HowI.143",Niisce[c]nibP,1,,,,
"HowI.143",nih'enP,2,,,,
"HowI.143",he'ih'entoo.,3,,,,
"HowI.144",'oh,1,,,,
"HowI.144",ne'ce'nouuteneit.,2,,,,
"HowI.145",he'ne'iniinihootiini'.,1,,,,
"HowI.146",heneeceibeh'ei,1,,,,
"HowI.146",hi'in,2,,,,
"HowI.146",hiniineiit[on].,3,,,,
"HowI.147",Noh,1,,,,
"HowI.147","hei'iihooteni3,",2,,,,
"HowI.147",noh,3,,,,
"HowI.147",ne'iini,4,,,,
"HowI.147",biinoo3i',5,,,,
"HowI.147",nei'eiwoho'.,6,,,,
"HowI.148",'oh,1,,,,
"HowI.148",nehe',2,,,,
"HowI.148",koh'nih'oo3ousei,3,,,,
"HowI.148",hehnehe',4,,,,
"HowI.148",nei'eibehe'.,5,,,,
"HowI.149",{Following,1,,,,
"HowI.149",tells,2,,,,
"HowI.149",the,3,,,,
"HowI.149",story,4,,,,
"HowI.149",of,5,,,,
"HowI.149",Red,6,,,,
"HowI.149",White,7,,,,
"HowI.149",Woman's,8,,,,
"HowI.149",own,9,,,,
"HowI.149",background},10,,,,
"HowI.149",he'ih'inihii,11,,,,
"HowI.149","niii'oh'ooo,",12,,,,
"HowI.149",hini',13,,,,
"HowI.149",hiniiwooon-ono':,14,,,,
"HowI.150",Nihii,1,,,,
"HowI.150",nei'eiwoho',2,,,,
"HowI.150",noh,3,,,,
"HowI.150",nebesiiwoho';,4,,,,
"HowI.151",niii'oh'eit,1,,,,
"HowI.151",nuhu',2,,,,
"HowI.151",huunoon.,3,,,,
"HowI.152",He'ih'e3ebnii3oonee,1,,,,
"HowI.152",hii3e',2,,,,
"HowI.152",nuhu',3,,,,
"HowI.152",nihii,4,,,,
"HowI.152",be'nih'oo3ou'u.,5,,,,
"HowI.153",he'ihniibe',1,,,,
"HowI.153",nehe',2,,,,
"HowI.153",ceese',3,,,,
"HowI.153",betebihehi'.,4,,,,
"HowI.154","Be'nih'oo3ou'u,",1,,,,
"HowI.154",noh,2,,,,
"HowI.154",neneeni3,3,,,,
"HowI.154",he'ihnii3oone'.,4,,,,
"HowI.155",'oh,1,,,,
"HowI.155",nehe',2,,,,
"HowI.155",nei'eibehe',3,,,,
"HowI.155",ne'noo3eihit,4,,,,
"HowI.155",nei'eiwoho',5,,,,
"HowI.155",noh,6,,,,
"HowI.155",nebesiiwoho'.,7,,,,
"HowI.156",noh,1,,,,
"HowI.156",neneenini3i,2,,,,
"HowI.156",hihniiih'oh'eiitono.,3,,,,
"HowI.157",'oh,1,,,,
"HowI.157",nehe',2,,,,
"HowI.157","nei'eibehe',",3,,,,
"HowI.157","nih'e3ebnon3o'ootii3i',",4,,,,
"HowI.157",niitnoonoyeini3i,5,,,,
"HowI.157",nuh'uuno,6,,,,
"HowI.157",be'nih'oo3ou'u.,7,,,,
"HowI.158",Noh,1,,,,
"HowI.158",beebeet,2,,,,
"HowI.158",nee'eeP,3,,,,
"HowI.158",nee'iisiseet,4,,,,
"HowI.158",beebeet,5,,,,
"HowI.158",nei'eibehe'.,6,,,,
"HowI.159",Hoowuuni;,1,,,,
"HowI.160",hoowcihcebei'towuunei'i.,1,,,,
"HowI.161",wo'ei3,1,,,,
"HowI.161",hoowoe'in,2,,,,
"HowI.161",heetooni3-eitino'.,3,,,,
"HowI.162",'oh,1,,,,
"HowI.162",neniini[ii]'oh'eiit,2,,,,
"HowI.162",nuhu',3,,,,
"HowI.162",nebesiiwoho',4,,,,
"HowI.162",noh,5,,,,
"HowI.162",nei'eiwoho'.,6,,,,
"HowI.163",ne'nih'eeneisinihii3einoo.,1,,,,
"HowI.164",nihno'oteihit,1,,,,
"HowI.164",nih'iisco'oniini,2,,,,
"HowI.164",koto'ohei'it,3,,,,
"HowI.164",wo'ei3,4,,,,
"HowI.164",nih'iibiici3ei'it.,5,,,,
"HowI.165",'oh,1,,,,
"HowI.165",nuhu',2,,,,
"HowI.165","koto'oheet,",3,,,,
"HowI.165",nenee',4,,,,
"HowI.165",nih'ini;,5,,,,
"HowI.166",biixuutono,1,,,,
"HowI.166",nih'iiniiniistiit,2,,,,
"HowI.166",noh,3,,,,
"HowI.166",wo'ohno,4,,,,
"HowI.166",nih'iiniistiit.,5,,,,
"HowI.167",Nihniihenkooko'uxo'.,1,,,,
"HowI.168",nihniiheniini,1,,,,
"HowI.168",kooko'uno',2,,,,
"HowI.168",hu'un,3,,,,
"HowI.168",bei3e'ee.,4,,,,
"HowI.169",nih'oonoxoxoho'.,1,,,,
"HowI.170",Noh,1,,,,
"HowI.170",nihP,2,,,,
"HowI.170",neneenit,3,,,,
"HowI.170",nihno'otoxuunit.,4,,,,
"HowI.171",'oh,1,,,,
"HowI.171",siihih'oowuciintoo.,2,,,,
"HowI.172",nihceneeyohowo'oot.,1,,,,
"HowI.173",Noh,1,,,,
"HowI.173",ne'nih'ii'too'useet.,2,,,,
"HowI.174",NihbiiP,1,,,,
"HowI.174",Nihbii3beet,2,,,,
"HowI.174","ci',",3,,,,
"HowI.174",tih'etnoxobeinoo.,4,,,,
"HowI.175",noh,1,,,,
"HowI.175",nehe',2,,,,
"HowI.175",nih'iisiini,3,,,,
"HowI.175","hoxobeinoo,",4,,,,
"HowI.175",nihbeebee3toot,5,,,,
"HowI.175",hi'in,6,,,,
"HowI.175",toonhee[s]P,7,,,,
"HowI.175",nih'etcihwonnee'eeneestoot.,8,,,,
"HowI.176",ne'nih'inihii,1,,,,
"HowI.176",niistoono'.,2,,,,
"HowI.177","hih'oowunih'oo3ouyeiti,",1,,,,
"HowI.177",'oh,2,,,,
"HowI.177","be'nih'oo3ousei,",3,,,,
"HowI.177",he'ne'nih'ii3oo3i'.,4,,,,
"HowI.178",{Back,1,,,,
"HowI.178",to,2,,,,
"HowI.178",talking,3,,,,
"HowI.178",about,4,,,,
"HowI.178",Big,5,,,,
"HowI.178",Garter},6,,,,
"HowI.178",'oh,7,,,,
"HowI.178",nuhu',8,,,,
"HowI.178",ceese',9,,,,
"HowI.178",'oh,10,,,,
"HowI.178",nihbeexnih'oo3ouyeitit.,11,,,,
"HowI.179",Nuhu',1,,,,
"HowI.179","neyei3eitiit,",2,,,,
"HowI.179",hi'in,3,,,,
"HowI.179","heeninouhu',",4,,,,
"HowI.179","nih'iit,",5,,,,
"HowI.179",nih'iitneyei3ei'it.,6,,,,
"HowI.180",'oh,1,,,,
"HowI.180",nebesiibehe',2,,,,
"HowI.180",hih'ow3o'neyei3ei'i.,3,,,,
"HowI.181",hoowuuni.,1,,,,
"HowI.182",noh,1,,,,
"HowI.182",he'ih'iiswootooneet,2,,,,
"HowI.182",no3neihoowoe'in.,3,,,,
"HowI.183",nih'iihoot[e'],1,,,,
"HowI.183",beebei'on,2,,,,
"HowI.183",he'iicisiihi'.,3,,,,
"HowI.184",Ne'nii'P,1,,,,
"HowI.184",hi'in,2,,,,
"HowI.184",hibeh'eihohow,3,,,,
"HowI.184",heenei'towuuneih,4,,,,
"HowI.184",nuhu',5,,,,
"HowI.184",heebetohuuk.,6,,,,
"HowI.185",noh,1,,,,
"HowI.185",ne'iini,2,,,,
"HowI.185",nii3neniiwoot,3,,,,
"HowI.185",nuhu',4,,,,
"HowI.185",hoteineecee.,5,,,,
"HowI.186",noh,1,,,,
"HowI.186",ne'nih'iitoono'.,2,,,,
"HowI.187",Hiisiii'oh'einoo.,1,,,,
"HowI.188",'oh,1,,,,
"HowI.188",nih'owootoo3itoonei'ee3i',2,,,,
"HowI.188",heeneesiini.,3,,,,
"HowI.189",Nih'iicih'oo3itootou'u,1,,,,
"HowI.189",nuhu',2,,,,
"HowI.189",hosei3iihi'.,3,,,,
"HowI.190",nuhu',1,,,,
"HowI.190","heeteinono'eino',",2,,,,
"HowI.190",nihi'eeneti3i'.,3,,,,
"HowI.191",noh,1,,,,
"HowI.191",nih'iicih'eenei'towuuni3i',2,,,,
"HowI.191",heeneisoo'.,3,,,,
"HowI.192",noh,1,,,,
"HowI.192",nee'eetox.,2,,,,
