ref,word,num,dep,label,dep2,label2
"JGBear.001",Wohei,1,,,,
"JGBear.001",hiiyou,2,,,,
"JGBear.001",nuhu',3,,,,
"JGBear.001",nih'oo3ouniini,4,,,,
"JGBear.001",3owo3neniteeniini:,5,,,,
"JGBear.002","Nono'einiihi',",1,,,,
"JGBear.002","nono'eitiit,",2,,,,
"JGBear.002",3ebiihi',3,,,,
"JGBear.002","hinee,",4,,,,
"JGBear.002",hinee,5,,,,
"JGBear.002",teecxo',6,,,,
"JGBear.002",3eboosei3[iihi'];,7,,,,
"JGBear.003","Niisbeteetosoo',",1,,,,
"JGBear.003",neesbeteetosoo',2,,,,
"JGBear.003","cecinii,",3,,,,
"JGBear.003",hosei3iihi',4,,,,
"JGBear.003",nih'iisoohok,5,,,,
"JGBear.003",huune'etiit.,6,,,,
"JGBear.004",Nuhu',1,,,,
"JGBear.004",3owo3nenitee,2,,,,
"JGBear.004",'oh…,3,,,,
"JGBear.004",nehe',4,,,,
"JGBear.004",hinono'ei,5,,,,
"JGBear.004",heenoo,6,,,,
"JGBear.004","he'ihnee'eesoo,",7,,,,
"JGBear.005",Tohuu3oo3ookuheihit,1,,,,
"JGBear.005",nehe',2,,,,
"JGBear.005",hii3einoon.,3,,,,
"JGBear.006",Wohei,1,,,,
"JGBear.006",he'ihce'{ne}neenees[eihi]P,2,,,,
"JGBear.006",hinee,3,,,,
"JGBear.006","cese'ehiiho',",4,,,,
"JGBear.006",nii'ehiiho';,5,,,,
"JGBear.007",He'ih'iiwoowoo3eeniini,1,,,,
"JGBear.007",tihnee'eecxooyei'oo',2,,,,
"JGBear.007",hi'in,3,,,,
"JGBear.007",cecinii.,4,,,,
"JGBear.008",He'ihnosouniini,1,,,,
"JGBear.008","ciihoyoo,",2,,,,
"JGBear.008",ciihouniini,3,,,,
"JGBear.008",nuhu',4,,,,
"JGBear.008",hii3einoon.,5,,,,
"JGBear.009","Hiitesei3i,",1,,,,
"JGBear.009","he'ih'iineeneicisnoohoo3ootiin,",2,,,,
"JGBear.010",He'ne'nih'eeneisnoohobeihit.,1,,,,
"JGBear.011","He'ihwoo3ee,",1,,,,
"JGBear.011",he'ih'iiwoowoo3ee.,2,,,,
"JGBear.012",Wohei,1,,,,
"JGBear.012",nohkuuhu',2,,,,
"JGBear.012",nuhu',3,,,,
"JGBear.012","ci'cese'eihii,",4,,,,
"JGBear.013",Noh,1,,,,
"JGBear.013",he'ih'iiP,2,,,,
"JGBear.013","he'ih'iiwoo3ee,",3,,,,
"JGBear.013",noh,4,,,,
"JGBear.013","he'iicisiihi',",5,,,,
"JGBear.013",'oh,6,,,,
"JGBear.013",ne'ii[ni],7,,,,
"JGBear.013",cih'eeneiyohou'eih.,8,,,,
"JGBear.014",Hee,1,,,,
"JGBear.014",heeneiyohou'eih.,2,,,,
"JGBear.015",Nooxeihi',1,,,,
"JGBear.015",nihceibsee3i',2,,,,
"JGBear.015",toonniitoh'ini,3,,,,
"JGBear.015","noonon3ouubeihit,",4,,,,
"JGBear.015","heenei'isiihi',",5,,,,
"JGBear.016",Tohuunoonon3o'ootiini'.,1,,,,
"JGBear.017",Ne'nih'ii3ouubeihek.,1,,,,
"JGBear.018",Heihii,1,,,,
"JGBear.018",ne'entou',2,,,,
"JGBear.018",hesnoot;,3,,,,
"JGBear.018",kooxhe'ih'ini,4,,,,
"JGBear.018",ciini,5,,,,
"JGBear.019",Noh,1,,,,
"JGBear.019",he'ih'iiwo'owuseeno'.,2,,,,
"JGBear.020",'oh,1,,,,
"JGBear.020",heenoo,2,,,,
"JGBear.020",he'ih'iiciibii'ii3eino',3,,,,
"JGBear.020",ceese'.,4,,,,
"JGBear.021",He'ih'iice'noono'koohuno',1,,,,
"JGBear.021",nuhu',2,,,,
"JGBear.021","nih'iinotii3ei3i',",3,,,,
"JGBear.022",noh,1,,,,
"JGBear.022","he'iicisiihi',",2,,,,
"JGBear.022",heihii,3,,,,
"JGBear.023",He'ne'cei'nou'u,1,,,,
"JGBear.023","toonheet-niitwo'wusee3i',",2,,,,
"JGBear.023",toonheetniisiini,3,,,,
"JGBear.023",notii3ei3i'.,4,,,,
"JGBear.024",Wohei,1,,,,
"JGBear.024",ne'ciiniini'iini.,2,,,,
"JGBear.025",Heihii,1,,,,
"JGBear.025",noh,2,,,,
"JGBear.025",niisi3i',3,,,,
"JGBear.025",honoh'oho',4,,,,
"JGBear.025","he'ih'entoono',",5,,,,
"JGBear.026",noh,1,,,,
"JGBear.026",he'ih'iikohtobeenebeihino'.,2,,,,
"JGBear.027",He'hiit,1,,,,
"JGBear.027",nuhu',2,,,,
"JGBear.027",ceeceetohookeenino',3,,,,
"JGBear.027",hiit,4,,,,
"JGBear.027",heenei'isiihi',5,,,,
"JGBear.028",He'ih'eenesini3eino',1,,,,
"JGBear.028",nuhu',2,,,,
"JGBear.028",neecee,3,,,,
"JGBear.029","Ne'noooxuneet,",1,,,,
"JGBear.029",hei'tobeet,2,,,,
"JGBear.029",hootbeitP,3,,,,
"JGBear.030",Woow,1,,,,
"JGBear.030",neneeneetikoohu3i',2,,,,
"JGBear.030",nuhu',3,,,,
"JGBear.030",niinotii3ei3i'.,4,,,,
"JGBear.031",Koocuuhetni'P,1,,,,
"JGBear.031",kooceentoono',2,,,,
"JGBear.031",toonheetniini,3,,,,
"JGBear.031",hooxeeniini,4,,,,
"JGBear.031",noonotikoni3i',5,,,,
"JGBear.032",Heenoo,1,,,,
"JGBear.032","nihciini,",2,,,,
"JGBear.033",nuhu',1,,,,
"JGBear.033",hoo3oo'o',2,,,,
"JGBear.033","neeneetikoniini,",3,,,,
"JGBear.034",nee'eesiini.,1,,,,
"JGBear.035",'oh,1,,,,
"JGBear.035",nuhu',2,,,,
"JGBear.035",niisi3i',3,,,,
"JGBear.035",honoh'oehih'o',4,,,,
"JGBear.035",wohoe'neisiini,5,,,,
"JGBear.035",nottowoo3etino'ohk[oni'],6,,,,
"JGBear.035",hetnotikonino',7,,,,
"JGBear.036",Wohoe'etii3oowotoneihino'.,1,,,,
"JGBear.037",Hee,1,,,,
"JGBear.037",noh,2,,,,
"JGBear.037",wo'uuceh,3,,,,
"JGBear.037","wonnottowoono',",4,,,,
"JGBear.038","heet[n]iini,",1,,,,
"JGBear.038",heebeh'ini,2,,,,
"JGBear.038","xouwoo3iheihin,",3,,,,
"JGBear.039",Heebehni'bii'ii3ein.,1,,,,
"JGBear.040",Noh,1,,,,
"JGBear.040",heetniini,2,,,,
"JGBear.040",no'oteenebeihino'.,3,,,,
"JGBear.041",Heetne'iini,1,,,,
"JGBear.041",hee3oobeenebeihino',2,,,,
"JGBear.041",heenei3etehkoni'.,3,,,,
"JGBear.042",Ceese',1,,,,
"JGBear.042",he'iitox,2,,,,
"JGBear.042","heihii,",3,,,,
"JGBear.042",he'ne'ni'oowoo3i',4,,,,
"JGBear.042",nuhu',5,,,,
"JGBear.042",neeceen.,6,,,,
"JGBear.043","Nih'iibobooteenebeihi3i',",1,,,,
"JGBear.043",wo'ei3,2,,,,
"JGBear.043",noh,3,,,,
"JGBear.043",hoowuuni,4,,,,
"JGBear.044",Wohei,1,,,,
"JGBear.044","neecisee',",2,,,,
"JGBear.045","toonheecistoonee,",1,,,,
"JGBear.045","toonheetniini,",2,,,,
"JGBear.045",neecisee'.,3,,,,
"JGBear.046",Wohei,1,,,,
"JGBear.046",hiniiteh'eio,2,,,,
"JGBear.046",ne'P,3,,,,
"JGBear.046","ne'ce3ei'oo3i',",4,,,,
"JGBear.047",'oh,1,,,,
"JGBear.047",hiihoowuuni,2,,,,
"JGBear.047","koo'oeseeno',",3,,,,
"JGBear.048","he'ih'iinihi'koohuutoon,",1,,,,
"JGBear.049","He'ih'iiceecebiseeno',",1,,,,
"JGBear.050",noh,1,,,,
"JGBear.050",he'ih'iice'niinihi'koohuno'.,2,,,,
"JGBear.051",He'ne'nih'iisiine'etii3i'.,1,,,,
"JGBear.052",Ne'cesisnihi'koohu3i'.,1,,,,
"JGBear.053",Niixoo,1,,,,
"JGBear.053",nuhu',2,,,,
"JGBear.053",he'ihnoohobeihino';,3,,,,
"JGBear.054",heihii,1,,,,
"JGBear.054","3ebiini,",2,,,,
"JGBear.054",3ebkoxu3koohuno',3,,,,
"JGBear.054","3ebiihi',",4,,,,
"JGBear.055",3ebiihi',1,,,,
"JGBear.055",kookon,2,,,,
"JGBear.055","nihcowouubeihiitooni',",3,,,,
"JGBear.056",Noh,1,,,,
"JGBear.056",he'iicis,2,,,,
"JGBear.056",wohoe'ceeseiniihi',3,,,,
"JGBear.056",wo'ei3,4,,,,
"JGBear.056",he'oowuuhu',5,,,,
"JGBear.056","ciisiihi',",6,,,,
"JGBear.057",He'ihno'koohuno'.,1,,,,
"JGBear.058",He'ihcebinoo'oo,1,,,,
"JGBear.058","koh'owu',",2,,,,
"JGBear.059",'oh,1,,,,
"JGBear.059",he'ih'ii3i'ookuuno'.,2,,,,
"JGBear.060",Nih'iiP,1,,,,
"JGBear.060",yookoxuu,2,,,,
"JGBear.060",hi'in,3,,,,
"JGBear.060",heenei'isiihi'.,4,,,,
"JGBear.061",He'ihcooco'oo'oe,1,,,,
"JGBear.062",Konowuuhu',1,,,,
"JGBear.062",nuhu',2,,,,
"JGBear.062","heetcooco'oe'ei'i,",3,,,,
"JGBear.062",nuhu',4,,,,
"JGBear.062",biino,5,,,,
"JGBear.062",nihcenii3oyeisei'i:,6,,,,
"JGBear.063","Wo'teeno'oono,",1,,,,
"JGBear.063","beebe'e'oono,",2,,,,
"JGBear.063",nihbeebenei'i.,3,,,,
"JGBear.064",Hi'in,1,,,,
"JGBear.064",ceese',2,,,,
"JGBear.064",ce'nei'ooku'oot,3,,,,
"JGBear.064","cenih'ii3koohu3i',",4,,,,
"JGBear.065",'oh,1,,,,
"JGBear.065",heebetox,2,,,,
"JGBear.065",he'ihcihto3ihei'i.,3,,,,
"JGBear.066",Noh,1,,,,
"JGBear.066",hoowce'nei'ooku'oono':,2,,,,
"JGBear.067",he'ih'iiceeni'eisee,1,,,,
"JGBear.067",wootii,2,,,,
"JGBear.067",benoo3iisee.,3,,,,
"JGBear.068",Benoo3iisee,1,,,,
"JGBear.068",ciisiihi'.,2,,,,
"JGBear.069",He'ihcoonP,1,,,,
"JGBear.070",Koxuute',1,,,,
"JGBear.070",he'ih'iikohei'i,2,,,,
"JGBear.070",nehe',3,,,,
"JGBear.070",wox.,4,,,,
"JGBear.071","He'ih'iinoononoo'ein,",1,,,,
"JGBear.071",noonotnoo'ein.,2,,,,
"JGBear.072",Ne'nih'ii'ce'ceenokut.,1,,,,
"JGBear.073",NiiP,1,,,,
"JGBear.073",niixoo,2,,,,
"JGBear.073",nooxeihi',3,,,,
"JGBear.073",niikookoh'u3ecoot,4,,,,
"JGBear.074",Niice'iini,1,,,,
"JGBear.074","ce'ce3ei'oot,",2,,,,
"JGBear.075",ce'to3ihei3i'.,1,,,,
"JGBear.076",He'ihcihneeheyeisee.,1,,,,
"JGBear.077",Kooxhe'ih'ii3i'ookuu.,1,,,,
"JGBear.078",He'ihnoonotnoo'ein.,1,,,,
"JGBear.079",Hi'in,1,,,,
"JGBear.079",wox,2,,,,
"JGBear.079",ne'ce'ceenokut;,3,,,,
"JGBear.080",neenei'oohooto',1,,,,
"JGBear.080",nuhu',2,,,,
"JGBear.080",heetiseeni3i,3,,,,
"JGBear.080",neniteeno.,4,,,,
"JGBear.081",Nihii,1,,,,
"JGBear.081",heetoustoon?,2,,,,
"JGBear.082",Heneini'nii3neetokooyeino'.,1,,,,
"JGBear.083",Huut,1,,,,
"JGBear.083",heet-ne'ni'P,2,,,,
"JGBear.083",nohkneh'eino',3,,,,
"JGBear.083",nehe',4,,,,
"JGBear.083",wox,5,,,,
"JGBear.083",nih'ii3etehkoni'.,6,,,,
"JGBear.084",Hee.,1,,,,
"JGBear.084",Wohei,2,,,,
"JGBear.084",noh,3,,,,
"JGBear.084",nihnii3o{no}yeisoo',4,,,,
"JGBear.084",wo'oteenoxes,5,,,,
"JGBear.084",nuhu',6,,,,
"JGBear.084",koh'owuu'.,7,,,,
"JGBear.085",nih'iiP,1,,,,
"JGBear.085",nihwo{n}owoxuseni',2,,,,
"JGBear.085",nuh'uuno,3,,,,
"JGBear.085",wo'oteenoxes,4,,,,
"JGBear.085",bisiihi'.,5,,,,
"JGBear.086",Nih'ookoyouhu',1,,,,
"JGBear.086",hei'eeneistoo3i'.,2,,,,
"JGBear.087",Wohei,1,,,,
"JGBear.087",hiit,2,,,,
"JGBear.087",wooniini,3,,,,
"JGBear.087",xoo3koohu[3i'].,4,,,,
"JGBear.088",Hiit,1,,,,
"JGBear.088",kotousii,2,,,,
"JGBear.088",nih'ii3-oohok,3,,,,
"JGBear.088",hiniiteh'eio.,4,,,,
"JGBear.089","Nehe',",1,,,,
"JGBear.089",wohei,2,,,,
"JGBear.089",cowootee',3,,,,
"JGBear.089",nuhu',4,,,,
"JGBear.089",toonniihiitisee3i,5,,,,
"JGBear.089",nuhu',6,,,,
"JGBear.089",cese'ehiiho'…,7,,,,
"JGBear.090",Wohei,1,,,,
"JGBear.090",ne'oo3i3iniisibit,2,,,,
"JGBear.090",nehe',3,,,,
"JGBear.090",nenitee.,4,,,,
"JGBear.091",Wooxesiit,1,,,,
"JGBear.091",wo'oteenoxes,2,,,,
"JGBear.092",He'iice'P,1,,,,
"JGBear.092",wox,2,,,,
"JGBear.092","ne'no'useet,",3,,,,
"JGBear.093",Noh,1,,,,
"JGBear.093",hoownoohootP,2,,,,
"JGBear.093",noohobee,3,,,,
"JGBear.093",nuhu',4,,,,
"JGBear.093",hoxes,5,,,,
"JGBear.093","nii[ho]xesnounit,",6,,,,
"JGBear.093",honoot,7,,,,
"JGBear.093",hi'is,8,,,,
"JGBear.093",cee'e3eisit.,9,,,,
"JGBear.094",Nehe',1,,,,
"JGBear.094",wox,2,,,,
"JGBear.094",he'ihniitouu.,3,,,,
"JGBear.095",He'ih'osei3ceno'oo.,1,,,,
"JGBear.096","3ii3i'ookuu,",1,,,,
"JGBear.096",noononoo'ein.,2,,,,
"JGBear.097","Ne'noonoo'oexootoneit,",1,,,,
"JGBear.097",noonoo'oeniihi'.,2,,,,
"JGBear.098",He'ih'iice'neenei'oohobe'.,1,,,,
"JGBear.099",Wohei,1,,,,
"JGBear.099",ce'ceeceenokut,2,,,,
"JGBear.099",nehe',3,,,,
"JGBear.099",wox.,4,,,,
"JGBear.100",Nooxeihi',1,,,,
"JGBear.100",nih'iinoxootoohooto',2,,,,
"JGBear.100",nuhu',3,,,,
"JGBear.100","wooxesneihiinoo',",4,,,,
"JGBear.100",nuhu',5,,,,
"JGBear.100",beteneyo'o.,6,,,,
"JGBear.101",Hoonii,1,,,,
"JGBear.101","hei'ce'kohei'it,",2,,,,
"JGBear.102",ce'noonoo'oexootone',1,,,,
"JGBear.102",nuhu',2,,,,
"JGBear.102",toh'oowu3oowut.,3,,,,
"JGBear.103","He'einoohoot,",1,,,,
"JGBear.103",nee'ei'noh'oowuuni,2,,,,
"JGBear.103","nuh'uuno,",3,,,,
"JGBear.104",nooxeihi',1,,,,
"JGBear.104",hoowu3oowut,2,,,,
"JGBear.104",nuhu',3,,,,
"JGBear.104",hoxes.,4,,,,
"JGBear.105","He'ih'iinoh'oowunoo'oo,",1,,,,
"JGBear.106",noh'oowu'oot.,1,,,,
"JGBear.107","He'ih'iinei'oohoot,",1,,,,
"JGBear.108",noxootoohoot,1,,,,
"JGBear.108",nuhu',2,,,,
"JGBear.108",wox.,3,,,,
"JGBear.109",He'ih'iiteenen.,1,,,,
"JGBear.110",He'ih'iinoh'oowunoo'oon,1,,,,
"JGBear.110",nuhu',2,,,,
"JGBear.110",huucet.,3,,,,
"JGBear.111",Ne'ii'ooseinoho'oet.,1,,,,
"JGBear.112",He'ih'iibenoot…,1,,,,
"JGBear.113",benoot,1,,,,
"JGBear.113",nuhu',2,,,,
"JGBear.113",huucet,3,,,,
"JGBear.113",nehe',4,,,,
"JGBear.113",wox.,5,,,,
"JGBear.114",He'ihnoonotnoo'ein.,1,,,,
"JGBear.115",Noxootoohooto',1,,,,
"JGBear.115",nuhu',2,,,,
"JGBear.115",niinoh'oowunoo'ooni'.,3,,,,
"JGBear.116",Ne'ce'teeteeneno'.,1,,,,
"JGBear.117",Wohei,1,,,,
"JGBear.117",ce'beebenoot,2,,,,
"JGBear.117",heenei'isiihi'.,3,,,,
"JGBear.118",Ne'ciisibinoo'oot,1,,,,
"JGBear.118",nehe',2,,,,
"JGBear.118",see'isi'.,3,,,,
"JGBear.119",Ne'ce'teeneneit.,1,,,,
"JGBear.120",'oh,1,,,,
"JGBear.120","ne'3owo3ceno'oot,",2,,,,
"JGBear.120",hoononee.,3,,,,
"JGBear.121",He'ihniiniitouu,1,,,,
"JGBear.121","nee'eesiihi',",2,,,,
"JGBear.122",ceeceno'oo,1,,,,
"JGBear.122",nehe',2,,,,
"JGBear.122",wox.,3,,,,
"JGBear.123",'oh,1,,,,
"JGBear.123",neneetineihit:,2,,,,
"JGBear.124",he'ih'oo3i3ininoo'oo,1,,,,
"JGBear.124",nehe',2,,,,
"JGBear.124",wox.,3,,,,
"JGBear.125",He'ne'ii'towo{yo}to'oneenoo'oot.,1,,,,
"JGBear.126",Noh,1,,,,
"JGBear.126",hoowuni'noh'oowuni'i,2,,,,
"JGBear.126",nehe',3,,,,
"JGBear.126","wox,",4,,,,
"JGBear.126",tohtowoto'oyo'.,5,,,,
"JGBear.127",‘oh,1,,,,
"JGBear.127",nehe',2,,,,
"JGBear.127",nenitee,3,,,,
"JGBear.127","ne'ceeceno'oo3oot,",4,,,,
"JGBear.128",teesceeceno'oo3oot.,1,,,,
"JGBear.129","3owo3ii,",1,,,,
"JGBear.130",hoohookeenin,1,,,,
"JGBear.130",heenei3oohok.,2,,,,
"JGBear.131",3owo3ii!,1,,,,
"JGBear.132","nono'oteihin,",1,,,,
"JGBear.133",no'oteenebeihin.,1,,,,
"JGBear.134","3iwoo,",1,,,,
"JGBear.134","he'ii3ei'neeno'oteihinoni,",2,,,,
"JGBear.135","3owo3ii,",1,,,,
"JGBear.135",heenei3oohok.,2,,,,
"JGBear.136",'oh,1,,,,
"JGBear.136",nehe',2,,,,
"JGBear.136","wox,",3,,,,
"JGBear.136",kookon,4,,,,
"JGBear.136",hoowuni'noh'oowuni'i.,5,,,,
"JGBear.137",toowoto'oyo'.,1,,,,
"JGBear.138",Wohei,1,,,,
"JGBear.138",ne'eeti3oot,2,,,,
"JGBear.138",hiniiteh'eio.,3,,,,
"JGBear.139",'oh,1,,,,
"JGBear.139",nehe',2,,,,
"JGBear.139","neheicoo,",3,,,,
"JGBear.139",heetniini…,4,,,,
"JGBear.140","He'ne'cooni3,",1,,,,
"JGBear.141",ce'iiyootehiisibeti3i',1,,,,
"JGBear.141",heeneiyoo3iihi'.,2,,,,
"JGBear.142","Ce'beebenei'i,***",1,,,,
"JGBear.142",ne'ciitehee3eit,2,,,,
"JGBear.142",nehe',3,,,,
"JGBear.142",neneh'eeet.,4,,,,
"JGBear.143",Wohei,1,,,,
"JGBear.143",ne'nii'tebe'eisoo3i',2,,,,
"JGBear.143",nehe',3,,,,
"JGBear.143",woxuu.,4,,,,
"JGBear.144",Wohei,1,,,,
"JGBear.144",ne'ceniihei3i'.,2,,,,
"JGBear.145",CeeceniihP…,1,,,,
"JGBear.145","nee'eeneesiini,",2,,,,
"JGBear.145",ceece3o'oh,3,,,,
"JGBear.145",he'ihbee3toono',4,,,,
"JGBear.145","hoseino',",5,,,,
"JGBear.146",Noh,1,,,,
"JGBear.146",he'iisiini…,2,,,,
"JGBear.146",wohoe'ihciiwottoneeno'.,3,,,,
"JGBear.147",Wohoe'ihciibii3woohuno'.,1,,,,
"JGBear.148",Nooxeihi',1,,,,
"JGBear.148",nihbii3woohu3i',2,,,,
"JGBear.148",hoseino',3,,,,
"JGBear.148",toh'esnee3i'.,4,,,,
"JGBear.149",Heeneihkotee3i',1,,,,
"JGBear.149",nee'eesiini.,2,,,,
"JGBear.150",Wohei,1,,,,
"JGBear.150",ne'ce'ei'inou'u,2,,,,
"JGBear.150",nuhu',3,,,,
"JGBear.150","hinotoyeic,",4,,,,
"JGBear.150",nuhu',5,,,,
"JGBear.150","bii3wo,",6,,,,
"JGBear.150",nuhu',7,,,,
"JGBear.150",hoseino'.,8,,,,
"JGBear.151",Wohei,1,,,,
"JGBear.151","ne'ce'ixotii3i',",2,,,,
"JGBear.151",cenih'iitisee3i',3,,,,
"JGBear.151","3ebiihi',",4,,,,
"JGBear.152",Noh,1,,,,
"JGBear.152","nihno'oteihehkoni',",2,,,,
"JGBear.153",wootii,1,,,,
"JGBear.153",hoowuuhiheyot.,2,,,,
"JGBear.154",Nuhu',1,,,,
"JGBear.154",niiwoh'uyooninoo,2,,,,
"JGBear.154","3ebiihi',",3,,,,
"JGBear.154",kookon,4,,,,
"JGBear.154","he'ih'iinotnoohobeihino',",5,,,,
"JGBear.155",Nih'e3ebiitsee3i'.,1,,,,
"JGBear.156",Wohei,1,,,,
"JGBear.156",noxoeniihi',2,,,,
"JGBear.156",'oh,3,,,,
"JGBear.156",he'ihcihbisiseeno'.,4,,,,
"JGBear.157","Cihbixouuhuno',",1,,,,
"JGBear.158",noohobeihi3i'.,1,,,,
"JGBear.159",Neene'eeno',1,,,,
"JGBear.159",cenihce'nou'see3i'.,2,,,,
"JGBear.160",Wohei,1,,,,
"JGBear.160",neniiwoh'uyei3i'.,2,,,,
"JGBear.161",neniiwouh'unou'u,1,,,,
"JGBear.161",he'ii3ooni'i.,2,,,,
"JGBear.162",Tei'yoonoh'o',1,,,,
"JGBear.162","ne'ee3ebkoohu3i',",2,,,,
"JGBear.162","3ebiihi',",3,,,,
"JGBear.163",noonouxonei'i.,1,,,,
"JGBear.164",Noonoohoo3eino',1,,,,
"JGBear.164",nuhu',2,,,,
"JGBear.164",tei'yoonoh'o'.,3,,,,
"JGBear.165",Ne'ce'noono'koohuno',1,,,,
"JGBear.165",tei'yoonoh'o'.,2,,,,
"JGBear.166",Ceneixo3ei3i',1,,,,
"JGBear.166",nii3oohkoni',2,,,,
"JGBear.166",nuhu',3,,,,
"JGBear.166",neeceen.,4,,,,
"JGBear.167","Ne'toyoohobei3i',",1,,,,
"JGBear.167",noh,2,,,,
"JGBear.167",nuhu',3,,,,
"JGBear.167",hoo3oo'o',4,,,,
"JGBear.167",nuhu',5,,,,
"JGBear.167",neecee.,6,,,,
"JGBear.168",Wohei,1,,,,
"JGBear.168",neneeninee,2,,,,
"JGBear.168","cihwoniiteheibe',",3,,,,
"JGBear.169",ceneixo3ei3i',1,,,,
"JGBear.169",nih'iit.,2,,,,
"JGBear.170",'oh,1,,,,
"JGBear.170",nuhu',2,,,,
"JGBear.170",hoo3oo'o',3,,,,
"JGBear.170",ne'ee3ebkoohu3i',4,,,,
"JGBear.170",3ebiihi'.,5,,,,
"JGBear.171",Nenee3i',1,,,,
"JGBear.171",cenih'iteyei3i'.,2,,,,
"JGBear.172",'oh,1,,,,
"JGBear.172",nuhu',2,,,,
"JGBear.172",tooyeinousibeihi3i',3,,,,
"JGBear.172",nuhu',4,,,,
"JGBear.172",ceneixo3ei3i'.,5,,,,
"JGBear.173",'oh,1,,,,
"JGBear.173",nuhu',2,,,,
"JGBear.173","hooxoeniihi',",3,,,,
"JGBear.173",'oh,4,,,,
"JGBear.173",ceece3o'oh,5,,,,
"JGBear.173",no'P,6,,,,
"JGBear.173",no'uxo3eino'.,7,,,,
"JGBear.174","He'ne'kookou'xowoo3i',",1,,,,
"JGBear.174",noh,2,,,,
"JGBear.174",siite3eiciihi';,3,,,,
"JGBear.175",he'ihbisiite3isino',1,,,,
"JGBear.175",nuhu',2,,,,
"JGBear.175",hoseino'.,3,,,,
"JGBear.176",Nuhu',1,,,,
"JGBear.176",nii'P,2,,,,
"JGBear.176","nih'entoo3i',",3,,,,
"JGBear.176",howoo,4,,,,
"JGBear.176",nuhu',5,,,,
"JGBear.176",neecee,6,,,,
"JGBear.176",he'ih'eebe3kou'xowuuneih.,7,,,,
"JGBear.177",Nee'eeneesiini.,1,,,,
"JGBear.178",He'ih'ini,1,,,,
"JGBear.178",bi'beebee3iini.,2,,,,
"JGBear.179",He'ihnosouniini,1,,,,
"JGBear.179",nuhu',2,,,,
"JGBear.179",hoseino'.,3,,,,
"JGBear.180",Wohei,1,,,,
"JGBear.180",ne'nih'iisiini.,2,,,,
"JGBear.181",Ceece3o'oh,1,,,,
"JGBear.181",he'ihce'iini,2,,,,
"JGBear.181",heeneihkoteehkoni'.,3,,,,
"JGBear.182",Wohei,1,,,,
"JGBear.182",nuhu',2,,,,
"JGBear.182","tohbih'iyoo',",3,,,,
"JGBear.182",he'ne'beteeebee3i'.,4,,,,
"JGBear.183",Wohei,1,,,,
"JGBear.183",ne'iini,2,,,,
"JGBear.183",hi'niistootiini',3,,,,
"JGBear.183",nuhu',4,,,,
"JGBear.183",noo'xo3ei3i'.,5,,,,
"JGBear.184",Ne'nii'niiniisihoot,1,,,,
"JGBear.184",nuhu',2,,,,
"JGBear.184","neecee,",3,,,,
"JGBear.184",neeceeniihi'.,4,,,,
"JGBear.185",HotP,1,,,,
"JGBear.185",hotneeceeni3i',2,,,,
"JGBear.185",nuhu',3,,,,
"JGBear.185",niisi3i'.,4,,,,
"JGBear.186",Hetnii3neniibeit,1,,,,
"JGBear.186",nehe',2,,,,
"JGBear.186","neecee,",3,,,,
"JGBear.186",neecee,4,,,,
"JGBear.186","niisihoot,",5,,,,
"JGBear.187",Noh,1,,,,
"JGBear.187",huu3iihi',2,,,,
"JGBear.187",neniteeno,3,,,,
"JGBear.187",ne'nih'ee3oobeenebei3i'.,4,,,,
"JGBear.188",Ne'iini,1,,,,
"JGBear.188","hee3o'owuuhu',",2,,,,
"JGBear.188",wootii,3,,,,
"JGBear.188",ne'P,4,,,,
"JGBear.188","tih'iine'etii3i',",5,,,,
"JGBear.188",noh,6,,,,
"JGBear.188",wothoowuuni.,7,,,,
"JGBear.189",Hiihoowooh'oonohookeeniini.,1,,,,
"JGBear.190","Nee'eeneesiine'etiino',",1,,,,
"JGBear.190",noh,2,,,,
"JGBear.190","teiitooniihi',",3,,,,
"JGBear.190","wootii,",4,,,,
"JGBear.191","Ne'nih'iisiini,",1,,,,
"JGBear.192",nii3neniiwoo3i',1,,,,
"JGBear.192",hineeceebinoo.,2,,,,
"JGBear.193",Nuhu',1,,,,
"JGBear.193",hinenteeniit,2,,,,
"JGBear.193",noh,3,,,,
"JGBear.193",nihkou3iini,4,,,,
"JGBear.193",nuhu',5,,,,
"JGBear.193",hoseino';,6,,,,
"JGBear.194",He'ihkou3iini,1,,,,
"JGBear.194",hentou'.,2,,,,
"JGBear.195",He'ihciinowo'oniini,1,,,,
"JGBear.195",kou3iini.,2,,,,
"JGBear.196",Howoo3iine'etiino',1,,,,
"JGBear.196",nuhu',2,,,,
"JGBear.196",hinono'eino',3,,,,
"JGBear.196",hi'iihi'.,4,,,,
"JGBear.197",Nuhu',1,,,,
"JGBear.197",niisi3i',2,,,,
"JGBear.197",nihcih[bo]booteenebeihi3i',3,,,,
"JGBear.197",tih'iixontoohkoni'.,4,,,,
"JGBear.198",Wohei,1,,,,
"JGBear.198",nee'eesoo',2,,,,
"JGBear.198",nuhu',3,,,,
"JGBear.198",hoo3itoo.,4,,,,
"JGBear.199",Hiisoho'.,1,,,,
"JGBear.200","Nee'eesoo',",1,,,,
"JGBear.201",nee'eesoo',1,,,,
"JGBear.201",nuhu',2,,,,
"JGBear.201",hoo3itoo.,3,,,,
