ref,word,num,dep,label,dep2,label2
"JGGh1.001",wohei,1,,,,
"JGGh1.001",ceese':,2,,,,
"JGGh1.002",neisonoo,1,,,,
"JGGh1.002",cihnih'ei'towuuneinoo.,2,,,,
"JGGh1.003",too'eihi'.,1,,,,
"JGGh1.004",hinee,1,,,,
"JGGh1.004","nih'iitnee'eesoo',",2,,,,
"JGGh1.004",hini',3,,,,
"JGGh1.004",ho'oowu',4,,,,
"JGGh1.004","nih'entou',",5,,,,
"JGGh1.005",'oh,1,,,,
"JGGh1.005",nih'iiciinouuniine'etiit.,2,,,,
"JGGh1.006",3oo3o'o'wuuci3ei'it.,1,,,,
"JGGh1.007",nee'eeneesiine'etiit.,1,,,,
"JGGh1.008",nih'iinohkoohuu3i',1,,,,
"JGGh1.008",hoono',2,,,,
"JGGh1.008",hih'oowcihbisis.,3,,,,
"JGGh1.009",'oh,1,,,,
"JGGh1.009",bi'eeneinootii3i'.,2,,,,
"JGGh1.010",ne'nii'ciiciinouu3i'.,1,,,,
"JGGh1.011",ciinouuniine'etiit.,1,,,,
"JGGh1.012",wohei,1,,,,
"JGGh1.012",he'iisiini,2,,,,
"JGGh1.012",ceesey,3,,,,
"JGGh1.012","3owo3iit,",4,,,,
"JGGh1.013",ne'notiihoot,1,,,,
"JGGh1.013",hitoniho'.,2,,,,
"JGGh1.014",nootnooxebeit.,1,,,,
"JGGh1.015",wohei,1,,,,
"JGGh1.015",nuhu',2,,,,
"JGGh1.015",huut,3,,,,
"JGGh1.015",hiikoo',4,,,,
"JGGh1.015","hiikou'uuni',",5,,,,
"JGGh1.016",hinee,1,,,,
"JGGh1.016",3i'ookuu3i',2,,,,
"JGGh1.016",hohootno'.,3,,,,
"JGGh1.017",neenei3i',1,,,,
"JGGh1.017","cooco'oo'oe',",2,,,,
"JGGh1.017",hini'iit,3,,,,
"JGGh1.017",niico'oo'ei'i.,4,,,,
"JGGh1.018",he'ih'iinisee.,1,,,,
"JGGh1.019",'oh,1,,,,
"JGGh1.019",nuhu',2,,,,
"JGGh1.019","hee3e'eiseet,",3,,,,
"JGGh1.019",'oh,4,,,,
"JGGh1.019",he'iicxootei'i,5,,,,
"JGGh1.019",he'ihco'oo'oe.,6,,,,
"JGGh1.020",wohei,1,,,,
"JGGh1.020",nuhu',2,,,,
"JGGh1.020","nih'iitoniP,",3,,,,
"JGGh1.021",'oh,1,,,,
"JGGh1.021",he'ne'inoohowoot,2,,,,
"JGGh1.021",neniteen.,3,,,,
"JGGh1.022",he'ihyihoon,1,,,,
"JGGh1.022",nuhu',2,,,,
"JGGh1.022","coo'oo'oeni',",3,,,,
"JGGh1.023",noh,1,,,,
"JGGh1.023",he'ihno'useen.,2,,,,
"JGGh1.024",'oh,1,,,,
"JGGh1.024",wotnehe',2,,,,
"JGGh1.024",nenitee,3,,,,
"JGGh1.024",hoowehbisis.,4,,,,
"JGGh1.025",hooweh3eb-iisisee.,1,,,,
"JGGh1.026",noh,1,,,,
"JGGh1.026",nehe',2,,,,
"JGGh1.026",neisonoo,3,,,,
"JGGh1.026",he'ihbee3ih-ee,4,,,,
"JGGh1.026",siisoowoono;,5,,,,
"JGGh1.027",yeh,1,,,,
"JGGh1.027",nohkuseicii'oo'.,2,,,,
"JGGh1.028",he'iiteihi3i,1,,,,
"JGGh1.028",he'ceenok.,2,,,,
"JGGh1.029",heebehbisiseen.,1,,,,
"JGGh1.030",heebeh'isiisoowoon.,1,,,,
"JGGh1.031","heetniini'kooneewo',",1,,,,
"JGGh1.031",hee3oohok,2,,,,
"JGGh1.032",noh,1,,,,
"JGGh1.032",ne'ehyiisnihi'neeseet.,2,,,,
"JGGh1.033",hee3ebno'useet,1,,,,
"JGGh1.033",nuhu',2,,,,
"JGGh1.033",heetoot.,3,,,,
"JGGh1.034",'oh,1,,,,
"JGGh1.034",hoowuunentoo.,2,,,,
"JGGh1.035","3ee3eiinei'ooku'oo,",1,,,,
"JGGh1.036",'oh,1,,,,
"JGGh1.036",hoowuunentoo.,2,,,,
"JGGh1.037",ne'nih'iisnoohoo3ei'it,1,,,,
"JGGh1.037",nehe',2,,,,
"JGGh1.037",neisonoo.,3,,,,
"JGGh1.038",noh,1,,,,
"JGGh1.038",nee'eesiini;,2,,,,
"JGGh1.039","nee'eesoo',",1,,,,
"JGGh1.039",nih'ii3einoo.,2,,,,
"JGGh1.040",howoo,1,,,,
"JGGh1.040",huusi'i',2,,,,
"JGGh1.040","nii'iini,",3,,,,
"JGGh1.040","neentou',",4,,,,
"JGGh1.040","nih'ii3einoo,",5,,,,
"JGGh1.041",noh,1,,,,
"JGGh1.041",ne'nih'iisiini.,2,,,,
"JGGh1.042","ne'-ei'towuuneinoo,",1,,,,
"JGGh1.042",teesiihi',2,,,,
"JGGh1.042","he3ebnottono',",3,,,,
"JGGh1.042",tousiini,4,,,,
"JGGh1.042",nuhu',5,,,,
"JGGh1.042",niinoohobeihi3i'.,6,,,,
"JGGh1.043","hee,",1,,,,
"JGGh1.043",nih'iit.,2,,,,
"JGGh1.044",neinoo'oohok,1,,,,
"JGGh1.044","nenitee,",2,,,,
"JGGh1.044","heetnee'inoneit,",3,,,,
"JGGh1.045",noh,1,,,,
"JGGh1.045",heetnii3kuu3eit.,2,,,,
"JGGh1.046",nee'eesiini.,1,,,,
"JGGh1.047",ceebehneinoo'oo..,1,,,,
"JGGh1.048","heebehnee'ee3obee,",1,,,,
"JGGh1.048",nih'ii3einoo,2,,,,
"JGGh1.049",heetnee'ino',1,,,,
"JGGh1.049",tohciineihein.,2,,,,
"JGGh1.050",koneneihi3i'.,1,,,,
"JGGh1.051","heetnoo3ein,",1,,,,
"JGGh1.051",nih'iit.,2,,,,
"JGGh1.052",ne'nih'iisinihiit,1,,,,
"JGGh1.052",neisonoo.,2,,,,
"JGGh1.053",nee'eesoo'.,1,,,,
