ref,word,num,dep,label,dep2,label2
"JGSn.001",Wohei,1,,,,
"JGSn.001",nihii,2,,,,
"JGSn.001",hehnee'eeneesoo',3,,,,
"JGSn.001",hiine'etiit.,4,,,,
"JGSn.002",Nih'eenentoo3i',1,,,,
"JGSn.002",neniteeno'…,2,,,,
"JGSn.003",Nih'ini,1,,,,
"JGSn.003",kookokoh'ou3einiini,2,,,,
"JGSn.003",heene'iyeiniini,3,,,,
"JGSn.003",[hit]iine'etiitooninoo.,4,,,,
"JGSn.004",He'ih'eeneixoneihino',1,,,,
"JGSn.004",nih'eeneisiini.,2,,,,
"JGSn.005",Wohei,1,,,,
"JGSn.005",nehe',2,,,,
"JGSn.005",nenitee,3,,,,
"JGSn.005",he'ih'iiheeneinisee.,4,,,,
"JGSn.006",Noonotii3ei'it,1,,,,
"JGSn.006",nihii…,2,,,,
"JGSn.007",He'ihnoonotnoo'ein,1,,,,
"JGSn.007",heenei'isiihi'.,2,,,,
"JGSn.008",Nih'iibeetiini,1,,,,
"JGSn.008",noosouniini,2,,,,
"JGSn.008",ceeceneeyohwuuni,3,,,,
"JGSn.008",heene'iyei[t].,4,,,,
"JGSn.009",3oo3ooxuuyei'it,1,,,,
"JGSn.009",hi'in,2,,,,
"JGSn.009",ce'esiihi'.,3,,,,
"JGSn.010",Nih'iiniiniitowooto',1,,,,
"JGSn.010",hoo3itoono,2,,,,
"JGSn.010",wo'ei3,3,,,,
"JGSn.010",heenei'isiihi'.,4,,,,
"JGSn.011",Wohei,1,,,,
"JGSn.011",nee'ei'heeneinis[ee].,2,,,,
"JGSn.012",Kookon,1,,,,
"JGSn.012",he'ihniitobee,2,,,,
"JGSn.012",hiit,3,,,,
"JGSn.012",hihcebehe';,4,,,,
"JGSn.013",He'ihkookohtobeinoon.,1,,,,
"JGSn.014",‘oh,1,,,,
"JGSn.014",huut,2,,,,
"JGSn.014",siisiiyeino',3,,,,
"JGSn.014","niinohceineeyei3i',",4,,,,
"JGSn.014",he'ihneenino',5,,,,
"JGSn.015",Xonou,1,,,,
"JGSn.015",he'ih-nehtowoot.,2,,,,
"JGSn.016",Noh,1,,,,
"JGSn.016",ne'iini,2,,,,
"JGSn.016",noononoo'einit.,3,,,,
"JGSn.017",Heebeh'ini,1,,,,
"JGSn.017",too3no'us[ee].,2,,,,
"JGSn.018",Neestoonooteihi3i',1,,,,
"JGSn.018",nuhu',2,,,,
"JGSn.018",niinohceiyooni3i',3,,,,
"JGSn.018",siisiiyeino'.,4,,,,
"JGSn.019",Wohei,1,,,,
"JGSn.019",nee'eesiini,2,,,,
"JGSn.019",noonoo'oeniini,3,,,,
"JGSn.019",noonotii3ei'it,4,,,,
"JGSn.019",heetoteitoonini'.,5,,,,
"JGSn.020",Ne'niitowooto';,1,,,,
"JGSn.021",ne'yihoot;,1,,,,
"JGSn.022",he'ihnee[he]yeisee;,1,,,,
"JGSn.023",'oh,1,,,,
"JGSn.023",he'ihciinoohoo3ei.,2,,,,
"JGSn.024",He'ne'wo'wuseet.,1,,,,
"JGSn.025",'oh,1,,,,
"JGSn.025",he'ihP,2,,,,
"JGSn.025",hiitouuk,3,,,,
"JGSn.025",he'ne'inoohowoot,4,,,,
"JGSn.025",niisini3i,5,,,,
"JGSn.025",nuhu',6,,,,
"JGSn.025",hiinohceineeyooniisiisiiyeino.,7,,,,
"JGSn.026",He'ihbooboo3etino'.,1,,,,
"JGSn.026",Heeneinci3etino'.,2,,,,
"JGSn.027",He'ihnoono'oteinoon,1,,,,
"JGSn.027",nuhu',2,,,,
"JGSn.027",hi'iini,3,,,,
"JGSn.027","cee'eiyoo,",4,,,,
"JGSn.027",hicee'eiyooninoo.,5,,,,
"JGSn.028",He'ihneenino',1,,,,
"JGSn.028","ni'iitou'u,",2,,,,
"JGSn.028",hiinohceineeyooni3i',3,,,,
"JGSn.028",ni'ii3eihi3i'.,4,,,,
"JGSn.029","Hoonii,",1,,,,
"JGSn.029",hoonii,2,,,,
"JGSn.029",he'ih'eeneinci3etini[no],3,,,,
"JGSn.029",kou3iihi'.,4,,,,
"JGSn.030",He'ne'iceenokut.,1,,,,
"JGSn.031",He'ih'esooku'oo.,1,,,,
"JGSn.032",Hoowcih3ooxuunone'.,1,,,,
"JGSn.033",hiitowuuni,1,,,,
"JGSn.033",heenesinihetini3i.,2,,,,
"JGSn.034",Nee'eesiini.,1,,,,
"JGSn.035",Wohei,1,,,,
"JGSn.035",ne'iini,2,,,,
"JGSn.035",siine'iini,3,,,,
"JGSn.035",heeneitobetini3i,4,,,,
"JGSn.035",hini'iit,5,,,,
"JGSn.035",niitiini,6,,,,
"JGSn.035",[hi]ce'eineeyooninoo.,7,,,,
"JGSn.036",Wohei,1,,,,
"JGSn.036",ne'cesisbiibiinetini3i.,2,,,,
"JGSn.037",Noh,1,,,,
"JGSn.037",he'iicisiihi',2,,,,
"JGSn.037",he'iitox,3,,,,
"JGSn.037",'oh,4,,,,
"JGSn.037",siihe'ih'iiP;,5,,,,
"JGSn.038",Heeciseesoohowoot,1,,,,
"JGSn.038",'oh,2,,,,
"JGSn.038",he'ihciinoohoo3ei.,3,,,,
"JGSn.039",Hoownoohobee,1,,,,
"JGSn.039",nuhu',2,,,,
"JGSn.039",siisiiyeino.,3,,,,
"JGSn.040","Bonoo3etini3i,",1,,,,
"JGSn.040",hootoobetini3i.,2,,,,
"JGSn.041",Nee'ehciinoohow-oot.,1,,,,
"JGSn.042",He'ih'otoobetino',1,,,,
"JGSn.042",nuhu',2,,,,
"JGSn.042",siisiiyeino'.,3,,,,
"JGSn.043",He'ihciiP,1,,,,
"JGSn.043",he'ih'iyohou'unoo'oono'.,2,,,,
"JGSn.044",Wohei,1,,,,
"JGSn.044",nenee'.,2,,,,
"JGSn.045",Ne'nih'ii3oo3iteet,1,,,,
"JGSn.045",nehe',2,,,,
"JGSn.045",nenitee.,3,,,,
"JGSn.046",Noh,1,,,,
"JGSn.046",huuwoonhehe',2,,,,
"JGSn.046","ne'niisiini,",3,,,,
"JGSn.046",niinosouniini,4,,,,
"JGSn.046",3oo3ookutou'u,5,,,,
"JGSn.046",nuhu'.,6,,,,
"JGSn.047",Niiniitowootou'u,1,,,,
"JGSn.047",nuhu',2,,,,
"JGSn.047",siisiiyeino'.,3,,,,
"JGSn.048",Noh,1,,,,
"JGSn.048",nehe',2,,,,
"JGSn.048","nenitee,",3,,,,
"JGSn.048",hini',4,,,,
"JGSn.048",heenee3obeet,5,,,,
"JGSn.048",nuhu'.,6,,,,
"JGSn.049",Nenee',1,,,,
"JGSn.049","nee'eesiini,",2,,,,
"JGSn.049",too'eihi',3,,,,
"JGSn.049",nuh'uuno,4,,,,
"JGSn.049",nihiit.,5,,,,
"JGSn.050",Nuhu',1,,,,
"JGSn.050","hoo3itoo,",2,,,,
"JGSn.050","ne'nih'iisiini,",3,,,,
"JGSn.051",nee'eesiini.,1,,,,
