ref,word,num,dep,label,dep2,label2
"K30.001",Nih'oo3oo,1,,,,
"K30.001",he'no'useehek,2,,,,
"K30.001",hiiteen.,3,,,,
"K30.002",He'ihnoohobee,1,,,,
"K30.002","hisein,",2,,,,
"K30.002","hiseitei'yoon,",3,,,,
"K30.002",he'ii3ou'uni'eihin.,4,,,,
"K30.003",Wothihtousibee3ihee,1,,,,
"K30.003",xooxonou.,2,,,,
"K30.004",Nih'iiyohou',1,,,,
"K30.004",niise'inonoohok.,2,,,,
"K30.005","“Beh'ee,",1,,,,
"K30.005",neenihneheic!”,2,,,,
"K30.005",nii3oohok,3,,,,
"K30.005",hihnoohowooono,4,,,,
"K30.005",cese'eihiiho.,5,,,,
"K30.006","“Hoowuuni,”",1,,,,
"K30.006",nii3eihok.,2,,,,
"K30.007","“konP,",1,,,,
"K30.007",hiiwo',2,,,,
"K30.007","cih'iistoonooni,”",3,,,,
"K30.007",niihok,4,,,,
"K30.007",nih'oo3oo.,5,,,,
"K30.008",ho'ooto',1,,,,
"K30.008",he'ihcebihkookuu,2,,,,
"K30.008",hookuu.,3,,,,
"K30.009","“Beh'ee,",1,,,,
"K30.009",nohonineheic!”,2,,,,
"K30.009",hee3oohok,3,,,,
"K30.009",nih'oo3oo.,4,,,,
"K30.010",“Hootnooxuuwutiin,1,,,,
"K30.010",nei3oo.”,2,,,,
"K30.011","“Hee,",1,,,,
"K30.011",tih'iheyoti'.”,2,,,,
"K30.012","“Hiiko,",1,,,,
"K30.012",hiihoowuuheyot!,2,,,,
"K30.013",“hiino3oon,1,,,,
"K30.013",noh,2,,,,
"K30.013","hooxuuwutiin,",3,,,,
"K30.013",beh'ee.”,4,,,,
"K30.014",hookuuhuhu',1,,,,
"K30.014",ne'ooxuwutiihok.,2,,,,
"K30.015",Neehii3ei',1,,,,
"K30.015",3oono'oo';,2,,,,
"K30.015",he'nohkneetih'ebehk.,3,,,,
"K30.016","“Sesiiceniihiin,",1,,,,
"K30.016",he-yeih-ow-u***,2,,,,
"K30.016",beihi'ee!,3,,,,
"K30.017","[ne]neeni[n],",1,,,,
"K30.017",howoh?,2,,,,
"K30.018",hinee,1,,,,
"K30.018",heetohni'eihit,2,,,,
"K30.018","hisei,",3,,,,
"K30.018",hetxouuwuxotii.,4,,,,
"K30.019",beeyoo,1,,,,
"K30.019","heetohtonoti',",2,,,,
"K30.019",het3eiin.,3,,,,
"K30.020",Hootnooko3i'eebe3en.”***,1,,,,
"K30.021","“Hee,",1,,,,
"K30.021","heebehcii3oobei,”",2,,,,
"K30.021",sesiiceniihii,3,,,,
"K30.021",heehehk.,4,,,,
"K30.022","“hii3oobeinoo,",1,,,,
"K30.022","beh'ee,",2,,,,
"K30.022",sesiiceniihii.”,3,,,,
"K30.023",ne'ce3ixotiihok,1,,,,
"K30.023",nih'oo3oo,2,,,,
"K30.023",hinii3oonin.,3,,,,
"K30.024",“beeyoo,1,,,,
"K30.024","heetohtonoti',",2,,,,
"K30.024","xouuwuuhu',",3,,,,
"K30.024",beh'ee.,4,,,,
"K30.025",Honooyoo.”,1,,,,
"K30.026",“Hee,1,,,,
"K30.026","hee,”",2,,,,
"K30.026",heehehk,3,,,,
"K30.026",sesiiceniihiin.,4,,,,
"K30.027",Tohce3ixotiit,1,,,,
"K30.027","hoo3oo{n},",2,,,,
"K30.028","'oeyii,",1,,,,
"K30.028",heet[n]iinowo'oot.,2,,,,
"K30.029","'ouuh,",1,,,,
"K30.029",heetiisee3ihcehinoo.,2,,,,
"K30.030",heii,1,,,,
"K30.030",kookon,2,,,,
"K30.030",heetiisehcii3ciinou'unoo.,3,,,,
"K30.031",he'iinooxeihi',1,,,,
"K30.031",wo'wuhihcebe',2,,,,
"K30.031",konoh'ousoo'oo'.,3,,,,
"K30.032","“howoh'oe,",1,,,,
"K30.032","hih'oowunokohuno',”",2,,,,
"K30.032",heehehk,3,,,,
"K30.032",sesiiceniihii.,4,,,,
"K30.033",“wohei,1,,,,
"K30.033",woow,2,,,,
"K30.033",cih'ee3ihcehi!,3,,,,
"K30.034",Heii,1,,,,
"K30.034",yohouh'owootowoobeihi!”,2,,,,
"K30.034",heehehk,3,,,,
"K30.034",nih'oo3oo.,4,,,,
"K30.035",“nenee',1,,,,
"K30.035","hii3eti',",2,,,,
"K30.035","beh'ee,",3,,,,
"K30.035",heinotii3oo.”,4,,,,
"K30.036",he'tooto'ooto'ohk,1,,,,
"K30.036",hinii3oo.,2,,,,
"K30.037","“'ii,",1,,,,
"K30.037",he'ii3ou'u,2,,,,
"K30.037",nebiisi3oo.,3,,,,
"K30.038",Hi3inoh'ooseeyei!,1,,,,
"K30.039",nooxeihi',1,,,,
"K30.039",siisiiyei.,2,,,,
"K30.040",Hooho',1,,,,
"K30.040",noxuhu!”,2,,,,
"K30.040",heehehk,3,,,,
"K30.040",nehe',4,,,,
"K30.040",hiseitei'yoo.,5,,,,
"K30.041",Hiinoononox,1,,,,
"K30.041",hihtou3ei'no'uutee.,2,,,,
"K30.042",“Heeyou?,1,,,,
"K30.043","heebe3siisiiyei,",1,,,,
"K30.043",heebe3siisiiyei!,2,,,,
"K30.044",Hi3ihe'iiciteihi3i.”,1,,,,
"K30.045",ne'i3ookutiihohkoni'.,1,,,,
"K30.046","“Heii,",1,,,,
"K30.046",cih'itenowu',2,,,,
"K30.046",hoh'onoox.,3,,,,
"K30.047",Yeeyi'.,1,,,,
"K30.048",Cih'itenowu',1,,,,
"K30.048",hoh'onoox.,2,,,,
"K30.049","Cihnihi'koohu,",1,,,,
"K30.049",hooho'.”,2,,,,
"K30.050","Hiinoononox,",1,,,,
"K30.050",nih'oo3oo,2,,,,
"K30.050",he'3i'okehk,3,,,,
"K30.050",heetno'ooceiseni',4,,,,
"K30.050",nuhu'.,5,,,,
"K30.051",“Kohei'i!”,1,,,,
"K30.051",nii3eetehk.,2,,,,
"K30.052","“hiihoowuuni,”",1,,,,
"K30.052",niihok,2,,,,
"K30.052",nih'oo3oo.,3,,,,
"K30.053",“Hiineenowo',1,,,,
"K30.053",nehkohei'i!”,2,,,,
"K30.053",nii3eetehk.,3,,,,
"K30.054",“Neihoowuneen.,1,,,,
"K30.055","hii3oobeinoo,",1,,,,
"K30.055","neihoowuneen,”",2,,,,
"K30.055",niihok,3,,,,
"K30.055","nih'oo3oo,",4,,,,
"K30.056",Tohnowono'usi'.,1,,,,
"K30.057",Hoonii,1,,,,
"K30.057",he'ihkohei'i.,2,,,,
"K30.058","hiitouuk,",1,,,,
"K30.058",he'ihneenin.,2,,,,
"K30.059","“Hooho',",1,,,,
"K30.059",hetceikoohuutii,2,,,,
"K30.059",hoh'onoox!”,3,,,,
"K30.060",Nih'oo3oo,1,,,,
"K30.060",he'ce3ikuhneehek,2,,,,
"K30.060",xooxonou.,3,,,,
"K30.061",he'beh'iisiiteniyeihehk,1,,,,
"K30.061",hinii3oo.,2,,,,
"K30.062",Tebeseihiyehk.,1,,,,
"K30.063",Niiheyoo,1,,,,
"K30.063",he'ihneetii[too].,2,,,,
"K30.064",nih'oo3oo,1,,,,
"K30.064",3iik.,2,,,,
