ref,word,num,dep,label,dep2,label2
"K40.001",ko'ookunootinei,1,,,,
"K40.001",he'notikonixohoohok,2,,,,
"K40.001",hiheiho.,3,,,,
"K40.002",he'eteiniibeehek,1,,,,
"K40.002",hiikoo'.,2,,,,
"K40.003",Wotheh'eeneisoo',1,,,,
"K40.003",ce'esibesoowuuyohkoni'.,2,,,,
"K40.004",Hiheiho,1,,,,
"K40.004",he'ih'iisibin.,2,,,,
"K40.005",Noh,1,,,,
"K40.005",niixoo,2,,,,
"K40.005",hibesoowuu',3,,,,
"K40.005",he'ihcii3iisib.,4,,,,
"K40.006","Tohcenibih'iyooni',",1,,,,
"K40.006",Ko'ookunootinei,2,,,,
"K40.006",wotnihtoyotetouuhok.,3,,,,
"K40.007",“Heeyeihneeto3inenoo.,1,,,,
"K40.008",Cihkoho'uuhu',1,,,,
"K40.008","hotouwo,”",2,,,,
"K40.008",niihok.,3,,,,
"K40.009","Hei'i3ecoo3i,",1,,,,
"K40.009",nii3etouuhehk,2,,,,
"K40.009",ko'ookunootinei,3,,,,
"K40.009","“uhuuhu,",4,,,,
"K40.009","yoo'uhtoyo3oo'!,”",5,,,,
"K40.010",“Tousoo,1,,,,
"K40.010",ne3e'ex?,2,,,,
"K40.011",Koohotoe?”,1,,,,
"K40.012","“Heii,",1,,,,
"K40.012",heeyeihneeto3inenoo.,2,,,,
"K40.013",Ceixotii,1,,,,
"K40.013",ceese',2,,,,
"K40.013",hotou.”,3,,,,
"K40.014","“Hiibeii,",1,,,,
"K40.014",ne3e'ex,2,,,,
"K40.014",heihtoe,3,,,,
"K40.014",niiyou,4,,,,
"K40.014",ceese';,5,,,,
"K40.014",hoyoosin.'',6,,,,
"K40.015",Ko'ookunootinei,1,,,,
"K40.015",he'iteno'ohk,2,,,,
"K40.015",hiihoot,3,,,,
"K40.015",hou.,4,,,,
"K40.016","He'ih'oote'ein,",1,,,,
"K40.016",kooxhe'ihtoyotetouu.,2,,,,
"K40.017","“Tousoo,",1,,,,
"K40.017","tousoo,",2,,,,
"K40.017",heeyou,3,,,,
"K40.017",ne3e'ex?”,4,,,,
"K40.018","“Hiii,",1,,,,
"K40.018",noosoutoehinoo.,2,,,,
"K40.019",Neihoowooh'ookuu'oo,1,,,,
"K40.019",hoono'.”,2,,,,
"K40.020","“'inehous,",1,,,,
"K40.020","hiikookonoo',",2,,,,
"K40.020","heneicihnoehin,",3,,,,
"K40.020",hehniisisineno'.,4,,,,
"K40.021",Koohotoe?”,1,,,,
"K40.022","“Hii3oowutoehinoo,",1,,,,
"K40.022",neheihe.”,2,,,,
"K40.023","'''inehous,",1,,,,
"K40.023",3ooxuce',2,,,,
"K40.023","cih'iisibi,",3,,,,
"K40.023",ne3e'ex.'',4,,,,
"K40.024","Hiibeii,",1,,,,
"K40.024",he'ihtoyo3is.,2,,,,
"K40.025","Ko'ookunootinei,",1,,,,
"K40.025",he'iisibehk,2,,,,
"K40.025",3ooxuce'.,3,,,,
"K40.026",“Hesowhooyo'owuu,1,,,,
"K40.026","ne3e'ex,”",2,,,,
"K40.026",hee3eihok,3,,,,
"K40.026",hiheiho.,4,,,,
"K40.027",Toh'oote'einiini,1,,,,
"K40.027",kooxhe'ihtoyotetouu.,2,,,,
"K40.028",“Tousoo,1,,,,
"K40.028","ne3e'ex,",2,,,,
"K40.028",heeyou,3,,,,
"K40.028",heinotii3oo?”,4,,,,
"K40.029",Noh,1,,,,
"K40.029","hinee,",2,,,,
"K40.029","“tohtoehinoo,",3,,,,
"K40.030","Nosouniihi',",1,,,,
"K40.030",noosoutoehinoo.,2,,,,
"K40.031","Neeheinoo'oonoo,",1,,,,
"K40.031",tohtoehinoo.”,2,,,,
"K40.032","“Toothotoe,",1,,,,
"K40.032",ne3e'ex?,2,,,,
"K40.033",Wo'uukookonoo',1,,,,
"K40.033",hini',2,,,,
"K40.033",toehin.”,3,,,,
"K40.034","“Hiit,",1,,,,
"K40.034","hiitiino,",2,,,,
"K40.034",hii3oowutoehinoo,3,,,,
"K40.034",hiitiino,4,,,,
"K40.034",ceeseyoone'.”,5,,,,
"K40.035",He'ihtoutiibis,1,,,,
"K40.035",heetohtoehit.,2,,,,
"K40.036",Hiheiho,1,,,,
"K40.036",he'ih'e'inowuu.,2,,,,
"K40.037","“'inehous,",1,,,,
"K40.037","hooyo'owuu,",2,,,,
"K40.037",cihteesis,3,,,,
"K40.037","ne3e'ex,",4,,,,
"K40.038",Heetih'ookuu'oon.”,1,,,,
"K40.039","Toh'uusiini,",1,,,,
"K40.039",ko'ookunootinei,2,,,,
"K40.039",noh,3,,,,
"K40.039","hiheiho,",4,,,,
"K40.039",he'niiso'hi'ni'nokohehkoni'.,5,,,,
"K40.040","Tohnookenini',",1,,,,
"K40.040",kooxhe'ihce3ei'oono'.,2,,,,
"K40.041",Wothihtouskoutoneihino',1,,,,
"K40.041",tohnotikoniibeet!,2,,,,
"K40.042",Ko'ookunootinei,1,,,,
"K40.042","heecisiinisee-t,",2,,,,
"K40.042",he'ih'oo3isinen,3,,,,
"K40.042",hiheiho.,4,,,,
"K40.043",Hiheiho,1,,,,
"K40.043","tihniinnotii[tii]ni3,",2,,,,
"K40.043",he'ihnei'oohobee,3,,,,
"K40.043",hiso'onin.,4,,,,
"K40.044",“Hoononee,1,,,,
"K40.044",hihcenoo,2,,,,
"K40.044","hebiixuut,”",3,,,,
"K40.044",nii3oohok,4,,,,
"K40.044",hiheiho.,5,,,,
"K40.045",“Hoononee,1,,,,
"K40.045","hiinonounotii[tii],”",2,,,,
"K40.045","nii3oohok,",3,,,,
"K40.045",tohuuwo3oohowoot.,4,,,,
"K40.046",Heecisiinxooto',1,,,,
"K40.046",hiheiho,2,,,,
"K40.046","ko'ookunootinei,",3,,,,
"K40.046",he'ihceniisibe',4,,,,
"K40.046","honoh'oehihi',",5,,,,
"K40.046",hiniisoon.,6,,,,
"K40.047",Heihii,1,,,,
"K40.047",he'ihbeexookeen,2,,,,
"K40.047",hiniisoon.,3,,,,
"K40.048",Wothe'nohkce'notikoyohk;,1,,,,
"K40.049","hiheiho,",1,,,,
"K40.049","he'ih'iniisoonin,",2,,,,
"K40.049",honoh'oehiho'.,3,,,,
"K40.050","“Neixoo,",1,,,,
"K40.050","ko'ookunootinei,”",2,,,,
"K40.050",nii3eihok,3,,,,
"K40.050","honoh'oehiho',",4,,,,
"K40.051","“ko'ookunootinei,",1,,,,
"K40.051",nohowoh,2,,,,
"K40.051",howo'teeet?”,3,,,,
"K40.052","“Hee,",1,,,,
"K40.052",noh,2,,,,
"K40.052",henei'towuune3enee,3,,,,
"K40.052",nehe',4,,,,
"K40.052",honoh'oehihi',5,,,,
"K40.052",nihsiiiho'.,6,,,,
"K40.053",Nihsiiitono',1,,,,
"K40.053","neheihe,”",2,,,,
"K40.053",heehehk.,3,,,,
