ref,word,num,dep,label,dep2,label2
"K55.001",Nih'oo3oo,1,,,,
"K55.001",hiiteen,2,,,,
"K55.001",he'ihno'us.,3,,,,
"K55.002",Ceee3i',1,,,,
"K55.002",hiseino',2,,,,
"K55.002",hehniisi3i',3,,,,
"K55.002",he'ih'oonoxuyeino'.,4,,,,
"K55.003",Cebiseehek,1,,,,
"K55.003",Nih'oo3oo,2,,,,
"K55.003",hee3e'eicini3i.,3,,,,
"K55.004","“Nihii,",1,,,,
"K55.004","Nih'oo3oo,",2,,,,
"K55.004",tootei'eihoo”,3,,,,
"K55.004",hee3eihok.,4,,,,
"K55.005","“Neheic,",1,,,,
"K55.005",heh'i3ooxee.,2,,,,
"K55.006",Heh'i3ooxukuu3ee.”,1,,,,
"K55.007","“Hehneenoohohouhunoo,",1,,,,
"K55.007",nei3eboono'.”,2,,,,
"K55.008",“Hiino3oon,1,,,,
"K55.008",Nih'oo3oo:,2,,,,
"K55.008",cihnee!,3,,,,
"K55.009",Heh'i3ooxee,1,,,,
"K55.009",totoos,2,,,,
"K55.009",beenhehe';,3,,,,
"K55.010",no3neeciihi'.”,1,,,,
"K55.011","“Wohei,",1,,,,
"K55.011","hiikookonoo',”",2,,,,
"K55.011",niihok,3,,,,
"K55.011",Nih'oo3oo.,4,,,,
"K55.012","“Kei3oobeibe,",1,,,,
"K55.012",nei3eboono'?,2,,,,
"K55.013",koonooteese'eisin,1,,,,
"K55.013",hocoowunoo?”,2,,,,
"K55.014","“Hohou,",1,,,,
"K55.014",nei3eboo,2,,,,
"K55.014","Nih'oo3oo,",3,,,,
"K55.014",neniiheneihin.,4,,,,
"K55.015","'inehous,",1,,,,
"K55.015","cihceenoku,",2,,,,
"K55.015",cihteese'eisii.”,3,,,,
"K55.016",Nih'oo3oo,1,,,,
"K55.016","ces[is]i3ooxeetehk,",2,,,,
"K55.016",wotNih'oo3oo,3,,,,
"K55.016",heeneeteexohee3i;,4,,,,
"K55.017",“yohoukoxcei'i!”,1,,,,
"K55.018","“Neih'ini,",1,,,,
"K55.018",neihwoowo3oo.”,2,,,,
"K55.019",“hiiyohouwoowosei!,1,,,,
"K55.020",yohouneeni'eteebet,1,,,,
"K55.020","nih'oo3oo,”",2,,,,
"K55.020",nii3eihok.,3,,,,
"K55.021","He'ne'i3ooxeetehk,",1,,,,
"K55.021",heihii,2,,,,
"K55.021",he'ihnowone'eici3e',3,,,,
"K55.021",nih'oo3oo.,4,,,,
"K55.022",Toh3ii'oobe',1,,,,
"K55.022","nih'oo3oo,",2,,,,
"K55.022",tih'ee3neenokohut;,3,,,,
"K55.023",'inehous,1,,,,
"K55.023","hisee,",2,,,,
"K55.023",nehcihwonko'unin,3,,,,
"K55.023","woniseineehiisii,”",4,,,,
"K55.023",hee3etehkoni'.,5,,,,
"K55.024",Nih'oo3oo,1,,,,
"K55.024",nosou3ii'oobe'ehk.,2,,,,
"K55.025","“Hei3ebihin,",1,,,,
"K55.025",heetih'iteibit.,2,,,,
"K55.026",Noh,1,,,,
"K55.026",wo'ei3,2,,,,
"K55.026","heetihciiteibit,”",3,,,,
"K55.026",niihohkoni'.,4,,,,
"K55.027",ne'eibtonoohkoni',1,,,,
"K55.027",woniseineehiisii,2,,,,
"K55.027",hinii3e'eeno.,3,,,,
"K55.028","Toh'uusbeheibihooni3i,",1,,,,
"K55.028",he'ihnoo3e',2,,,,
"K55.028",beh'eihiinen.,3,,,,
"K55.029","kou3iihi',",1,,,,
"K55.029","“uuu,”",2,,,,
"K55.029",Nih'oo3oo,3,,,,
"K55.029",he'ih'owoto'oo.,4,,,,
"K55.030",Ceecesice'ein.,1,,,,
"K55.031","“'oo'ho,”",1,,,,
"K55.031",niihok.,2,,,,
"K55.032",“Heeyouti'?,1,,,,
"K55.033",hiiwo',1,,,,
"K55.033",yohoutoxu'oo.,2,,,,
"K55.034","'oo'ho,”",1,,,,
"K55.034","niihok,",2,,,,
"K55.034",ceesice'eini3i.,3,,,,
"K55.035","he'iisou'u,",1,,,,
"K55.035",he'ih'iinih'ou'ei'oo,2,,,,
"K55.035",woniseineehiisii.,3,,,,
"K55.036",kohei'ihok,1,,,,
"K55.036",nih'oo3oo.,2,,,,
"K55.037",“Nohohookeeniit!”,1,,,,
"K55.038",“Hiiwo',1,,,,
"K55.038","cih'iistoonooni,”",2,,,,
"K55.038",niihok.,3,,,,
"K55.039","Tohkohei'i[t],",1,,,,
"K55.039",kookuyon,2,,,,
"K55.039",hoowuniihiihi',3,,,,
"K55.039",he'ihce3ei'oo.,4,,,,
"K55.040",Hiteto'ohk,1,,,,
"K55.040",niiinon.,2,,,,
"K55.041",“'oohe',1,,,,
"K55.041","nih'oo3oo,",2,,,,
"K55.041",he'iisiihoo3i?”,3,,,,
"K55.042",“Ceebiinbebee'ein.”,1,,,,
"K55.043","Hee,",1,,,,
"K55.043",beebee'einoo.,2,,,,
"K55.044",hoowuhteibeenoo!”,1,,,,
"K55.045","“Nihcoonoo,”",1,,,,
"K55.045",heehehk,2,,,,
"K55.045","nih'oo3oo,",3,,,,
"K55.045",“hot3iiyohunee.”,4,,,,
"K55.046",“Nohtou,1,,,,
"K55.046","wo'uukoo'eeniihi',",2,,,,
"K55.046",nih'oo3oo?”,3,,,,
"K55.047",“Neniitobeenoo,1,,,,
"K55.047",netesih'e,2,,,,
"K55.047",hiiyoote'ehk.,3,,,,
"K55.048",ne'beet3iiyouhunoo.”,1,,,,
"K55.049",Nihbiibixoninoo'oohok,1,,,,
"K55.049",nih'oo3oo.,2,,,,
"K55.050",Nihnii'iibeehek,1,,,,
"K55.050",heenei'i3ecoo3i.,2,,,,
"K55.051",“'inehous,1,,,,
"K55.051","nih'oo3oo,”",2,,,,
"K55.051",hee3eihohkoni'.,3,,,,
"K55.052",Nihcoontootou'uci3etehk.,1,,,,
"K55.053",“Nohuusoho'!,1,,,,
"K55.054",wohei,1,,,,
"K55.054",konoo'P,2,,,,
"K55.054","nehinee,”",3,,,,
"K55.054","nii3eihok,",4,,,,
"K55.054",nii3eetehk,5,,,,
"K55.054",nih'oo3oo.,6,,,,
"K55.055","Tih'iis3iiyouhut,",1,,,,
"K55.055",ce3ei'oohok.,2,,,,
"K55.056","Tohce'eeckoohut,",1,,,,
"K55.056",tohneeheyeiseet,2,,,,
"K55.056","hiyeih'ine',",3,,,,
"K55.056",nii3ei'P…,4,,,,
"K55.057",he'ihcoocoonitoo.,1,,,,
"K55.058",“toh'uni,1,,,,
"K55.058","bixoo3o',",2,,,,
"K55.058",toh'uni,3,,,,
"K55.058",bixoo3ou'u,4,,,,
"K55.058","neniisoono',”",5,,,,
"K55.058",neenei3oteibehk,6,,,,
"K55.058",nih'oo3oo.,7,,,,
"K55.059",“kooxhohookee!,1,,,,
"K55.060","he'ii3niistoo3i,”",1,,,,
"K55.060",nii3eihok,2,,,,
"K55.060",hiniin.,3,,,,
"K55.061","“Netesih'owuh,",1,,,,
"K55.061",tohni'bixoo3o'!,2,,,,
"K55.062",Neniisoono',1,,,,
"K55.062",tohni'bixoo3ou'u!,2,,,,
"K55.063","Noononox,”",1,,,,
"K55.063","neeneihok,",2,,,,
"K55.063",heecisiseet.,3,,,,
"K55.064",“Nohoni-kowoo'oot(o),1,,,,
"K55.064",nih'oo3oo,2,,,,
"K55.064",heesi3iiyoohut?,3,,,,
"K55.064",***,4,,,,
"K55.065",Kooxhe'iistoo3i.”,1,,,,
"K55.066",Nih'oo3oo,1,,,,
"K55.066",no'useehok,2,,,,
"K55.066","hiyeih'e',",3,,,,
"K55.066",hiniin,4,,,,
"K55.066",he'ihnoohobee,5,,,,
"K55.066",noh,6,,,,
"K55.066",hiniisoono.,7,,,,
"K55.067",“Netesih'owuh,1,,,,
"K55.067",yo'ohneeyeihce'noohowoo!,2,,,,
"K55.068",Nihniitobeenoo,1,,,,
"K55.068",tih'iiyohootenehk.,2,,,,
"K55.069","Ne'nih'ii'3iiyoohunoo,”",1,,,,
"K55.069",hee3oohok,2,,,,
"K55.069",hiniin.,3,,,,
"K55.070",Nih'oo3oo,1,,,,
"K55.070",he'ne'iitenoohok.,2,,,,
"K55.071",Nihniiniitenoohok.,1,,,,
"K55.072",“Yo'ohneeyeihce'noohowoo,1,,,,
"K55.072",netesih'e!,2,,,,
"K55.073",Wo'uunoononox.”,1,,,,
"K55.074",“He'ihceyotowoo3itouh,1,,,,
"K55.074","nees,”",2,,,,
"K55.074",hiniin,3,,,,
"K55.074",hee3eihok,4,,,,
"K55.074",nih'oo3oo.,5,,,,
