ref,word,num,dep,label,dep2,label2
"Mag.001",Heniixoyou'u,1,,,,
"Mag.001",nii3konoo3einou'u,2,,,,
"Mag.001",bei'ci3ei'i.,3,,,,
"Mag.002",Neniteeno',1,,,,
"Mag.002",niitonounou'u,2,,,,
"Mag.002",nii3konoo3einou'u,3,,,,
"Mag.002",bei'ci3ei'i,4,,,,
"Mag.002",heeyowuusi',5,,,,
"Mag.002","hiniisi3ooninoo,",6,,,,
"Mag.002",hiyeih'inoo,7,,,,
"Mag.002",wo'ei3,8,,,,
"Mag.002",hiinikotiit.,9,,,,
"Mag.003",Niicebisee3i',1,,,,
"Mag.003",heenisoni3i',2,,,,
"Mag.003",hi'iihi',3,,,,
"Mag.003",beneesooni'i,4,,,,
"Mag.003",nii3konoo3einou'u,5,,,,
"Mag.003",bei'ci3ei'i,6,,,,
"Mag.003",niitonouni'i,7,,,,
"Mag.003","ciinwoti'eyoone',",8,,,,
"Mag.004",heetihwo'beneihi3i',1,,,,
"Mag.004",ciinotiiwo',2,,,,
"Mag.004",noh,3,,,,
"Mag.004",hoo3oo'o',4,,,,
"Mag.004",heeyouhuuho,5,,,,
"Mag.004",heentou'u'u.,6,,,,
"Mag.005",Touku3eihiiho',1,,,,
"Mag.005",niitonounou'u,2,,,,
"Mag.005",beesnii3konoo3einou'u,3,,,,
"Mag.005",bei'ci3ei'i,4,,,,
"Mag.005",teesiihi',5,,,,
"Mag.005",heetbee3isi'i,6,,,,
"Mag.005","seenookuu,",7,,,,
"Mag.006",heetihnotiitii3i',1,,,,
"Mag.006",hi3oobe',2,,,,
"Mag.006",ni'ecii,3,,,,
"Mag.006",kokiyono,4,,,,
"Mag.006",noh,5,,,,
"Mag.006",hoo3oo'o',6,,,,
"Mag.006",heeyouhuuho,7,,,,
"Mag.006",nihi'woxtootiini'.,8,,,,
"Mag.007",Ceheekuutiiniini,1,,,,
"Mag.007",3owo3nooo,2,,,,
"Mag.007",kooneyoo,3,,,,
"Mag.007",nenii3ino',4,,,,
"Mag.007",nii3konoo3einoo',5,,,,
"Mag.007",bei'ci3e',6,,,,
"Mag.007",ni'iitouni',7,,,,
"Mag.007",hokohoe,8,,,,
"Mag.007",heecisko'usi'.,9,,,,
"Mag.008",Hini',1,,,,
"Mag.008",toyoowse3oo,2,,,,
"Mag.008",hitecenoow,3,,,,
"Mag.008",niine'eh'o'wootee',4,,,,
"Mag.008",hi'iihi',5,,,,
"Mag.008",nii3konoo3einou'u,6,,,,
"Mag.008",bei'ci3ei'i.,7,,,,
"Mag.009",Tecenooniini,1,,,,
"Mag.009","nohceineeyoo,",2,,,,
"Mag.009","woteikuu3oo,",3,,,,
"Mag.009",noh,4,,,,
"Mag.009",ce'iskuu3ooo,5,,,,
"Mag.009",hetneihoownih'ko'usineno,6,,,,
"Mag.009",ciiniyeihehkoni',7,,,,
"Mag.009",nii3konoo3einou'u,8,,,,
"Mag.009",bei'ci3ei'i.,9,,,,
"Mag.010",Heetihtousnotii3ein,1,,,,
"Mag.010",ciiniyeihehk,2,,,,
"Mag.010",he'neexo3oo.,3,,,,
"Mag.011",Nih'oo3oo,1,,,,
"Mag.011",nihtonouno',2,,,,
"Mag.011",hehniisooni',3,,,,
"Mag.011",tihbii'iitiit,4,,,,
"Mag.011",nuhu',5,,,,
"Mag.011",heetiine'etiino'.,6,,,,
"Mag.012",Nii3konoo3einou'u,1,,,,
"Mag.012",bei'ci3ei'i,2,,,,
"Mag.012",henee3neenoo',3,,,,
"Mag.012",tei'ehiit.,4,,,,
"Mag.013",Heeyou,1,,,,
"Mag.013",nenee',2,,,,
"Mag.013",nii3konoo3ei[noo'],3,,,,
"Mag.013",bei'ci3e'?,4,,,,
"Mag.014",nii3konoo3ei,1,,,,
"Mag.014",bei'ci3e',2,,,,
"Mag.014",nenee',3,,,,
"Mag.014",heeyouhuu,4,,,,
"Mag.014",niini'eeteno',5,,,,
"Mag.014",wo'ei3,6,,,,
"Mag.014",niini'wo'teno',7,,,,
"Mag.014",heeyouhuuho.,8,,,,
"Mag.015",nuhu',1,,,,
"Mag.015",ciiyoono,2,,,,
"Mag.015",heenoo,3,,,,
"Mag.015",heetnei'i,4,,,,
"Mag.015",bei'ci3ei'i.,5,,,,
"Mag.016",nii3konoo3ei,1,,,,
"Mag.016",bei'ci3e',2,,,,
"Mag.016",heenoo,3,,,,
"Mag.016",ci',4,,,,
"Mag.016",heetnei'i,5,,,,
"Mag.016",bei'ci3ei'i.,6,,,,
"Mag.017",beisiihi',1,,,,
"Mag.017",heeyouhuuho,2,,,,
"Mag.017",heni'niisihi'i,3,,,,
"Mag.017",hookecouhuhu'u,4,,,,
"Mag.017",wo'ei3,5,,,,
"Mag.017",hecesceheekuutono.,6,,,,
"Mag.018",heeyouhuuho,1,,,,
"Mag.018",ceniinii3konoo3ei,2,,,,
"Mag.018",bei'ci3einiini['],3,,,,
"Mag.018",hini',4,,,,
"Mag.018",hecesceheekuutono,5,,,,
"Mag.018",hoowbebii3ooteeno.,6,,,,
"Mag.019",ni'noohootowuno'ohk,1,,,,
"Mag.019",3eiiniihi',2,,,,
"Mag.019",kookiyon,3,,,,
"Mag.019",bei'ci3einiini,4,,,,
"Mag.019",hootoohoe,5,,,,
"Mag.019",hini',6,,,,
"Mag.019",hecesceheekuutono,7,,,,
"Mag.019",heneinih'einoo'ou'u.,8,,,,
"Mag.020",kokoh'outii,1,,,,
"Mag.020",nuhu',2,,,,
"Mag.020",woo3onise'.,3,,,,
"Mag.021",nuhu',1,,,,
"Mag.021",bei'ci3einiini,2,,,,
"Mag.021",hootoohoe,3,,,,
"Mag.021",heetni'niisihi',4,,,,
"Mag.021",nii3konoo3ei,5,,,,
"Mag.021",bei'ci3e'.,6,,,,
"Mag.022",tonouneihiinoohok,1,,,,
"Mag.022","tei'ehiit,",2,,,,
"Mag.022",beisiihi',3,,,,
"Mag.022",hecesceheekuutono,4,,,,
"Mag.022",heetni'niiteiyookuuhu'u,5,,,,
"Mag.022",neniiseti',6,,,,
"Mag.022",hee3e'einiini['].,7,,,,
"Mag.023",hini',1,,,,
"Mag.023",hootoohoe,2,,,,
"Mag.023",woow,3,,,,
"Mag.023",nii3konoo3ei,4,,,,
"Mag.023",bei'ci3einiini['].,5,,,,
"Mag.024",hini',1,,,,
"Mag.024","tei'ehiit,",2,,,,
"Mag.024",hini',3,,,,
"Mag.024",heeteyoo,4,,,,
"Mag.024",wo'ei3,5,,,,
"Mag.024",tei'ini'ihiit,6,,,,
"Mag.024",hii3iihi',7,,,,
"Mag.024",nii3konoo3ei,8,,,,
"Mag.024","bei'ci3e',",9,,,,
"Mag.024",nenee',10,,,,
"Mag.024",ceebe'eitei'oo'.,11,,,,
"Mag.024",heenei'isei'i.,12,,,,
"Mag.025",nuhu',1,,,,
"Mag.025","heenei'isei'i,",2,,,,
"Mag.025",3i'eyoono',3,,,,
"Mag.025",ni'ii3eihiinou'u.,4,,,,
"Mag.026",toonhei'xoonoo'ou'u,1,,,,
"Mag.026",niisiihi',2,,,,
"Mag.026",hei'ise',3,,,,
"Mag.026","wohoononook,",4,,,,
"Mag.026",nuhu',5,,,,
"Mag.026",nii3konoo3ei,6,,,,
"Mag.026",bei'ci3e',7,,,,
"Mag.026",neniiseti',8,,,,
"Mag.026",hei'ise',9,,,,
"Mag.026",heetyii3e'eise',10,,,,
"Mag.026",hinee,11,,,,
"Mag.026",biito'owuuniini,12,,,,
"Mag.026",nenebiihi',13,,,,
"Mag.026",3ie'yoone'.,14,,,,
"Mag.027",hini',1,,,,
"Mag.027",ceese',2,,,,
"Mag.027",hei'ise',3,,,,
"Mag.027",heetyii3e'eise',4,,,,
"Mag.027",hinee,5,,,,
"Mag.027",noobe'einiini,6,,,,
"Mag.027",3i'eyoone'.,7,,,,
"Mag.028",hecesceheekuutono,1,,,,
"Mag.028",ci'nenii3inou'u,2,,,,
"Mag.028",nenebiihi',3,,,,
"Mag.028",noh,4,,,,
"Mag.028",noobe'einiini,5,,,,
"Mag.028",3i'eyoono.,6,,,,
"Mag.029",3eiiniihi',1,,,,
"Mag.029",hini',2,,,,
"Mag.029",nii3konoo3einiini,3,,,,
"Mag.029",hootoohoe,4,,,,
"Mag.029",hini',5,,,,
"Mag.029",hecesceheekuutono,6,,,,
"Mag.029",ci'heneiniiteiyeekuu'[u].,7,,,,
"Mag.030",woow,1,,,,
"Mag.030",heetni'noohootow,2,,,,
"Mag.030",hini',3,,,,
"Mag.030",tei'ehiit,4,,,,
"Mag.030",hini',5,,,,
"Mag.030","niini'tei'ini'ihiinoo',",6,,,,
"Mag.030",ni'iini,7,,,,
"Mag.030",beisneehiisiini,8,,,,
"Mag.030",3i'eyoono',9,,,,
"Mag.030",yii3e'eekuuohkoni',10,,,,
"Mag.030",neniisetini',11,,,,
"Mag.030",hee3e'eitee'.,12,,,,
"Mag.031",nonoohowu',1,,,,
"Mag.031",nii3konoo3ei,2,,,,
"Mag.031",bei'ci3einiisiiteyeinoo'.,3,,,,
"Mag.032",hini',1,,,,
"Mag.032",noo3oyoo',2,,,,
"Mag.032",noo'oeniihi',3,,,,
"Mag.032",nii3konoo3ei,4,,,,
"Mag.032",bei'ci3e',5,,,,
"Mag.032",ni'ii3eihiinoo',6,,,,
"Mag.032",nii3konoo3ei,7,,,,
"Mag.032",bei'ci3einiisiiteyoo.,8,,,,
"Mag.033",nenee',1,,,,
"Mag.033",heetou',2,,,,
"Mag.033",hini',3,,,,
"Mag.033",tei'eihiit,4,,,,
"Mag.033",hee3oo',5,,,,
"Mag.033",nii3konoo3ei,6,,,,
"Mag.033",bei'ci3e',7,,,,
"Mag.033",niiniisi3einoo',8,,,,
"Mag.033",wo'ei3,9,,,,
"Mag.033",niini'biisihi'.,10,,,,
"Mag.034",bei'ci3eiiho',1,,,,
"Mag.034",niini'tonouni'i,2,,,,
"Mag.034",heetihnoohowu',3,,,,
"Mag.034",nuh'uuno,4,,,,
"Mag.034",heetcowoocei'isei'i,5,,,,
"Mag.034",tei'ehiit.,6,,,,
"Mag.035",konisetii,1,,,,
"Mag.035",bei'ci3eiiho',2,,,,
"Mag.035",teesiihi',3,,,,
"Mag.035",nii3konoo3einou'u,4,,,,
"Mag.035",bei'ci3ei'i,5,,,,
"Mag.035",hini',6,,,,
"Mag.035",ceneece'xooneeni'i.,7,,,,
"Mag.036",heebehciinii3in,1,,,,
"Mag.036","bei'ci3eiiho',",2,,,,
"Mag.036",cih'oxoo,3,,,,
"Mag.036",bei'ci3eiciinee.,4,,,,
"Mag.037",ciinenoo,1,,,,
"Mag.037",niixooknoohowu',2,,,,
"Mag.037",nii3oxesnouyoo,3,,,,
"Mag.037",teesiihi',4,,,,
"Mag.037",hini',5,,,,
"Mag.037",nii3konoo3ei,6,,,,
"Mag.037",bei'ci3e'.,7,,,,
"Mag.038",nuhu',1,,,,
"Mag.038",ni'iicebe'eini'iini,2,,,,
"Mag.038",ce'ciineni'i,3,,,,
"Mag.038",nuh'uuno,4,,,,
"Mag.038",bei'ci3eiiho',5,,,,
"Mag.038",niit3ei'isei'i.,6,,,,
"Mag.039",heetenoo,1,,,,
"Mag.039",wo'ei3,2,,,,
"Mag.039",tei'ini'ihi.,3,,,,
"Mag.040",hini',1,,,,
"Mag.040",nenebiihi',2,,,,
"Mag.040",3i'eyoo,3,,,,
"Mag.040",hee3oo',4,,,,
"Mag.040",nii3konoo3ei,5,,,,
"Mag.040",bei'ci3e',6,,,,
"Mag.040",nihcih'itooceiino',7,,,,
"Mag.040",hini',8,,,,
"Mag.040",noobe'einiini,9,,,,
"Mag.040",3i'eyoo,10,,,,
"Mag.040",hee3oo',11,,,,
"Mag.040",nii3konoo3ei,12,,,,
"Mag.040",bei'ci3e'.,13,,,,
"Mag.041",nenitee,1,,,,
"Mag.041",nii'biistiit,2,,,,
"Mag.041",nuhu',3,,,,
"Mag.041",tei'ehiit.,4,,,,
"Mag.042",yii3enoo,1,,,,
"Mag.042",hini',2,,,,
"Mag.042",nenebiihi',3,,,,
"Mag.042",3i'eyoo,4,,,,
"Mag.042",heetniiseti',5,,,,
"Mag.042",nii3konoo3ei,6,,,,
"Mag.042",bei'ci3e',7,,,,
"Mag.042",too3iihi',8,,,,
"Mag.042",noobe'ei3i'eyoo,9,,,,
"Mag.042",hini',10,,,,
"Mag.042",ceese',11,,,,
"Mag.042",nii3konoo3ei,12,,,,
"Mag.042",bei'ci3e'.,13,,,,
"Mag.043",Tousiini?,1,,,,
"Mag.044",nenitee,1,,,,
"Mag.044",ci'heetni'noohooto',2,,,,
"Mag.044",hini',3,,,,
"Mag.044",coowoocei'isei'i,4,,,,
"Mag.044",hee3oo',5,,,,
"Mag.044",tei'ehiit,6,,,,
"Mag.044",tooto'oneetehkoni',7,,,,
"Mag.044",koocootooo'eneti3i',8,,,,
"Mag.044",3ie'yoono'.,9,,,,
"Mag.045",ciinenoo,1,,,,
"Mag.045",neniisei'i,2,,,,
"Mag.045",nii3konoo3einou'u,3,,,,
"Mag.045",bei'ci3ei'i,4,,,,
"Mag.045",hini',5,,,,
"Mag.045",koocootooo'eneti3i',6,,,,
"Mag.045",3ie'yoono',7,,,,
"Mag.045",neyeisiihi',8,,,,
"Mag.045",ceesey,9,,,,
"Mag.045",tokoho'oe.,10,,,,
"Mag.046",konisetii,1,,,,
"Mag.046",bei'ci3eiiho',2,,,,
"Mag.046",teesiihi',3,,,,
"Mag.046",niiso'uuhu',4,,,,
"Mag.046",nii3konoo3einou'u,5,,,,
"Mag.046",bei'ci3ei'i.,6,,,,
"Mag.047",Tou3ooteeno,1,,,,
"Mag.047",hini',2,,,,
"Mag.047",bei'ci3eiiho'?,3,,,,
"Mag.048",nenitee,1,,,,
"Mag.048",heetni'neeneyei3itoot,2,,,,
"Mag.048",noh,3,,,,
"Mag.048",heetnoohooto',4,,,,
"Mag.048",hini',5,,,,
"Mag.048",tei'ini'ihiit,6,,,,
"Mag.048",hee3oo',7,,,,
"Mag.048",nii3konoo3ei,8,,,,
"Mag.048",bei'ci3einiisiiteyeinoo'.,9,,,,
"Mag.049",tonounoo,1,,,,
"Mag.049",niitecinoo'ou'u,2,,,,
"Mag.049",wo'ei3,3,,,,
"Mag.049",koo'einou'u,4,,,,
"Mag.049",nii3konoo3einou'u,5,,,,
"Mag.049",bei'ci3ei'i,6,,,,
"Mag.049",hi'iihi',7,,,,
"Mag.049",nuhu',8,,,,
"Mag.049",kokoh'ou3oo.,9,,,,
"Mag.050",too3ciinenoo,1,,,,
"Mag.050",neniisei'i,2,,,,
"Mag.050",nii3konoo3einou'u,3,,,,
"Mag.050",bei'ci3ei'i,4,,,,
"Mag.050",nohkuuhu',5,,,,
"Mag.050",koocootooo'eneti3i'***,6,,,,
"Mag.050",3ie'yoono',7,,,,
"Mag.050",neneeneito'oneti3i'.,8,,,,
"Mag.051",Tousiini?,1,,,,
"Mag.052",Wohei,1,,,,
"Mag.052",ciinenoo,2,,,,
"Mag.052",hini',3,,,,
"Mag.052",niitecinoo'ou'u,4,,,,
"Mag.052",nii3konoo3ei,5,,,,
"Mag.052",bei'ci3ei'i,6,,,,
"Mag.052",neneeneito'oneti3i',7,,,,
"Mag.052",hini',8,,,,
"Mag.052",neneehii3eihi3i',9,,,,
"Mag.052",3ie'yoono'.,10,,,,
"Mag.053",teeskonisetii,1,,,,
"Mag.053",bei'ci3eiiho',2,,,,
"Mag.053",niiso'uuhu'.,3,,,,
"Mag.054",tou3ooteeno,1,,,,
"Mag.054",woow?,2,,,,
"Mag.055",keini'noohoot,1,,,,
"Mag.055",hini',2,,,,
"Mag.055",coowoocei'isei'i,3,,,,
"Mag.055",tei'ehiit,4,,,,
"Mag.055",heneeteyeinou'u,5,,,,
"Mag.055",wo'ei3,6,,,,
"Mag.055",hooseinou'u?,7,,,,
"Mag.056",nii3konoo3ei,1,,,,
"Mag.056",bei'ci3ei'i,2,,,,
"Mag.056",beebeet,3,,,,
"Mag.056",hiihoowbi'eeteyeino',4,,,,
"Mag.056",noh,5,,,,
"Mag.056",tei'ini'ihino',6,,,,
"Mag.056",'oh,7,,,,
"Mag.056",niini'noh'oeyei3i',8,,,,
"Mag.056",ci'.,9,,,,
"Mag.057",nuhu',1,,,,
"Mag.057",noh'eyeitei'ini'ihiit,2,,,,
"Mag.057",heetni'noohowu',3,,,,
"Mag.057",niisiheihihek,4,,,,
"Mag.057",niitouyeinoo'.,5,,,,
"Mag.058",kohyeibihin,1,,,,
"Mag.058",wo3onoho'oeno',2,,,,
"Mag.058",wo'ei3,3,,,,
"Mag.058",ko'einbexo,4,,,,
"Mag.058",teesiihi',5,,,,
"Mag.058",se'ibes.,6,,,,
"Mag.059",3ookutii,1,,,,
"Mag.059",nuhu',2,,,,
"Mag.059",hee3ootee',3,,,,
"Mag.059",hini',4,,,,
"Mag.059",woo3onise'.,5,,,,
"Mag.060",nuhu',1,,,,
"Mag.060",bexoh'o,2,,,,
"Mag.060",heenoo,3,,,,
"Mag.060",heetciineni'i,4,,,,
"Mag.060",ni'iihi',5,,,,
"Mag.060",neyeisiihi',6,,,,
"Mag.060",heetihtounou'u,7,,,,
"Mag.060",hini',8,,,,
"Mag.060",nii3konoo3ei,9,,,,
"Mag.060",bei'ci3ei'i.,10,,,,
"Mag.061",teesciinenoo,1,,,,
"Mag.061",neniiseti',2,,,,
"Mag.061",nii3konoo3ei,3,,,,
"Mag.061",bei'ci3e',4,,,,
"Mag.061",hini',5,,,,
"Mag.061",ceese',6,,,,
"Mag.061",nii3konoo3ei,7,,,,
"Mag.061",bei'ci3e',8,,,,
"Mag.061",3o3ouniihi',9,,,,
"Mag.061",hini',10,,,,
"Mag.061",bexoh'o.,11,,,,
"Mag.062",hookohuusiihi',1,,,,
"Mag.062",heetneentoo3i',2,,,,
"Mag.062",hi'in,3,,,,
"Mag.062",nenebiihi',4,,,,
"Mag.062",3i'eyoono',5,,,,
"Mag.062",heetneehiisbee3sei'i.,6,,,,
"Mag.063",Tousiini,1,,,,
"Mag.063",hini',2,,,,
"Mag.063",hihciihi',3,,,,
"Mag.063",nii3konoo3ei,4,,,,
"Mag.063",bei'ci3e'?,5,,,,
"Mag.064",heentoo3i',1,,,,
"Mag.064",hoo3oo'o',2,,,,
"Mag.064",hoh'onookeeno',3,,,,
"Mag.064",3eiiniihi',4,,,,
"Mag.064","biito'owu',",5,,,,
"Mag.064",nenee3i',6,,,,
"Mag.064",nii3konoo3ei3i'.,7,,,,
"Mag.065",Heni'nii3o'oo3i',1,,,,
"Mag.065",hi'iihi',2,,,,
"Mag.065",hoh'onookeeniini,3,,,,
"Mag.065",bei'ci3e'.,4,,,,
"Mag.066",Teecxo',1,,,,
"Mag.066",neniteeno',2,,,,
"Mag.066",nih'ii3oo3i',3,,,,
"Mag.066",biinonkuu3eihoh'onookeeno.,4,,,,
"Mag.067",Heenoo,1,,,,
"Mag.067",nii3konoo3einoo',2,,,,
"Mag.067",ni'ii3eihit,3,,,,
"Mag.067",hoh'onookee,4,,,,
"Mag.067",nii3konoo3ei'it.,5,,,,
"Mag.068",He'neexo3einiini,1,,,,
"Mag.068",hoh'onookee,2,,,,
"Mag.068",nee'eesih'it.,3,,,,
"Mag.069",too3ixoheihi3i,1,,,,
"Mag.069",too3iihi',2,,,,
"Mag.069",bei'ci3einiini,3,,,,
"Mag.069",heeyouhuuho,4,,,,
"Mag.069",heetnii3kuu3oot.,5,,,,
"Mag.070",hoh'onookeeno',1,,,,
"Mag.070",nii3konoo3ei3i',2,,,,
"Mag.070",nenii3inoo3i',3,,,,
"Mag.070",nenebiihi',4,,,,
"Mag.070",noh,5,,,,
"Mag.070",noobe'einiini,6,,,,
"Mag.070",3i'eyoono,7,,,,
"Mag.070",wootii,8,,,,
"Mag.070",heesiini,9,,,,
"Mag.070",neneesiihi',10,,,,
"Mag.070",nii3konoo3ei,11,,,,
"Mag.070",bei'ci3ei'i.,12,,,,
"Mag.071",hoo3oo'o',1,,,,
"Mag.071",howoo,2,,,,
"Mag.071",nenii3inoo3i',3,,,,
"Mag.071",kooh'eihini3i,4,,,,
"Mag.071",niisooneenini',5,,,,
"Mag.071",3i'eyoono.,6,,,,
"Mag.072",Neeciihi',1,,,,
"Mag.072",Nii3konoo3einou'u,2,,,,
"Mag.072",bei'ci3ei'i.,3,,,,
"Mag.073",Hecesbei'ci3e',1,,,,
"Mag.073",heetni'niisihi',2,,,,
"Mag.073",heetihneeciini,3,,,,
"Mag.073",nee'eesoo',4,,,,
"Mag.073",wootii,5,,,,
"Mag.073",nii3konoo3einoo',6,,,,
"Mag.073",bei'ci3e'.,7,,,,
"Mag.074",Ne'nii'eenetiit,1,,,,
"Mag.074",hitii3konoo3oo.,2,,,,
"Mag.075",neeciihi',1,,,,
"Mag.075",nii3konoo3ei,2,,,,
"Mag.075",bei'ci3e',3,,,,
"Mag.075",ni'ii3eihiinoo'.,4,,,,
"Mag.076",Bei'ci3einiini,1,,,,
"Mag.076","hootoohoe,",2,,,,
"Mag.076",nii3ooteeyooniini,3,,,,
"Mag.076",bei,4,,,,
"Mag.076",wo'ei3,5,,,,
"Mag.076",hoxyeiniini,6,,,,
"Mag.076",bei,7,,,,
"Mag.076",heetni'tonouni'i,8,,,,
"Mag.076",heetihniisihi',9,,,,
"Mag.076",neeciihi',10,,,,
"Mag.076",nii3konoo3ei,11,,,,
"Mag.076",bei'ci3e'.,12,,,,
"Mag.077",Hitenoo,1,,,,
"Mag.077",teco'oniihi',2,,,,
"Mag.077",wo'ei3,3,,,,
"Mag.077",neneesiihi',4,,,,
"Mag.077",nii3konoo3ei,5,,,,
"Mag.077",bei'ci3e',6,,,,
"Mag.077",noh,7,,,,
"Mag.077",kooxneestii***,8,,,,
"Mag.077",hini',9,,,,
"Mag.077",hootoohoe,10,,,,
"Mag.077",wo'ei3,11,,,,
"Mag.077",bei,12,,,,
"Mag.077",neniiseti',13,,,,
"Mag.077",hee3e'eitee'.,14,,,,
"Mag.078",nee'eetoxtoo,1,,,,
"Mag.078",yoo3oyoo',2,,,,
"Mag.078",beteetosoo'.,3,,,,
"Mag.079",hini',1,,,,
"Mag.079",tenei'ini'ihiinoo',2,,,,
"Mag.079",teco'oniihi',3,,,,
"Mag.079",nii3konoo3einoo',4,,,,
"Mag.079",bei'ci3e',5,,,,
"Mag.079",heetkoxo'uuni,6,,,,
"Mag.079",niiteiyeekuutiit,7,,,,
"Mag.079",hini',8,,,,
"Mag.079",hecesceheekuutono,9,,,,
"Mag.079",3eiiniihi',10,,,,
"Mag.079",hini',11,,,,
"Mag.079",hootoohoe,12,,,,
"Mag.079",wo'ei3,13,,,,
"Mag.079",bei.,14,,,,
"Mag.080",nii3konoo3eininoo'oo'.,1,,,,
"Mag.081",Neyei3itii,1,,,,
"Mag.081",nuhu',2,,,,
"Mag.081",neeciihi',3,,,,
"Mag.081",nii3konoo3einoo',4,,,,
"Mag.081",heetihwo'teno',5,,,,
"Mag.081",neniisetini',6,,,,
"Mag.081",wo3onohoentouyooo.,7,,,,
"Mag.082",Hitenoo,1,,,,
"Mag.082",neniisio'woo',2,,,,
"Mag.082",wo3onohoentouyoo,3,,,,
"Mag.082",noh,4,,,,
"Mag.082",teenisetii,5,,,,
"Mag.082",hini',6,,,,
"Mag.082",neniitobe'einoo'.,7,,,,
"Mag.083",Nestooniini,1,,,,
"Mag.083",heetihciiteenise',2,,,,
"Mag.083",hini',3,,,,
"Mag.083",nii3konoo3ei,4,,,,
"Mag.083",bei'ci3e'.,5,,,,
"Mag.084",Koohini',1,,,,
"Mag.084",niitowo3onohoentouyoo,2,,,,
"Mag.084",hi3konoo3einoo',3,,,,
"Mag.084",ci'?,4,,,,
"Mag.085",Tohuucisnei'en,1,,,,
"Mag.085",nuhu',2,,,,
"Mag.085",hootoohoe,3,,,,
"Mag.085",hini',4,,,,
"Mag.085",touyoono?,5,,,,
"Mag.086",Nee'ee3eenee'eesih'iinoo',1,,,,
"Mag.086",neeciihi',2,,,,
"Mag.086",nii3konoo3einoo'.,3,,,,
