ref,word,num,dep,label,dep2,label2
"NFox.001",nehe',1,,,,
"NFox.001",nih'oo3oo,2,,,,
"NFox.001",he'ihnouxonee,3,,,,
"NFox.001",nuhu',4,,,,
"NFox.001",nouu.,5,,,,
"NFox.002",“nouu”,1,,,,
"NFox.002",ni'ii3oo3i',2,,,,
"NFox.002",nuhu',3,,,,
"NFox.002",nono'eino';,4,,,,
"NFox.003","“fox,",1,,,,
"NFox.003",nouu”,2,,,,
"NFox.003",ni'ii3oo3i'.,3,,,,
"NFox.004",wohei,1,,,,
"NFox.004",hoo3oo'o',2,,,,
"NFox.004",“nouu,3,,,,
"NFox.004",be'eih”,4,,,,
"NFox.004",ni'ii3oo3i',5,,,,
"NFox.004","nii'niisih'eenoo3i,",6,,,,
"NFox.004",wo'ei3,7,,,,
"NFox.004",be'nouu.,8,,,,
"NFox.005",he'ihnouxonee.,1,,,,
"NFox.006","“ceebe'eino'oteihinoo,”",1,,,,
"NFox.006",he'ih'ii3ee,2,,,,
"NFox.006",nuhu',3,,,,
"NFox.006",nouu.,4,,,,
"NFox.007",“heetniixoohoo3ihe3en,1,,,,
"NFox.007",nono'oteihiit.”,2,,,,
"NFox.008","“hee,",1,,,,
"NFox.008",wohei,2,,,,
"NFox.008",cih'iixoohoo3ihi!”,3,,,,
"NFox.009",“wohei,1,,,,
"NFox.009",hiit,2,,,,
"NFox.009",hetneectoyoohow.,3,,,,
"NFox.010",heetneh'oowuniihkoohunoo.,1,,,,
"NFox.011",hi3hetcihwono'usee,1,,,,
"NFox.011",he'iicxooyeiniihi'.”,2,,,,
"NFox.012",ne'ne'eh'oowuniihiseet,1,,,,
"NFox.012",nehe',2,,,,
"NFox.012",nouu.,3,,,,
"NFox.013",ne'noohowoot,1,,,,
"NFox.013","nisice,",2,,,,
"NFox.013",he'ih'einok.,3,,,,
"NFox.014","hee,",1,,,,
"NFox.014",noonoo'oexootonee.,2,,,,
"NFox.015",he'ihbeebenoobee.,1,,,,
"NFox.016","''hee,",1,,,,
"NFox.016",hoowuuni.,2,,,,
"NFox.016",neneenin,3,,,,
"NFox.016",nih'oo3oo.'',4,,,,
"NFox.017",he'ihneneenin.,1,,,,
"NFox.018",ne'ce'kohei'it,1,,,,
"NFox.018",nehe',2,,,,
"NFox.018",nih'oo3oo.,3,,,,
"NFox.019",wohei,1,,,,
"NFox.019",ceesey,2,,,,
"NFox.019",heetniini.,3,,,,
"NFox.020",kooxci'he'ihcih'oowuniihisee,1,,,,
"NFox.020",nehe',2,,,,
"NFox.020",nouu.,3,,,,
"NFox.021",ne'nihnoohobee,1,,,,
"NFox.021",bih'ih[ii],2,,,,
"NFox.021",he'ihse'sinen.,3,,,,
"NFox.022","“hee,”",1,,,,
"NFox.022",noonoo'oexootonee.,2,,,,
"NFox.023","''hee,",1,,,,
"NFox.023",hoowuuni.,2,,,,
"NFox.023",neneenin,3,,,,
"NFox.023",nih'oo3oo.'',4,,,,
"NFox.024",wohei,1,,,,
"NFox.024",kooxne'ce'kohei'it,2,,,,
"NFox.024",nehe',3,,,,
"NFox.024",nih'oo3oo.,4,,,,
"NFox.025",wohei,1,,,,
"NFox.025",kooxne'ce'kohei'it,2,,,,
"NFox.025",nehe',3,,,,
"NFox.025",nih'oo3oo.,4,,,,
"NFox.026",cih'oowuniihkoo.,1,,,,
"NFox.027",hinit,1,,,,
"NFox.027",he'ihce'iisibihce.,2,,,,
"NFox.028",hiiwoonhehe',1,,,,
"NFox.028","hiwoxuu,",2,,,,
"NFox.028",he'ihneen[in],3,,,,
"NFox.028",se'sinen;,4,,,,
"NFox.029",hee3neekoxcei'in.,1,,,,
"NFox.030",kooxne'ehcihno'useet,1,,,,
"NFox.030",nehe',2,,,,
"NFox.030",nouu.,3,,,,
"NFox.031","'oeii,”",1,,,,
"NFox.031",noxoxoohowut;,2,,,,
"NFox.032",nih'ee3neekoxcei'ini3,1,,,,
"NFox.032",hini'.,2,,,,
"NFox.033","“hee,”",1,,,,
"NFox.033",he'ihnoo'oebeebenoobee.,2,,,,
"NFox.034","“hee,",1,,,,
"NFox.034",hoowuuni.,2,,,,
"NFox.034",neneenin,3,,,,
"NFox.034",nih'oo3oo.,4,,,,
"NFox.035",hoowuuni.”,1,,,,
"NFox.036",ne'ce'kohei'it,1,,,,
"NFox.036",nehe',2,,,,
"NFox.036",nih'oo3oo.,3,,,,
"NFox.037","“hoowuuni,",1,,,,
"NFox.037",hoowuuni.”,2,,,,
"NFox.038",wohei,1,,,,
"NFox.038",ceesey,2,,,,
"NFox.038",yeneini'owoo'.,3,,,,
"NFox.039",woow,1,,,,
"NFox.039",ne'eh'oowuniihiseet,2,,,,
"NFox.039",nehe',3,,,,
"NFox.039",nouu.,4,,,,
"NFox.040",hiiwoonhehe',1,,,,
"NFox.040",heneeceen,2,,,,
"NFox.040",he'ihse'sinen,3,,,,
"NFox.040",he3ebiihi'.,4,,,,
"NFox.041",hiikoot,1,,,,
"NFox.041",he'ihkoxcei'i.,2,,,,
"NFox.042",he'ihwoo3ee,1,,,,
"NFox.042",hoseino'.,2,,,,
"NFox.043",he'ihno'useen.,1,,,,
"NFox.044",he'ihnoonoo'oexootonee,1,,,,
"NFox.044",nehe',2,,,,
"NFox.044",nouu.,3,,,,
"NFox.045","“hee,",1,,,,
"NFox.045",hoowuuni.,2,,,,
"NFox.045",neneenin,3,,,,
"NFox.045",nih'oo3oo.”,4,,,,
"NFox.046",“wohei,1,,,,
"NFox.046",biiti';,2,,,,
"NFox.047",heetniixoohoo3ihe3en,1,,,,
"NFox.047",nono'oteihiit.,2,,,,
"NFox.048",hiit,1,,,,
"NFox.048",hetcihtoyoohow.,2,,,,
"NFox.049",hi3hetcihwonP.,1,,,,
"NFox.050",heeneh'oowuniihkoohunoo.”,1,,,,
"NFox.051",he'iicxooyeiniihi',1,,,,
"NFox.051",ne'ehce3ei'oot,2,,,,
"NFox.051",nehe',3,,,,
"NFox.051",nih'oo3oo.,4,,,,
"NFox.052",hinit,1,,,,
"NFox.052",ceibiihi',2,,,,
"NFox.052",boone',3,,,,
"NFox.052","hoh'onookei'i,",4,,,,
"NFox.052",niitonee,5,,,,
"NFox.052",hisei[n].,6,,,,
"NFox.053",he'ih'iibiiwoo.,1,,,,
"NFox.054",beexoo3iihi',1,,,,
"NFox.054","he'ihnoohobee,",2,,,,
"NFox.054",ne'ehyihoot.,3,,,,
"NFox.055",“wohei,1,,,,
"NFox.055","heeyou,",2,,,,
"NFox.055","heeyou,",3,,,,
"NFox.055",heeyou,4,,,,
"NFox.055",tohuubiiwoohun?”,5,,,,
"NFox.056",“neisonoo,1,,,,
"NFox.056",noh,2,,,,
"NFox.056",neinoo,3,,,,
"NFox.056",nihnouuso'oni3i'.,4,,,,
"NFox.057",neihoowuu[he]yeihi'.,1,,,,
"NFox.058",neihoowoe'in,1,,,,
"NFox.058",toonheetniistoonoo.,2,,,,
"NFox.059",neihoowoe'in,1,,,,
"NFox.059",toonheetniisiseenoo.”,2,,,,
"NFox.060","“hee,",1,,,,
"NFox.060","heentoonoo,”",2,,,,
"NFox.060",heehehk,3,,,,
"NFox.060",nehe',4,,,,
"NFox.060",nih'oo3oo.,5,,,,
"NFox.061",“heetni'ononihe3en.,1,,,,
"NFox.062",heetni'niisneniino'.,1,,,,
"NFox.063",niini'iinoo'einoo,1,,,,
"NFox.063",heenei'isiihi'.,2,,,,
"NFox.064",heetniini...,1,,,,
"NFox.065",heetneihoownoonoo'ouh.,1,,,,
"NFox.066",heetneihoownoonoo'ouh.,1,,,,
"NFox.067",heetbehniiniistone3en.,1,,,,
"NFox.068",heetniini...,1,,,,
"NFox.069",heetniiniiso'niisneniino'.,1,,,,
"NFox.070","heetnookoo3e3en,”",1,,,,
"NFox.070",heehehk,2,,,,
"NFox.070",nehe',3,,,,
"NFox.070",nih'oo3oo.,4,,,,
"NFox.071","“'ine,”",1,,,,
"NFox.071",heehehk,2,,,,
"NFox.071",nehe',3,,,,
"NFox.071","hisei,",4,,,,
"NFox.071",“heetni'iini,5,,,,
"NFox.071",tous.”,6,,,,
"NFox.072",“wohei,1,,,,
"NFox.072",heetnooxoniseeno';,2,,,,
"NFox.073",'oh,1,,,,
"NFox.073",niito'iini...,2,,,,
"NFox.074",niito',1,,,,
"NFox.074",heetniitenetino'.,2,,,,
"NFox.075",heetniiP,1,,,,
"NFox.075",heetne'ehce3ei'oono'.”,2,,,,
"NFox.076",ne'iitenoot,1,,,,
"NFox.076",nuhu',2,,,,
"NFox.076",hiseihiho'.,3,,,,
"NFox.077",ne'ce'esinoo'oot,1,,,,
"NFox.077",nouu.,2,,,,
"NFox.078",he'ihneenin.,1,,,,
"NFox.079",“heniisehtonihe3en!,1,,,,
"NFox.080",heniisehtonihe3en!,1,,,,
"NFox.081",ceebe'eino'oteihinoo.”,1,,,,
"NFox.082",sehce3koo,1,,,,
"NFox.082",nuhu',2,,,,
"NFox.082",nouu.,3,,,,
"NFox.083",nee'ei'ise',1,,,,
"NFox.083",nuhu',2,,,,
"NFox.083",hoo3itoo.,3,,,,
