ref,word,num,dep,label,dep2,label2
"NFr.001",nih'oo3oo,1,,,,
"NFr.001",noh,2,,,,
"NFr.001",hiniiteh'eiho.,3,,,,
"NFr.002",nih'oo3oo,1,,,,
"NFr.002",tih'iiciinoo'oniseehek;,2,,,,
"NFr.003",nih'oo3oo,1,,,,
"NFr.003",he'ih-'oowuniihisee,2,,,,
"NFr.003",niiciihehe'.,3,,,,
"NFr.004",he'ih'itet,1,,,,
"NFr.004",niiinon,2,,,,
"NFr.004",he'ih'ootee.,3,,,,
"NFr.005",he'ihtoo'usee,1,,,,
"NFr.005",hee3e'eiteeni'.,2,,,,
"NFr.006",noo'useenoo,1,,,,
"NFr.006",koohentootiin,2,,,,
"NFr.006",heehehk.,3,,,,
"NFr.007",hee,1,,,,
"NFr.007",heehehk,2,,,,
"NFr.007",nehe',3,,,,
"NFr.007",hinen.,4,,,,
"NFr.008",ciitei,1,,,,
"NFr.008",hee3eihok.,2,,,,
"NFr.009",cenihceniiseenoo,1,,,,
"NFr.009",tohcihnotiihe3en.,2,,,,
"NFr.010",niiniitowoo3e3en,1,,,,
"NFr.010",hee3oohok,2,,,,
"NFr.010",nuhu',3,,,,
"NFr.010",hinenin.,4,,,,
"NFr.011",niibeetoh'iniiteh'eihibe3en,1,,,,
"NFr.011",hee3oohok.,2,,,,
"NFr.012",hee,1,,,,
"NFr.012",hootniiniiteh'eihibe3en.,2,,,,
"NFr.013",wohei,1,,,,
"NFr.013",he'ih'iniiteh'eihibetino'.,2,,,,
"NFr.014",he'ih'oonoo3itoonetino'.,1,,,,
"NFr.015",''koohootciibii3ihi,1,,,,
"NFr.015",be?'',2,,,,
"NFr.015",hee3oohok,3,,,,
"NFr.015",nih'oo3oun.,4,,,,
"NFr.016",''hee,1,,,,
"NFr.016","ceeniiseenoo,",2,,,,
"NFr.016","heesneenoo,''",3,,,,
"NFr.016",heehehk,4,,,,
"NFr.016",nih'oo3oo.,5,,,,
"NFr.017",nehe',1,,,,
"NFr.017",hinen,2,,,,
"NFr.017",he'ih'ei'towuunee,3,,,,
"NFr.017",hiniin;,4,,,,
"NFr.018","hiise'enou'u,",1,,,,
"NFr.018",hootbii3woonot,2,,,,
"NFr.018",neiteh'ei.,3,,,,
"NFr.019",wohei,1,,,,
"NFr.019",nehe',2,,,,
"NFr.019",hinen,3,,,,
"NFr.019","he'ihkohei'i,",4,,,,
"NFr.019",he'ihnouute'ein.,5,,,,
"NFr.020",he'ih'eeneti,1,,,,
"NFr.020",nehe',2,,,,
"NFr.020",hinen,3,,,,
"NFr.020",hiiciiciinii'.,4,,,,
"NFr.021",yein,1,,,,
"NFr.021",he'ihnee'eesinihiit.,2,,,,
"NFr.022",he'ihcihwoteiseeno',1,,,,
"NFr.022","hineniteeno',",2,,,,
"NFr.022",he'ihwoteiciineyeino'.,3,,,,
"NFr.023",nehe',1,,,,
"NFr.023",hinen,2,,,,
"NFr.023",he'ihnoe.,3,,,,
"NFr.024",he'ih'iten,1,,,,
"NFr.024",hoseino';,2,,,,
"NFr.025",he'ihciiten,1,,,,
"NFr.025",hoseino'.,2,,,,
"NFr.026",nehe',1,,,,
"NFr.026",hisei,2,,,,
"NFr.026",he'ihbii3woot,3,,,,
"NFr.026",hoseino'.,4,,,,
"NFr.027",tohuusbii3beet,1,,,,
"NFr.027",nehe',2,,,,
"NFr.027",hisei,3,,,,
"NFr.027",he'ihbii3ihino'.,4,,,,
"NFr.028",nih'oo3oo,1,,,,
"NFr.028",he'ih'ihkotee.,2,,,,
"NFr.029",''woow,1,,,,
"NFr.029","hootce'iseenoo,''",2,,,,
"NFr.029",heehehk,3,,,,
"NFr.029",nih'oo3oo.,4,,,,
"NFr.030",''nii'ouubeihinoo,1,,,,
"NFr.030","tohuusbii3ihinoo,''",2,,,,
"NFr.030",heehehk,3,,,,
"NFr.030",nih'oo3oo.,4,,,,
"NFr.031",''hetcihceitoon,1,,,,
"NFr.031",niisiiis,2,,,,
"NFr.031","hi'iihi',''",3,,,,
"NFr.031",heehehk,4,,,,
"NFr.031",nih'oo3oo.,5,,,,
"NFr.032",hootbii'iitiin,1,,,,
"NFr.032",neyeihi',2,,,,
"NFr.032",too3iihi',3,,,,
"NFr.032",niiciihehe'.,4,,,,
"NFr.033","''hee,",1,,,,
"NFr.033","hootne3ebiseenoo,''",2,,,,
"NFr.033",hee3eihok,3,,,,
"NFr.033",hiniiteh'eiho.,4,,,,
"NFr.034",nih'oo3oo,1,,,,
"NFr.034",he'ihce'eeckoo.,2,,,,
"NFr.035",he'ihce'no'eeckoo,1,,,,
"NFr.035",nih'oo3oo.,2,,,,
"NFr.036",nih'oo3oo,1,,,,
"NFr.036",he'ih'eeneinoo'ei.,2,,,,
"NFr.037",hoseino',1,,,,
"NFr.037",he'ihno'uxotii.,2,,,,
"NFr.038",he'ih'ei'towuunee,1,,,,
"NFr.038","hiniin,",2,,,,
"NFr.039",''neiteh'ei,1,,,,
"NFr.039","hootno'useet,''",2,,,,
"NFr.039",hee3oohok,3,,,,
"NFr.039",hiniin.,4,,,,
"NFr.040",he'ihniisinino,1,,,,
"NFr.040",hitoonoho.,2,,,,
"NFr.041",he'ih'eeneiseineebee,1,,,,
"NFr.041",hotneeneistooni3i.,2,,,,
"NFr.042",''hii3e',1,,,,
"NFr.042","hootkotousinenee,''",2,,,,
"NFr.042",hee3oohok.,3,,,,
"NFr.043",hootcihceh'e3ihinee:,1,,,,
"NFr.043",yein,2,,,,
"NFr.043",hootnihiinoo,3,,,,
"NFr.043",hiiciiciinii'.,4,,,,
"NFr.044",yein,1,,,,
"NFr.044","bee3inihiinoohok,",2,,,,
"NFr.044",hootcihciinkuutiinee,3,,,,
"NFr.044",hoseino'.,4,,,,
"NFr.045","hootnehce'iseenee,",1,,,,
"NFr.045",hootkotousinenee,2,,,,
"NFr.045",honoot,3,,,,
"NFr.045",nehe',4,,,,
"NFr.045",hinen,5,,,,
"NFr.045",ce3ei'oohok.,6,,,,
"NFr.046",woow,1,,,,
"NFr.046",he'ihbih'inou'oo.,2,,,,
"NFr.047",huutouuk,1,,,,
"NFr.047",nehe',2,,,,
"NFr.047",hinen,3,,,,
"NFr.047",he'ihno'usee.,4,,,,
"NFr.048",''noo'useenoo,1,,,,
"NFr.048","be,''",2,,,,
"NFr.048",heehehk,3,,,,
"NFr.048",nehe',4,,,,
"NFr.048",hinen.,5,,,,
"NFr.049","xooxonouu,",1,,,,
"NFr.049",''ciitei,2,,,,
"NFr.049","be,''",3,,,,
"NFr.049",heehehk,4,,,,
"NFr.049",nehe',5,,,,
"NFr.049",nih'oo3oo.,6,,,,
"NFr.050","he'ihni'i3ecoono',",1,,,,
"NFr.050",he'ih'oonoo3itouhuno'.,2,,,,
"NFr.051",he'ihnottonee,1,,,,
"NFr.051","hiniiteh'eiho,",2,,,,
"NFr.051",''koohootciibii3ihi?'',3,,,,
"NFr.051",hee3oohok,4,,,,
"NFr.051",hiniiteh'eiho.,5,,,,
"NFr.052","''hee,",1,,,,
"NFr.052","heesneenoo,''",2,,,,
"NFr.052",hee3eihok,3,,,,
"NFr.052",hiniiteh'eiho.,4,,,,
"NFr.053",wohei,1,,,,
"NFr.053",hootniistoonoo,2,,,,
"NFr.053",heehehk,3,,,,
"NFr.053",nih'oo3oo.,4,,,,
"NFr.054",he'ihkohei'i;,1,,,,
"NFr.055",he'ihbise'eini.,1,,,,
"NFr.056",hiiciiciinii',1,,,,
"NFr.056",heehehk.,2,,,,
"NFr.057",neniisi'owooni'.,1,,,,
"NFr.058",neneesi'owooni',1,,,,
"NFr.058",he'ihbeexbeesinihii.,2,,,,
"NFr.059",hiiciiciinii',1,,,,
"NFr.059",heehehk,2,,,,
"NFr.059",yeneini'owooni':,3,,,,
"NFr.059",he'ihciiwoteiciineyootiinin.,4,,,,
"NFr.060",''hiiwo',1,,,,
"NFr.060","he'iisiini,''",2,,,,
"NFr.060",heehehk,3,,,,
"NFr.060",nih'oo3oo.,4,,,,
"NFr.061",hiiciiciinii',1,,,,
"NFr.061",heehehk,2,,,,
"NFr.061",ceesey.,3,,,,
"NFr.062",he'ihciiwoteiciineyootiinin.,1,,,,
"NFr.063",Nehe',1,,,,
"NFr.063",hinen,2,,,,
"NFr.063",he'ihnouute'ein.,3,,,,
"NFr.064",Hiiciiciinii',1,,,,
"NFr.064",he'ihnee'eesinihiit,2,,,,
"NFr.064",yein.,3,,,,
"NFr.065",He'ihwoteiciineyootiinin.,1,,,,
"NFr.066",nehe',1,,,,
"NFr.066",hinen,2,,,,
"NFr.066",he'ihcih'iten,3,,,,
"NFr.066",hoseino'.,4,,,,
"NFr.067",bii3woonin,1,,,,
"NFr.067",neiteh'ei;,2,,,,
"NFr.067",woow,3,,,,
"NFr.067",hootneeckoohunoo.,4,,,,
"NFr.068",nih'oo3oo,1,,,,
"NFr.068",he'ihnehyonihee,2,,,,
"NFr.068",hitoonoho,3,,,,
"NFr.068",nih'iitohkotousineni3i;,4,,,,
"NFr.068",he'ihnoonokohunino.,5,,,,
"NFr.069",he'ih'esinihe'.,1,,,,
"NFr.070","he'ihniiniskohuu,",1,,,,
"NFr.070",he'ih'ookooteso'onee.,2,,,,
"NFr.071",''hii3e',1,,,,
"NFr.071",wonnoonokohu',2,,,,
"NFr.071","heih'oowuu3e3ebe,''",3,,,,
"NFr.071",hee3oohok,4,,,,
"NFr.071",hitoonoho.,5,,,,
"NFr.072",nih'oo3ouno',1,,,,
"NFr.072",ne'niiniiniskohoehkoni',2,,,,
"NFr.072",hiniisooninoo.,3,,,,
"NFr.073",nee'ei'ise',1,,,,
"NFr.073",nuhu',2,,,,
"NFr.073",hoo3itoo.,3,,,,
