ref,word,num,dep,label,dep2,label2
"NMinL.001",nih'oo3oo,1,,,,
"NMinL.001",noh,2,,,,
"NMinL.001",hiheiho.,3,,,,
"NMinL.002",nih'oo3oo,1,,,,
"NMinL.002",tih'iiciinoo'oniseehek;,2,,,,
"NMinL.003",ceesey,1,,,,
"NMinL.003",teebe,2,,,,
"NMinL.003",he'ihno'eeckoo.,3,,,,
"NMinL.004",he'ihteenoku;,1,,,,
"NMinL.005",he'ihciibeesbii3ihi,1,,,,
"NMinL.006",hiniin,1,,,,
"NMinL.006","he'ihnottone',",2,,,,
"NMinL.006",''hotoustoo?,3,,,,
"NMinL.006",kooheesowobeih?'',4,,,,
"NMinL.007","''hiiko,",1,,,,
"NMinL.007",nooxoxeihinoo,2,,,,
"NMinL.007",tohnoohowou'u,3,,,,
"NMinL.007",neniteeno',4,,,,
"NMinL.007",nootikoni3i'.,5,,,,
"NMinL.008",neniinii3oonoo3i',1,,,,
"NMinL.008",hiheihehinoo;,2,,,,
"NMinL.008",heneebees,3,,,,
"NMinL.008",hotsiisiiitonoo3i'.'',4,,,,
"NMinL.009",''toonheestoo3i,1,,,,
"NMinL.009","neinoo,''",2,,,,
"NMinL.009",hiniin,3,,,,
"NMinL.009",hee3eihok.,4,,,,
"NMinL.010",noh,1,,,,
"NMinL.010",nuhu',2,,,,
"NMinL.010",hiheiho,3,,,,
"NMinL.010",he'ihni'eeneetowu[n].,4,,,,
"NMinL.011",wohei,1,,,,
"NMinL.011",he'ihneenou'uno'.,2,,,,
"NMinL.012",he'ihce3ei'oono'.,1,,,,
"NMinL.013",hoh'eni',1,,,,
"NMinL.013",he'ihnoh'ohuseeno'.,2,,,,
"NMinL.014",tih'iiskoxtisee3i',1,,,,
"NMinL.014","hi3o'owuu',",2,,,,
"NMinL.014","''hootnihi'koohuno',''",3,,,,
"NMinL.014",hee3oohok,4,,,,
"NMinL.014","hiheiho,",5,,,,
"NMinL.014",''heetihnoxohoenno'ukoohuno'.,6,,,,
"NMinL.015","heetohno'otoo'oe',",1,,,,
"NMinL.015",nooxeihi',2,,,,
"NMinL.015",nee'eetoo3i',3,,,,
"NMinL.015",nuhu',4,,,,
"NMinL.015",notikoniihiiho'.'',5,,,,
"NMinL.016",he'ihnee'eece3koohu3i'.,1,,,,
"NMinL.017",he'ihnihi'koohuno'.,1,,,,
"NMinL.018",he'ihno'ukoohuno',1,,,,
"NMinL.018",heetohno'otoo'oeni'.,2,,,,
"NMinL.019",he'ihceeceh'e3tiino'.,1,,,,
"NMinL.020",he'ihciiniitobeeno'.,1,,,,
"NMinL.021",totoos,1,,,,
"NMinL.021",he'ihciisiteeboutee.,2,,,,
"NMinL.022",wohei,1,,,,
"NMinL.022",he'ihwo'wuseeno',2,,,,
"NMinL.022",heetouunih'ookoo'oeni'.,3,,,,
"NMinL.023",nih'oo3oo,1,,,,
"NMinL.023",nee'eesinihiihok:,2,,,,
"NMinL.023",''neneeneetikotiino'.,3,,,,
"NMinL.024",hootoustoon[oo]?'',1,,,,
"NMinL.024",hee3oohok,2,,,,
"NMinL.024",hiheiho.,3,,,,
"NMinL.025",''woow,1,,,,
"NMinL.025",hehbih'iyoo'.,2,,,,
"NMinL.026",neniiheneihin'',1,,,,
"NMinL.026",hee3eihok,2,,,,
"NMinL.026",hiheiho.,3,,,,
"NMinL.027",''hehneetikotiino',1,,,,
"NMinL.027",noh,2,,,,
"NMinL.027","heenesneeno',''",3,,,,
"NMinL.027",nih'oo3oo,4,,,,
"NMinL.027",heehehk.,5,,,,
"NMinL.028",''hiit,1,,,,
"NMinL.028",hootnee'eetoh'eteinino'.'',2,,,,
"NMinL.029",wohei,1,,,,
"NMinL.029",he'ihwottoneeno'.,2,,,,
"NMinL.030",he'ih'oonookouhuno'.,1,,,,
"NMinL.031",he'ihbii3ihino'.,1,,,,
"NMinL.032",nih'oo3oo,1,,,,
"NMinL.032",he'ihnokoonii.,2,,,,
"NMinL.033",''koohonowon?'',1,,,,
"NMinL.033",hee3eihok,2,,,,
"NMinL.033",hiheiho.,3,,,,
"NMinL.034","''hee,''",1,,,,
"NMinL.034",heehehk,2,,,,
"NMinL.034",nih'oo3oo.,3,,,,
"NMinL.035","''heneinehnoonokohuno',''",1,,,,
"NMinL.035",hee3eihok,2,,,,
"NMinL.035",hiheiho.,3,,,,
"NMinL.036",he'ihnoono'yoohuno'.,1,,,,
"NMinL.037",he'ih'eeneisibino'.,1,,,,
"NMinL.038",hei'iiseeneisibi3i',1,,,,
"NMinL.038",nih'oo3oo,2,,,,
"NMinL.038",he'ih'eheyetouu,3,,,,
"NMinL.039",''koohotoe?'',1,,,,
"NMinL.039",hee3eihok,2,,,,
"NMinL.039",hiheiho.,3,,,,
"NMinL.040","''heeyeihneeto3inenoo,''",1,,,,
"NMinL.040",hee3oohok,2,,,,
"NMinL.040",hiheiho.,3,,,,
"NMinL.041",''nuhu',1,,,,
"NMinL.041","notou,",2,,,,
"NMinL.041",henei3iton...***,3,,,,
"NMinL.041","hooyo'sinen,''",4,,,,
"NMinL.041",hee3eihok,5,,,,
"NMinL.041",hiheiho.,6,,,,
"NMinL.042",''nootneihoowu'uciintoe'',1,,,,
"NMinL.042",heehehk,2,,,,
"NMinL.042",nih'oo3oo.,3,,,,
"NMinL.043","''heneiniisisineno',''",1,,,,
"NMinL.043",hee3eihok,2,,,,
"NMinL.043",hiheiho.,3,,,,
"NMinL.044",he'ih'iisibiitonee,1,,,,
"NMinL.044",hiheiho.,2,,,,
"NMinL.045",he'ih'ee'eitene',1,,,,
"NMinL.045",hiheiho.,2,,,,
"NMinL.046",he'ih'iibeetoh'iisiino'one'.,1,,,,
"NMinL.047",nih'oo3oo,1,,,,
"NMinL.047",he'ihteiitoonis.,2,,,,
"NMinL.048",he'ihnottone',1,,,,
"NMinL.048","hiheiho,",2,,,,
"NMinL.048",''koowoowhiisiinoo'oo?'',3,,,,
"NMinL.048",hee3eihok,4,,,,
"NMinL.048",hiheiho.,5,,,,
"NMinL.049",''woow,1,,,,
"NMinL.049","heniisiinoo'oonoo,",2,,,,
"NMinL.049",beebeet,3,,,,
"NMinL.049",hehniiseti',4,,,,
"NMinL.049","niicookuu'oo',''",5,,,,
"NMinL.049",heehehk,6,,,,
"NMinL.049",nih'oo3oo.,7,,,,
"NMinL.050",''heeyou,1,,,,
"NMinL.050",niicookuu'oo'?'',2,,,,
"NMinL.050",hee3eihok,3,,,,
"NMinL.050",hiheiho.,4,,,,
"NMinL.051",''nuhu',1,,,,
"NMinL.051",neiniistoot,2,,,,
"NMinL.051","niicookuu'oo',''",3,,,,
"NMinL.051",hee3oohok,4,,,,
"NMinL.051",hiheiho.,5,,,,
"NMinL.052",''hootoustoon[oo]?'',1,,,,
"NMinL.052",hee3eihok,2,,,,
"NMinL.052",hiheiho.,3,,,,
"NMinL.053",''neihoowoe'in;,1,,,,
"NMinL.053",nooxeihi',2,,,,
"NMinL.053","hootni'neeto3inenoo,''",3,,,,
"NMinL.053",heehehk,4,,,,
"NMinL.053",nih'oo3oo.,5,,,,
"NMinL.054","''honookuucein,''",1,,,,
"NMinL.054",hee3eihok.,2,,,,
"NMinL.055",he'ihnee'eestoo[t],1,,,,
"NMinL.055",nih'oo3oo.,2,,,,
"NMinL.056",he'ih'iini'eenebee;,1,,,,
"NMinL.056",he'ih'i3eihin;,2,,,,
"NMinL.056",he'ih'iini'ihe'.,3,,,,
"NMinL.057",he'ihce'eeckoohuno',1,,,,
"NMinL.057",tohuuseteini3i'.,2,,,,
"NMinL.058",''nihnon3o'oono';,1,,,,
"NMinL.058","neihoowbii'iihoobe,''",2,,,,
"NMinL.058",heehehk,3,,,,
"NMinL.058",nih'oo3oo.,4,,,,
"NMinL.059",nee'ei'ise',1,,,,
"NMinL.059",nuhu',2,,,,
"NMinL.059",hoo3itoo.,3,,,,
