ref,word,num,dep,label,dep2,label2
"NPlum.001",nih'oo3oo,1,,,,
"NPlum.001",noh,2,,,,
"NPlum.001",beesibino.,3,,,,
"NPlum.002",nih'oo3oo,1,,,,
"NPlum.002",he'ih'ihciniihisee,2,,,,
"NPlum.002",niiciihehe'.,3,,,,
"NPlum.003",he'ihnoohoot,1,,,,
"NPlum.003",beesibino,2,,,,
"NPlum.003",hi3oobe',3,,,,
"NPlum.003",neci'.,4,,,,
"NPlum.004",he'ih'iibeetohbii3.,1,,,,
"NPlum.005",he'ih'inowoukoo.,1,,,,
"NPlum.006",he'ihnoonotikuutii.,1,,,,
"NPlum.007",he'ihnono3ce'bixounoo'oo.,1,,,,
"NPlum.008",he'ihtootoukuu3ee,1,,,,
"NPlum.008",ho'nookeeno,2,,,,
"NPlum.008",hi'oote'.,3,,,,
"NPlum.009",he'ne'inowoukoohut.,1,,,,
"NPlum.010",he'ihciibii'in,1,,,,
"NPlum.010",beesibino.,2,,,,
"NPlum.011",he'ihcoonce'bixoukoohu.,1,,,,
"NPlum.012",he'ihneeto3oowunoo'oo.,1,,,,
"NPlum.013",beexoo3iihi',1,,,,
"NPlum.013",he'ihce'niihenbixou'oo.,2,,,,
"NPlum.014",ho'nookeeno,1,,,,
"NPlum.014",he'ih'oonookunoo'oonino.,2,,,,
"NPlum.015",he'ih'oo3i3inou3,1,,,,
"NPlum.015",neci'.,2,,,,
"NPlum.016",he'ihnoohoot,1,,,,
"NPlum.016",beesibino;,2,,,,
"NPlum.016",hihcebe',3,,,,
"NPlum.016",he'ih'eibinino.,4,,,,
"NPlum.017",he'ihnoh'ohusee.,1,,,,
"NPlum.017",[no'o'usee,2,,,,
"NPlum.017",??],3,,,,
"NPlum.018",he'ihkooko'un,1,,,,
"NPlum.018",beesibino.,2,,,,
"NPlum.019",heeyou,1,,,,
"NPlum.019",hei'ohookeeniit,2,,,,
"NPlum.019",nih'ii3etehk.,3,,,,
"NPlum.020","tih'iisbiibineet,",1,,,,
"NPlum.020",he'ne'ce3ei'oot.,2,,,,
"NPlum.021",beenhehe',1,,,,
"NPlum.021",he'ihnoowoh'un,2,,,,
"NPlum.021",beesibino.,3,,,,
"NPlum.022",he'ihnoohoot,1,,,,
"NPlum.022",woxuu,2,,,,
"NPlum.022",heetoh-,3,,,,
"NPlum.022",hiyeih'ininoo.,4,,,,
"NPlum.023",he'ihcii3kuutii,1,,,,
"NPlum.023",beesibino,2,,,,
"NPlum.023",woxuu,3,,,,
"NPlum.023",hiyeih'ininoo.,4,,,,
"NPlum.024",he'ihcihnouuhcehinino,1,,,,
"NPlum.024",woxuu.,2,,,,
"NPlum.025",hiiwo',1,,,,
"NPlum.025",hehneehek,2,,,,
"NPlum.025","nih'oo3oo,",3,,,,
"NPlum.025","heeseh'ehin,",4,,,,
"NPlum.025",hee3eihok,5,,,,
"NPlum.025",woxuu.,6,,,,
"NPlum.026",wonoo3ei'i,1,,,,
"NPlum.026",beesibino,2,,,,
"NPlum.026",hihcebehe'.,3,,,,
"NPlum.027",heibeexwonko'uneebe,1,,,,
"NPlum.027",hee3oohok,2,,,,
"NPlum.027",woxuu,3,,,,
"NPlum.027",nih'oo3oo.,4,,,,
"NPlum.028",tei'yoonoh'o',1,,,,
"NPlum.028",nonoonokohu3i',2,,,,
"NPlum.028",hee3eihok,3,,,,
"NPlum.028",woxuu.,4,,,,
"NPlum.029",heneitoyoohowou'u,1,,,,
"NPlum.029",neesebiho',2,,,,
"NPlum.029",heehehk,3,,,,
"NPlum.029",nih'oo3oo.,4,,,,
"NPlum.030",woxuu,1,,,,
"NPlum.030",he'ihwonko'uyeino'.,2,,,,
"NPlum.031",hei'ootoneihini3i,1,,,,
"NPlum.031",nuhu',2,,,,
"NPlum.031","woxuu,",3,,,,
"NPlum.031",nih'oo3oo,4,,,,
"NPlum.031",he'ihteetebe'eisii,5,,,,
"NPlum.031",nuhu',6,,,,
"NPlum.031",woxuusoono.,7,,,,
"NPlum.032",he'ih3ouxuh'uu,1,,,,
"NPlum.032",nuhu',2,,,,
"NPlum.032",woxuusoono.,3,,,,
"NPlum.033",ceese',1,,,,
"NPlum.033",hookuhu'eeno,2,,,,
"NPlum.033",he'ihce'ciiciinen,3,,,,
"NPlum.033",nih'iitohnoonokohuni3i,4,,,,
"NPlum.033",wootii,5,,,,
"NPlum.033",he'ihnosounoonokohunino.,6,,,,
"NPlum.034",woxuu,1,,,,
"NPlum.034",he'ihkoutoneihino'.,2,,,,
"NPlum.035",he'ihce'no'useeno',1,,,,
"NPlum.035",woxuu.,2,,,,
"NPlum.036","heniiyeihe3enee,",1,,,,
"NPlum.036",hee3oohok,2,,,,
"NPlum.036",nih'oo3oo,3,,,,
"NPlum.036",woxuu.,4,,,,
"NPlum.037",hooxeihiisoono,1,,,,
"NPlum.037",nih'etenou'u,2,,,,
"NPlum.037",heehehk,3,,,,
"NPlum.037",nih'oo3oo.,4,,,,
"NPlum.038",woxuu,1,,,,
"NPlum.038",he'ih'esneeno'.,2,,,,
"NPlum.039",he'ihbii3ihino'.,1,,,,
"NPlum.040",ceese',1,,,,
"NPlum.040","hiseihihi',",2,,,,
"NPlum.040",neehebehe',3,,,,
"NPlum.040","hehnehtiiceihihiht,",4,,,,
"NPlum.040",heehehk,5,,,,
"NPlum.040",nehe',6,,,,
"NPlum.040",hiseihihi'.,7,,,,
"NPlum.041",ciiwoo3iyiisinihii,1,,,,
"NPlum.041",hee3eihok,2,,,,
"NPlum.041",hiinoon.,3,,,,
"NPlum.042",nih'oo3oo,1,,,,
"NPlum.042",he'ihbeetohnoe.,2,,,,
"NPlum.043",hootneecinoehinoo,1,,,,
"NPlum.043",hee3oohok,2,,,,
"NPlum.043",woxuu,3,,,,
"NPlum.043",nih'oo3oo.,4,,,,
"NPlum.044",hih'oo;,1,,,,
"NPlum.044",hetnoxohoece'ciitei.,2,,,,
"NPlum.045",nih'oo3oo,1,,,,
"NPlum.045",he'ihnoe.,2,,,,
"NPlum.046",he'ihce3koo.,1,,,,
"NPlum.047",he'ih'eso'oo,1,,,,
"NPlum.047",nih'oo3oo.,2,,,,
"NPlum.048",he'ihceniikoo.,1,,,,
"NPlum.049",he'ihnoh'ohusee,1,,,,
"NPlum.049",heetohco'otoyooni'.,2,,,,
"NPlum.050",tousceihino',1,,,,
"NPlum.050",heniisooninoo,2,,,,
"NPlum.050",heehehk,3,,,,
"NPlum.050",nih'oo3oo.,4,,,,
"NPlum.051",he'ihnehyihooniheeno',1,,,,
"NPlum.051",hiniisooninoo,2,,,,
"NPlum.051",woxuu.,3,,,,
"NPlum.052",cese',1,,,,
"NPlum.052",hookuhu'eeno,2,,,,
"NPlum.052",he'ihbii'inowuu.,3,,,,
"NPlum.053",nih'oo3oo,1,,,,
"NPlum.053",he'ihyeih'one',2,,,,
"NPlum.053",woxuu.,3,,,,
"NPlum.054",he'ihceniikohoe.,1,,,,
"NPlum.055",he'ih'eyeihtebe'.,1,,,,
"NPlum.056",he'ihneetikoo.,1,,,,
"NPlum.057",hee,1,,,,
"NPlum.057",hiibeextonot,2,,,,
"NPlum.057",heetkoohuneenoo,3,,,,
"NPlum.057",heehehk,4,,,,
"NPlum.057",nih'oo3oo.,5,,,,
"NPlum.058",he'ihnoohoot,1,,,,
"NPlum.058",he'ihtonotin.,2,,,,
"NPlum.059",he'ihcii3ihcehi,1,,,,
"NPlum.059",heetohtonotini'.,2,,,,
"NPlum.060",he'ihxookunouuhce.,1,,,,
"NPlum.061",3eneiikoheino'.,1,,,,
"NPlum.062",he'ih'eeneesinoo'oo;,1,,,,
"NPlum.062",he'ihce'eseih.,2,,,,
"NPlum.063",he'ihce'iitisee.,1,,,,
"NPlum.064",heitoustoobe,1,,,,
"NPlum.064",heehehk,2,,,,
"NPlum.064",nih'oo3oo.,3,,,,
"NPlum.065",nih'oo3oo,1,,,,
"NPlum.065",nonoonoh'oot,2,,,,
"NPlum.065",neniisooninoo.,3,,,,
"NPlum.066",neniisooninoo,1,,,,
"NPlum.066",nih'oxobeino'.,2,,,,
"NPlum.067",hee'inono',1,,,,
"NPlum.067",nih'oo3oo,2,,,,
"NPlum.067",hoohookeenit.,3,,,,
"NPlum.068",hootniiteheibe3enee.,1,,,,
"NPlum.069",nih'oo3oo,1,,,,
"NPlum.069",he'ihciitei,2,,,,
"NPlum.069",heetohtonotini'.,3,,,,
"NPlum.070",he'ih'eeneseineetii;,1,,,,
"NPlum.070",he'ih'iiniihenkookou'ci3et.,2,,,,
"NPlum.071",he'ihcihce'noe.,1,,,,
"NPlum.072",tenei'eiht;,1,,,,
"NPlum.072",niicooncihnouuteno'.,2,,,,
"NPlum.073",ce'ciitei';,1,,,,
"NPlum.073",hetno'o3citiibe.,2,,,,
"NPlum.074",he'ihce'ciiteino',1,,,,
"NPlum.074",woxuu.,2,,,,
"NPlum.075",nih'oo3oo,1,,,,
"NPlum.075",he'ihwottonee.,2,,,,
"NPlum.076",heitoustoo,1,,,,
"NPlum.076",hee3eihok,2,,,,
"NPlum.076",woxuu.,3,,,,
"NPlum.077",kooheiwottonee.,1,,,,
"NPlum.078",hiiko,1,,,,
"NPlum.078",wotitoneehiiho',2,,,,
"NPlum.078",ceebikoohu3i',3,,,,
"NPlum.078",heehehk,4,,,,
"NPlum.078",nih'oo3oo.,5,,,,
"NPlum.079",heh'isiteeboutee',1,,,,
"NPlum.079",hee3eihok,2,,,,
"NPlum.079",woxuu.,3,,,,
"NPlum.080",hisiteebouhuuho',1,,,,
"NPlum.080",ceebih'ohu3i',2,,,,
"NPlum.080",heehehk,3,,,,
"NPlum.080",nih'oo3oo.,4,,,,
"NPlum.081",hehkootee',1,,,,
"NPlum.081",hee3eihok,2,,,,
"NPlum.081",woxuu.,3,,,,
"NPlum.082",kooteehiiho',1,,,,
"NPlum.082",ceebih'ohu3i',2,,,,
"NPlum.082",heehehk,3,,,,
"NPlum.082",nih'oo3oo.,4,,,,
"NPlum.083",nih'oo3oo,1,,,,
"NPlum.083",he'ihcii3kuutii,2,,,,
"NPlum.083",hisitee,3,,,,
"NPlum.083",heetohtonotiini'.,4,,,,
"NPlum.084",he'ihbeese3ee.,1,,,,
"NPlum.085",woxuu,1,,,,
"NPlum.085",he'ihcooninoehino'.,2,,,,
"NPlum.086",nih'oo3oo,1,,,,
"NPlum.086",he'ih'oxo'on.,2,,,,
"NPlum.087",nenehtoneihinoo,1,,,,
"NPlum.087",heehehk,2,,,,
"NPlum.087",nih'oo3oo.,3,,,,
"NPlum.088",he'ihce3ei'oo.,1,,,,
"NPlum.089",noh,1,,,,
"NPlum.089",nuhu',2,,,,
"NPlum.089",hoo3itoo,3,,,,
"NPlum.089",woxuu,4,,,,
"NPlum.089",ne'nii'eseinowoohkoni',5,,,,
"NPlum.089",hineniteeno.,6,,,,
"NPlum.090",ne'nii'eenecesookehkoni'.,1,,,,
"NPlum.091",nee'ei'ise',1,,,,
"NPlum.091",nuhu',2,,,,
"NPlum.091",hoo3itoo.,3,,,,
