ref,word,num,dep,label,dep2,label2
"OldW.001",Totoonee,1,,,,
"OldW.001",nih'eeneiniihi3i',2,,,,
"OldW.001",nuhu',3,,,,
"OldW.001",3owo3neniteeno'.,4,,,,
"OldW.002",Heenei'nou'u,1,,,,
"OldW.002",nih'eeneistoo3i';,2,,,,
"OldW.002",nih'eeneisiini,3,,,,
"OldW.002",nih'eenei3eeneeteniiheti3i'.,4,,,,
"OldW.003",Hii[s]tiiP,1,,,,
"OldW.003",woosoo3no;,2,,,,
"OldW.003",nih'eeneisniistii3i',3,,,,
"OldW.003","beete',",4,,,,
"OldW.003",heenei'isiihi'.,5,,,,
"OldW.004",HeetniiP,1,,,,
"OldW.004",heeneisneh'ei3i'.,2,,,,
"OldW.005",Hinee,1,,,,
"OldW.005","3eboosei3iihi',",2,,,,
"OldW.005",he'ih'iibi'hitonih'ino',3,,,,
"OldW.005",he3ebii.,4,,,,
"OldW.006",Hoono',1,,,,
"OldW.006",hoowuuni,2,,,,
"OldW.006",no'uuntoono',3,,,,
"OldW.006",nuhu',4,,,,
"OldW.006",woxhooxebii.,5,,,,
"OldW.007",Cenihwooniini,1,,,,
"OldW.007",hentoo3i'.,2,,,,
"OldW.008",he'ihneenino',1,,,,
"OldW.008",nih'eeneitoo3ii3ei3i'.,2,,,,
"OldW.009",Nuhu',1,,,,
"OldW.009","he3ebii,",2,,,,
"OldW.009","woo'wuuhunoo3i,",3,,,,
"OldW.009",nih'eeneitoo3ii3ei3i'.,4,,,,
"OldW.010",Ne'nii'biibiino3oonoo3i',1,,,,
"OldW.010",nuhu'.,2,,,,
"OldW.011",he'ih'iiciino'onbeesei3eno',1,,,,
"OldW.011",nuhu',2,,,,
"OldW.011",he3ebii.,3,,,,
"OldW.012",Howoo,1,,,,
"OldW.012",hoo3oo'o',2,,,,
"OldW.012",nuhu',3,,,,
"OldW.012",hooxeihino,4,,,,
"OldW.012","he'ih'iitonih'ino',",5,,,,
"OldW.012",heenei'isiihi'.,6,,,,
"OldW.013",He'ih'eene'inowuu,1,,,,
"OldW.013","nih'eeneisiini,",2,,,,
"OldW.013",nih'eeneistoo3i';,3,,,,
"OldW.013",heeneisiini,4,,,,
"OldW.013",nih'eeneiscowo'ootiini';,5,,,,
"OldW.014",Nih'eeneisiini,1,,,,
"OldW.014",wo'3tii3i',2,,,,
"OldW.014","bii3wo,",3,,,,
"OldW.014",heene'inowuu.,4,,,,
"OldW.015",He'ih'iiniiniiho'onenetino';,1,,,,
"OldW.016",Heene'inowuu.,1,,,,
"OldW.017","Tohuunee'eeneestoo3i',",1,,,,
"OldW.017",nih'iihoonoyoohobeti3i'.,2,,,,
"OldW.018",Wohei,1,,,,
"OldW.018",howoo,2,,,,
"OldW.018",nuhu',3,,,,
"OldW.018","coo3o'uu,",4,,,,
"OldW.018","he'ihcih'eenei3no'uxootonoo3i,",5,,,,
"OldW.018",he'ih'iiniiniiteheibetino':,6,,,,
"OldW.018",hookohuus,7,,,,
"OldW.018",hentou',8,,,,
"OldW.018",boo3etiit.,9,,,,
"OldW.019","Nih'iibooboo3eti3i',",1,,,,
"OldW.019",heenei'isiihi'.,2,,,,
"OldW.020",He'ih'iinouutowuuni,1,,,,
"OldW.020",hoonoyooP,2,,,,
"OldW.020",hoonoyoohobeihino',3,,,,
"OldW.020",nuhu',4,,,,
"OldW.020",nih'entoo3i';,5,,,,
"OldW.021",Hi'in,1,,,,
"OldW.021",coo3o'uu,2,,,,
"OldW.021",he'ih'eenentoono'.,3,,,,
"OldW.022",Wohei,1,,,,
"OldW.022",nenee',2,,,,
"OldW.022",nih'iiP,3,,,,
"OldW.022",nih'eeneisiini,4,,,,
"OldW.022",heeneeteniihetit,5,,,,
"OldW.022",nehe',6,,,,
"OldW.022","3owo3nenitee,",7,,,,
"OldW.022",heetihP,8,,,,
"OldW.022",heene'inonetino',9,,,,
"OldW.022",heeneetohnoohobetinoo3i.,10,,,,
"OldW.023",He'ih'oonoyei'onetino'.,1,,,,
"OldW.024",Nih'iinesooku3i',1,,,,
"OldW.024",nuhu',2,,,,
"OldW.024",3owo3neniteeno':,3,,,,
"OldW.024","ne'nih'eeneisiini,",4,,,,
"OldW.024","nih'eeneiscowo'oot,",5,,,,
"OldW.024",heenei'isiihi'.,6,,,,
"OldW.025",Heenee'iihi',1,,,,
"OldW.025",he'ih'iicee3nouxonetino'.,2,,,,
"OldW.026",Noh,1,,,,
"OldW.026",heenee'iihi',2,,,,
"OldW.026",'oh,3,,,,
"OldW.026","he'ih'iiniiteh'eibetino',",4,,,,
"OldW.026",heeneesiini.,5,,,,
"OldW.027",'oh,1,,,,
"OldW.027",hoo3oo'o',2,,,,
"OldW.027",he'ihboo'ei3ecoo3i'.,3,,,,
"OldW.028","Beetohwo'wno'oteihino',",1,,,,
"OldW.028",heenei'isiihi'.,2,,,,
"OldW.029",Ne'nih'eeneisiine'etiit,1,,,,
"OldW.029",nehe',2,,,,
"OldW.029",3owo3nenitee.,3,,,,
"OldW.030",Heeneiniihi3i'.,1,,,,
"OldW.031",Heeneinwoowo'wuuhu3i'.,1,,,,
"OldW.032",Heeneinsee3i'.,1,,,,
"OldW.033",Cese',1,,,,
"OldW.033","niiseti',",2,,,,
"OldW.033",hih'oowuunee'eetoono'.,3,,,,
"OldW.034",He'ihnouutowo'wuseeno'.,1,,,,
"OldW.035",Heihii,1,,,,
"OldW.035",ne'cih'entou'u'u,2,,,,
"OldW.035",nuhu',3,,,,
"OldW.035",niiinono.,4,,,,
"OldW.036","Niiinono,",1,,,,
"OldW.036",notoyeicii,2,,,,
"OldW.036","he'ihi'iiniistiino',",3,,,,
"OldW.036",nuhu',4,,,,
"OldW.036",tohuu'uusibi'i.,5,,,,
"OldW.037",3ouuyokoyono,1,,,,
"OldW.037",ni'iitou'u,2,,,,
"OldW.037",hiiwoonhehe'.,3,,,,
"OldW.038",Heihii,1,,,,
"OldW.038",ne'cih'entou'u'u,2,,,,
"OldW.038",nehe',3,,,,
"OldW.038",woxhoox.,4,,,,
"OldW.039","Hei'no'useet,",1,,,,
"OldW.039",neneenit,2,,,,
"OldW.039",nih'eeneitoo3ii3eit,3,,,,
"OldW.039",nih'eeneiswo'wuuhu3i'.,4,,,,
"OldW.040","Heeneeswo'wuseenoo3i,",1,,,,
"OldW.040",hini',2,,,,
"OldW.040","hisei,",3,,,,
"OldW.040",he'ih'iineen,4,,,,
"OldW.040",nih'ii3i'ookuutiit,5,,,,
"OldW.040",niiinono.,6,,,,
"OldW.041",He'ihneen,1,,,,
"OldW.041","nih'iibeebeseeet,",2,,,,
"OldW.041",beebexoohut,3,,,,
"OldW.041","bexo,",4,,,,
"OldW.041",heenei'isiihi'.,5,,,,
"OldW.042",He'ihneen,1,,,,
"OldW.042","nihbehniistiit,",2,,,,
"OldW.042",nehe',3,,,,
"OldW.042",hisei.,4,,,,
"OldW.043",'oh,1,,,,
"OldW.043",nehe',2,,,,
"OldW.043","hinen,",3,,,,
"OldW.043",he'ihneen,4,,,,
"OldW.043",nih'iinoo'eit.,5,,,,
"OldW.044","Tih'iineeneh'ehei3i',",1,,,,
"OldW.044",he'ihneeno',2,,,,
"OldW.044",hii3einoon,3,,,,
"OldW.044",nihi'cowo'oo3i'.,4,,,,
"OldW.045",Nihi'cowo'oo3i'.,1,,,,
"OldW.046",Neneenini',1,,,,
"OldW.046",wootii,2,,,,
"OldW.046","hitotooneeno'oowuutooninoo,",3,,,,
"OldW.046",nuhu',4,,,,
"OldW.046",hii3einoon.,5,,,,
"OldW.047",Wohei,1,,,,
"OldW.047","tih'iisbii3ihi3i',",2,,,,
"OldW.047",wohei,3,,,,
"OldW.047",nuhu',4,,,,
"OldW.047",notoyeicii,5,,,,
"OldW.047","he'ih'iihoxoxohowuu,",6,,,,
"OldW.047",heenei'isiihi'.,7,,,,
"OldW.048",ciiciixoxohowuu,1,,,,
"OldW.048",nuhu',2,,,,
"OldW.048","bei3e'ee,",3,,,,
"OldW.048",heenei'isiihi'.,4,,,,
"OldW.049","He'ih'ini,",1,,,,
"OldW.049",he'ih'iini,2,,,,
"OldW.049","woowoohoniini,",3,,,,
"OldW.049","woowoohoyoonP,",4,,,,
"OldW.049",woowoohoniini,5,,,,
"OldW.049","hoonoxyootowuu,",6,,,,
"OldW.049",heenei'isiihi'.,7,,,,
"OldW.050",Nuhu',1,,,,
"OldW.050","niiinon,",2,,,,
"OldW.050","hi'oonousetii3i',",3,,,,
"OldW.050",heenei'isiihi'.,4,,,,
"OldW.051",Wohei,1,,,,
"OldW.051","houwo,",2,,,,
"OldW.051",he'ih'iiniiniistiino'.,3,,,,
"OldW.052",Wohei,1,,,,
"OldW.052",nuhu',2,,,,
"OldW.052","hixono,",3,,,,
"OldW.052","he'ihi'eeneiwooxehino',",4,,,,
"OldW.052",heenei'isiihi';,5,,,,
"OldW.053","heeneiteebiyooni3i',",1,,,,
"OldW.053",heenei'isiihi';,2,,,,
"OldW.053",ni'ii3eiinooneehek.,3,,,,
"OldW.054",He'ihwoo3een,1,,,,
"OldW.054",huut,2,,,,
"OldW.054",howoo,3,,,,
"OldW.054",woxu'uuwo.,4,,,,
"OldW.055",He'ih'iiP,1,,,,
"OldW.055",heenei'isiihi'.,2,,,,
"OldW.056",Neneenini',1,,,,
"OldW.056","nihi'cowo'oot,",2,,,,
"OldW.056",nuhu',3,,,,
"OldW.056","hii3einoon,",4,,,,
"OldW.056",nehe',5,,,,
"OldW.056",3owo3nenitee.,6,,,,
"OldW.057",Neneenini',1,,,,
"OldW.057",nihi'iine'etiit.,2,,,,
"OldW.058",Noh,1,,,,
"OldW.058","ne'nih'iisiini,",2,,,,
"OldW.058",ne'nih'iisiixoniini,3,,,,
"OldW.058",nehe',4,,,,
"OldW.058",hii3einoon,5,,,,
"OldW.058",nehe',6,,,,
"OldW.058",3owo3nenitee.,7,,,,
"OldW.059",He'ihwoo3eeno',1,,,,
"OldW.059",nuhu',2,,,,
"OldW.059",hii3einoon.,3,,,,
"OldW.060",'oh,1,,,,
"OldW.060",nehe',2,,,,
"OldW.060",nih'oo3oo,3,,,,
"OldW.060","hei'3ooxuuyei'it,",4,,,,
"OldW.060",nuhu',5,,,,
"OldW.060","heso'oonotii,",6,,,,
"OldW.060","heenei'obeihit,",7,,,,
"OldW.060","niisihP,",8,,,,
"OldW.060",nohkuuhu',9,,,,
"OldW.060",hunee,10,,,,
"OldW.060",cenohu',11,,,,
"OldW.060",hii3iihi'.,12,,,,
"OldW.061",he'ne'cihwoncoocoboo3i'.,1,,,,
"OldW.062",Kookon,1,,,,
"OldW.062",he'ih'iibi'bee3neeneh'ehei.,2,,,,
"OldW.063",He'ihbi'no'o3isibeeno'.,1,,,,
"OldW.064",Wohei,1,,,,
"OldW.064","ne'ce'iini,",2,,,,
"OldW.064",cenoho'eikoohu3i'.,3,,,,
"OldW.065",Kookon,1,,,,
"OldW.065",he'ihi'owoo3itoono'.,2,,,,
"OldW.066",Heihii,1,,,,
"OldW.066",noxownoo'oohoo3i',2,,,,
"OldW.066",nuhu',3,,,,
"OldW.066",hii3einoon.,4,,,,
"OldW.067",Noh,1,,,,
"OldW.067","nenee',",2,,,,
"OldW.067",he'ihnoxownoo'oohoeno',3,,,,
"OldW.067",nuhu',4,,,,
"OldW.067",hii3einoon.,5,,,,
"OldW.068",He'ne'P,1,,,,
"OldW.068",he'ne'noxowcoono'oot,2,,,,
"OldW.068",nehe',3,,,,
"OldW.068",3owo3nenitee.,4,,,,
"OldW.069",Noo'ootoneit,1,,,,
"OldW.069",nuhu',2,,,,
"OldW.069",nih'oo3oo,3,,,,
"OldW.069",hii3einoon.,4,,,,
"OldW.070",Cihnihi'neeniini,1,,,,
"OldW.070",wo'wusee,2,,,,
"OldW.070",nehe',3,,,,
"OldW.070",nih'oo3oo.,4,,,,
"OldW.071",noo-no'useet,1,,,,
"OldW.071",biito'owu',2,,,,
"OldW.071",nih'ii3P.,3,,,,
"OldW.072",Wohei,1,,,,
"OldW.072",nuhu',2,,,,
"OldW.072","nooh'okosbei'ci3e',",3,,,,
"OldW.072",hi'in,4,,,,
"OldW.072",niihooyoo',5,,,,
"OldW.072","bei'ci3e',",6,,,,
"OldW.072","heeneitbii'iitii3i,",7,,,,
"OldW.072",he'ihcihno'ooco'oot.,8,,,,
"OldW.073",He'ihwoo3eeno',1,,,,
"OldW.073","nih'oo3ou'u,",2,,,,
"OldW.073",heenei'isiihi'.,3,,,,
"OldW.074",Wootii,1,,,,
"OldW.074",ne'noonouuto'oneet,2,,,,
"OldW.074",nehe',3,,,,
"OldW.074","3owo3nenitee,",4,,,,
"OldW.074",nih'eeneitoot.,5,,,,
"OldW.075",koxuu[hu'],1,,,,
"OldW.075",ne'ciiciino'oneet.,2,,,,
"OldW.076","Heihii,",1,,,,
"OldW.076",heihii,2,,,,
"OldW.076",bi'ciiciineneihino',3,,,,
"OldW.076",heeneetohniini'iini.,4,,,,
"OldW.077",Hoonotowooyoo',1,,,,
"OldW.077","biito'owu',",2,,,,
"OldW.077",ne'nih'iitciiciino'oneet.,3,,,,
"OldW.078","He'ne'nih'iisiini,",1,,,,
"OldW.078","heeneisiini,",2,,,,
"OldW.078",nee'eeneesiheet,3,,,,
"OldW.078",nehe',4,,,,
"OldW.078",3owo3nenitee.,5,,,,
"OldW.079","tou3eihi3i,",1,,,,
"OldW.079",noonoo'ooheihino'.,2,,,,
"OldW.080",He'ne'nii'co'oo3too3i'.,1,,,,
"OldW.081",Nehe',1,,,,
"OldW.081","3owo3nenitee,",2,,,,
"OldW.081",ne'nih'ii'neeP,3,,,,
"OldW.081",cih{i'}neewo'wuseet.,4,,,,
"OldW.082",Nehe',1,,,,
"OldW.082",nih'oo3oo,2,,,,
"OldW.082",hih'oowuhno'o3iitoxu3i'.,3,,,,
"OldW.083",Noh,1,,,,
"OldW.083",heihii,2,,,,
"OldW.083",nehe',3,,,,
"OldW.083",3owo3nenitee,4,,,,
"OldW.083",ne'neyeiP,5,,,,
"OldW.083",ne'neyeihe'ino',6,,,,
"OldW.083",hi'in,7,,,,
"OldW.083",heescowo'oot,8,,,,
"OldW.083",nih'oo3oo.,9,,,,
"OldW.084",Ne'neyei3eiheet,1,,,,
"OldW.084",nuhu',2,,,,
"OldW.084",tohuuciinouutowuuni,3,,,,
"OldW.084",heeneine'etiit.,4,,,,
"OldW.085",Nehe',1,,,,
"OldW.085",nih'oo3oo,2,,,,
"OldW.085",ciiciineyei'it.,3,,,,
"OldW.086",HeeneiP,1,,,,
"OldW.086",heeneitonih'it,2,,,,
"OldW.086","wookecii,",3,,,,
"OldW.086",heeneiP,4,,,,
"OldW.086","hotei'i,",5,,,,
"OldW.086",heenei'isiihi'.,6,,,,
"OldW.087",Noonoko',1,,,,
"OldW.087",nooxeihi',2,,,,
"OldW.087",ne'neyei3itiit.,3,,,,
"OldW.088",Heihii,1,,,,
"OldW.088",he'ihwo'wuni'iini.,2,,,,
"OldW.089",Noh,1,,,,
"OldW.089","hiiwoonhehe',",2,,,,
"OldW.089",nee'eesiine'etiino'.,3,,,,
"OldW.090",Xowouuxou3eihino',1,,,,
"OldW.090",nehe',2,,,,
"OldW.090",nih'oo3oo,3,,,,
"OldW.090",neeneisiine'etiit.,4,,,,
"OldW.091",Howoo,1,,,,
"OldW.091","hiteenetiit,",2,,,,
"OldW.091",noxowee'inowuno'.,3,,,,
"OldW.092",Heenei[s]hi'cowo'onetino'.,1,,,,
"OldW.093",Neneenino',1,,,,
"OldW.093","3owo3neniteeno',",2,,,,
"OldW.093",nee'eesoo',3,,,,
"OldW.093",hetiine'etiitooninoo.,4,,,,
"OldW.094",'oh,1,,,,
"OldW.094",nuhu',2,,,,
"OldW.094","heteenetiitoonin,",3,,,,
"OldW.094",'oh,4,,,,
"OldW.094","ci'nooxowuuP,",5,,,,
"OldW.094",nooxowbeeto'oo'.,6,,,,
"OldW.095",Howoo,1,,,,
"OldW.095",nuhu',2,,,,
"OldW.095","hinono'eitiit,",3,,,,
"OldW.095",woow,4,,,,
"OldW.095",nooxowuuni,5,,,,
"OldW.095","ses3iihi',",6,,,,
"OldW.095",nooxowuuni.,7,,,,
"OldW.096",Noxowno'oxuuhetino',1,,,,
"OldW.096",heetnii'enetiino'.,2,,,,
"OldW.097",'oh,1,,,,
"OldW.097",nehe',2,,,,
"OldW.097","nih'oo3oo,",3,,,,
"OldW.097",neneenit,4,,,,
"OldW.097",beebenee3to'useet.,5,,,,
"OldW.098",Neeyeitiit.,1,,,,
"OldW.099","wohoe'tihciineenit,",1,,,,
"OldW.099","heetnehP,",2,,,,
"OldW.099",hetnehcebineyei3eihoohok,3,,,,
"OldW.099","netei'yooniibinoo,",4,,,,
"OldW.099",heenei'isiihi'.,5,,,,
"OldW.100",Wohei,1,,,,
"OldW.100",hi'in,2,,,,
"OldW.100",nenee'.,3,,,,
"OldW.101",Nehe',1,,,,
"OldW.101",niiheyoo,2,,,,
"OldW.101",nono'ei,3,,,,
"OldW.101",hoowuneyei3eiheeno'.,4,,,,
"OldW.102","Hitei'yooniibinoo,",1,,,,
"OldW.102","hiniisiihehinoo,",2,,,,
"OldW.102",beneexo'oo3ouyeitiitooni',3,,,,
"OldW.102",hiiwoonhehe'.,4,,,,
"OldW.103",Nee'eesoo'.,1,,,,
"OldW.104",Nenee',1,,,,
"OldW.104",heesiine'etiino',2,,,,
"OldW.104",hiiwoonhehe'.,3,,,,
"OldW.105",No'o3oo'.,1,,,,
"OldW.106",Houun{on}eenoo'.,1,,,,
"OldW.107",heeheetihP,1,,,,
"OldW.107","heetih'e'inowunee,",2,,,,
"OldW.107",neneeninee,3,,,,
"OldW.107","nih'oo3oo,",4,,,,
"OldW.107",neeyeitiinee.,5,,,,
"OldW.108",HeeneetohP,1,,,,
"OldW.108",heeneetohnoohowoonei'i,2,,,,
"OldW.108","nono'eino',",3,,,,
"OldW.108",heeneinono'eiti3e';,4,,,,
"OldW.109",Wo'ei3,1,,,,
"OldW.109",hiinoonottone',2,,,,
"OldW.109",heeneeyoohuuho.,3,,,,
"OldW.110",NeyeihP,1,,,,
"OldW.110",neyeihwo'wee'inowunee,2,,,,
"OldW.110","nono'eitiit,",3,,,,
"OldW.110",heecisnosouneentoono'.,4,,,,
"OldW.111",Neneeninoo,1,,,,
"OldW.111",beneexookeenoo.,2,,,,
"OldW.112",Niitootosoo',1,,,,
"OldW.112","3io'toxuuni',",2,,,,
"OldW.112",nee'eetoxcecnibeenoo,3,,,,
"OldW.112",hiiwoonhehe'.,4,,,,
"OldW.113",Hiit,1,,,,
"OldW.113",he'iicxooyeiniihi',2,,,,
"OldW.113",niisootosoo',3,,,,
"OldW.113",heetne'P,4,,,,
"OldW.113",nee'eetoxcecnibeenoo.,5,,,,
"OldW.114",Noh,1,,,,
"OldW.114",noosouneentoono'.,2,,,,
"OldW.115","tou3ei'{iin}iinono'eitino',",1,,,,
"OldW.115",he'inone'.,2,,,,
"OldW.116",Yih'oone'.,1,,,,
"OldW.117",Heeneti3e'.,1,,,,
"OldW.118",Noonottone',1,,,,
"OldW.118",heeneeyouhuu.,2,,,,
"OldW.119",Heetnei'towuuneinee,1,,,,
"OldW.119","heenei'isiihi',",2,,,,
"OldW.119","nihiitono,",3,,,,
"OldW.119",nono'einihiitono.,4,,,,
"OldW.120",Noonottone':,1,,,,
"OldW.121",Heetnei'towuuneinee,1,,,,
"OldW.121",heenei'isiihi'.,2,,,,
"OldW.122",Wonoo3ee',1,,,,
"OldW.122",nuhu',2,,,,
"OldW.122",nono'eitiit.,3,,,,
"OldW.123",Wonoo3ee'.,1,,,,
"OldW.124",'oh,1,,,,
"OldW.124",honouuneenoo'.,2,,,,
"OldW.125","Ni'iisiiteyeihek,",1,,,,
"OldW.125",heetni'wonootiseenoo'.,2,,,,
"OldW.126","He'iitnei'i,",1,,,,
"OldW.126","heetihneeninee,",2,,,,
"OldW.126",heetihneyei3eihoonee,3,,,,
"OldW.126",netei'yooniibinoo,4,,,,
"OldW.126","hinono'ei,",5,,,,
"OldW.126",tohciiP,6,,,,
"OldW.126","tohciinono'eiti3ee3i',",7,,,,
"OldW.126",tohciineyei3eihee3i'.,8,,,,
"OldW.127",Beexo'oo3ouyeiti3i'.,1,,,,
"OldW.128",Hi'in,1,,,,
"OldW.128",nenee'.,2,,,,
"OldW.129",Hi'in,1,,,,
"OldW.129",nenee'.,2,,,,
"OldW.130",Heetih'eeneti3ee3i',1,,,,
"OldW.130",nuhu',2,,,,
"OldW.130",tei'yoonoh'o'.,3,,,,
"OldW.131",Niicei'inou'u,1,,,,
"OldW.131",heesnihii3ee3i'.,2,,,,
"OldW.132",Niibi'noxootoohobei'ee3i'.,1,,,,
"OldW.133",Hi'in,1,,,,
"OldW.133",nenee'.,2,,,,
"OldW.134",Nuhu',1,,,,
"OldW.134","tei'yoonoh'o',",2,,,,
"OldW.134","neeneti3eihi3i',",3,,,,
"OldW.134",niini'3ookunihii3i'.,4,,,,
"OldW.135",Hi'in,1,,,,
"OldW.135","neenei[']hiicxooyeihi3i',",2,,,,
"OldW.135","nihi'neetoneihehkoni',",3,,,,
"OldW.135",heetni'e'inou'u.,4,,,,
"OldW.136",'oh,1,,,,
"OldW.136","tohciinono'eitino',",2,,,,
"OldW.136",howoo,3,,,,
"OldW.136",nuhu',4,,,,
"OldW.136","tei'yoonoh'o',",5,,,,
"OldW.136",heeneecxooyeiP,6,,,,
"OldW.136","heeneitei'yooniibi3i',",7,,,,
"OldW.136",hoowuunono'eitino'.,8,,,,
"OldW.137",Hi'in,1,,,,
"OldW.137",nenee'.,2,,,,
"OldW.138",Ne'nouse'.,1,,,,
"OldW.139",'oh,1,,,,
"OldW.139",niiheyoo,2,,,,
"OldW.139","beesneniteeno',",3,,,,
"OldW.139",hoowuunono'eitino'.,4,,,,
"OldW.140",Beneexo'oo3ouyeiti3oo3i',1,,,,
"OldW.140","hiniisiihehinoo,",2,,,,
"OldW.140",hitei'yooniibinoo.,3,,,,
"OldW.141",Hi'in,1,,,,
"OldW.141",nee'eetP,2,,,,
"OldW.141",wootii,3,,,,
"OldW.141",ne'towooxeihi'.,4,,,,
"OldW.142","Hoowuuni,",1,,,,
"OldW.142",hoowuneyei3eiheih,2,,,,
"OldW.142",nehe',3,,,,
"OldW.142",tei'yoonehe'.,4,,,,
"OldW.143",Hi'in,1,,,,
"OldW.143",nenee'.,2,,,,
"OldW.144",Nee'eesoo',1,,,,
"OldW.144",nuhu',2,,,,
"OldW.144",hinono'eitiit,3,,,,
"OldW.144",hiiwoonhehe'.,4,,,,
"OldW.145",Heihii,1,,,,
"OldW.145",heetbeeto'oo'.,2,,,,
"OldW.146",Beeteci'oo'.,1,,,,
"OldW.147",Nooxowuuni,1,,,,
"OldW.147",tootiseenoo',2,,,,
"OldW.147",heetnii'ceentou'.,3,,,,
"OldW.148","3ebiihootiseenoohok,",1,,,,
"OldW.148",henee'eehek,2,,,,
"OldW.148",heetniinono'eitit?,3,,,,
"OldW.149",Henee'eehek,1,,,,
"OldW.149",heetniinono'eitit?,2,,,,
"OldW.150",Nih'oo3oo,1,,,,
"OldW.150",woow,2,,,,
"OldW.150",cenihciiP,3,,,,
"OldW.150",ciiciiteit,4,,,,
"OldW.150",nuhu',5,,,,
"OldW.150",heeneetoono'.,6,,,,
"OldW.151",Neeyeitiit.,1,,,,
"OldW.152",Nenei'oohooto'.,1,,,,
"OldW.153","Wohoe'eetihciineenit,",1,,,,
"OldW.153",hetP,2,,,,
"OldW.153",hetniinihii,3,,,,
"OldW.153",nosouni'wonootiseenoo',4,,,,
"OldW.153",nuhu',5,,,,
"OldW.153",nono'eitiit.,6,,,,
"OldW.154",Heetneyeitiit.,1,,,,
"OldW.155",Hoowouuneenoon,1,,,,
"OldW.155",heesineyeitiit.,2,,,,
"OldW.156",Heetni'iisiiteno'.,1,,,,
