ref,word,num,dep,label,dep2,label2
"Owl.001",hee3oo3itootou'u,1,,,,
"Owl.001",nuhu',2,,,,
"Owl.001",bee3ei.,3,,,,
"Owl.002",hiinwo'wuuhu3i',1,,,,
"Owl.002",nuhu',2,,,,
"Owl.002",hineniteeno'.,3,,,,
"Owl.003",niitohP,1,,,,
"Owl.003","heetbohootiinoo3i,",2,,,,
"Owl.003",'oh,3,,,,
"Owl.003",niiseiht,4,,,,
"Owl.003",he'ih'iice'exootii.,5,,,,
"Owl.004",beexehciisiniihiihi',1,,,,
"Owl.004",he'ne'nih'iitootiit.,2,,,,
"Owl.005",he'ihniisneniin.,1,,,,
"Owl.006",hinee,1,,,,
"Owl.006",hoo3oo'o',2,,,,
"Owl.006",beneniiniini,3,,,,
"Owl.006",hootii3i'.,4,,,,
"Owl.007",wohei,1,,,,
"Owl.007",nehe',2,,,,
"Owl.007",he'ih'iiniisce'exootii,3,,,,
"Owl.007",ce'esiihi'.,4,,,,
"Owl.008",wohei,1,,,,
"Owl.008",nuhu',2,,,,
"Owl.008",biih'iyou'u,3,,,,
"Owl.008",'oh,4,,,,
"Owl.008",bee3ei,5,,,,
"Owl.008",he'ih'iicoocoo'u3ei'i.,6,,,,
"Owl.009",howoo,1,,,,
"Owl.009",nuhu',2,,,,
"Owl.009",he3ebii,3,,,,
"Owl.009",he'ih'iiP,4,,,,
"Owl.009",he'ih'iicihcoo'uhee,5,,,,
"Owl.009",nuhu',6,,,,
"Owl.009",he3ebii.,7,,,,
"Owl.010",hiit,1,,,,
"Owl.010",nih'iibeebee3i'.,2,,,,
"Owl.011",yiiyih'oowoo3i'.,1,,,,
"Owl.012",hoowoe'inoneeno',1,,,,
"Owl.012",nuhu',2,,,,
"Owl.012",tohneenini3,3,,,,
"Owl.012",bee3ei.,4,,,,
"Owl.013",wohei,1,,,,
"Owl.013",ceese',2,,,,
"Owl.013",kooxhe'ne'ce'wo'wuuhu3i';,3,,,,
"Owl.014",he'iitnei'i,1,,,,
"Owl.014",ne'ce'ootii3i'.,2,,,,
"Owl.015",niiniihi3i',1,,,,
"Owl.015","heenei'isiihi',",2,,,,
"Owl.015","hiinoo'ei3i',",3,,,,
"Owl.015",kooko'uyei3i',4,,,,
"Owl.015",heenei'isiihi'.,5,,,,
"Owl.016",'oh,1,,,,
"Owl.016",nuhu',2,,,,
"Owl.016",niiseiht,3,,,,
"Owl.016",he'ih'iice'exootii.,4,,,,
"Owl.017",he'ih'iice'exootii.,1,,,,
"Owl.018",kooxbiih'iyou'u,1,,,,
"Owl.018","he'ih'iiP,",2,,,,
"Owl.018",'oeii,3,,,,
"Owl.018",he3ebii,4,,,,
"Owl.018",nih'iiyih'oowoo3i'.,5,,,,
"Owl.019",non3enouuhu.,1,,,,
"Owl.020",wohei,1,,,,
"Owl.020",hoowoe'inoneeno',2,,,,
"Owl.020",nehe',3,,,,
"Owl.020",niiniisootiit.,4,,,,
"Owl.021",woo'wuuhuutooni'i,1,,,,
"Owl.021",'oh,2,,,,
"Owl.021",he'ih'iinii3wo'wuu.,3,,,,
"Owl.022",kooxci'he'ne'ce'wo'wuuhu3i'.,1,,,,
"Owl.023",nooxowuuni,1,,,,
"Owl.023",woo3eeni'i,2,,,,
"Owl.023",hito'uwooninoo.,3,,,,
"Owl.024",hini'iit,1,,,,
"Owl.024",biibinootno,2,,,,
"Owl.024",noh,3,,,,
"Owl.024","heeneixoo'usei'i[3i'i],",4,,,,
"Owl.024",noh,5,,,,
"Owl.024",heenei'isiihi'.,6,,,,
"Owl.025",he'ihneenouutowuu,1,,,,
"Owl.025",hinee;,2,,,,
"Owl.026",nii'ceciiniini',1,,,,
"Owl.026",heetni'bii3ihi3i'.,2,,,,
"Owl.027","nii'ceciiniini'ehk,",1,,,,
"Owl.027",ciino'o3ini'iinoo'ei3i';,2,,,,
"Owl.028",wo'ei3,1,,,,
"Owl.028","biibinootno,",2,,,,
"Owl.028","tohuuceeneibi'i,",3,,,,
"Owl.028",heenei'isiihi'.,4,,,,
"Owl.029",noh,1,,,,
"Owl.029",hootii3i';,2,,,,
"Owl.030",kooxne'wo'wuuhu3i'.,1,,,,
"Owl.031",he'ihce'ootii[no'].,1,,,,
"Owl.032",'oh,1,,,,
"Owl.032",nuhu',2,,,,
"Owl.032","niiseiht,",3,,,,
"Owl.032",he'ihce'esP.,4,,,,
"Owl.033","'oeii,",1,,,,
"Owl.033",'oh,2,,,,
"Owl.033",hiiwoonhehe',3,,,,
"Owl.033",he'ih'iinoh'uuseiyoo.,4,,,,
"Owl.034",biikousiis,1,,,,
"Owl.034",he'ihnoh'etee.,2,,,,
"Owl.035",hiit,1,,,,
"Owl.035",wootii,2,,,,
"Owl.035",wootii,3,,,,
"Owl.035",he'ih'iisiini.,4,,,,
"Owl.036",kooxnuhu',1,,,,
"Owl.036",he3ebii,2,,,,
"Owl.036",ne'yih'oowoo3i'.,3,,,,
"Owl.037",“wohei,1,,,,
"Owl.037","3iwoo,",2,,,,
"Owl.037",he'iisiini...”,3,,,,
"Owl.037",heehehk,4,,,,
"Owl.037",ceese',5,,,,
"Owl.037",hinen.,6,,,,
"Owl.038",“niibeexo'yih'oowoo3i',1,,,,
"Owl.038",nuhu',2,,,,
"Owl.038",he3ebii.,3,,,,
"Owl.039",heetneyeihe'inowoo.”,1,,,,
"Owl.040",ne'noehit.,1,,,,
"Owl.041",kokiy,1,,,,
"Owl.041","ne'iiteno',",2,,,,
"Owl.041",no'oehit.,3,,,,
"Owl.042",'oh,1,,,,
"Owl.042",hini'iit,2,,,,
"Owl.042",hohootin,3,,,,
"Owl.042",he'ihnoohobee,4,,,,
"Owl.042",bee3ein.,5,,,,
"Owl.043",he'ih3i'okun,1,,,,
"Owl.043",ho3es,2,,,,
"Owl.043",biikousiis.,3,,,,
"Owl.044","“yeh,",1,,,,
"Owl.044",hiiwo',2,,,,
"Owl.044","neneehek,",3,,,,
"Owl.044",hiiwo',4,,,,
"Owl.044",neneehek!”,5,,,,
"Owl.045",wo'ooto',1,,,,
"Owl.045",he'ihcesisih'o.,2,,,,
"Owl.046",he'ihcih'oowuh'ohukoo.,1,,,,
"Owl.047",nuhu',1,,,,
"Owl.047",he3ebii,2,,,,
"Owl.047",kooxne'yih'oowoo3i'.,3,,,,
"Owl.048",“hiiwo',1,,,,
"Owl.048",neene'eehek,2,,,,
"Owl.048",teeco'oncoo'uheino',3,,,,
"Owl.048",bee3ei!”,4,,,,
"Owl.049",kooxnee'ehco'ouu3ih'ohut.,1,,,,
"Owl.050",“wohei,1,,,,
"Owl.050",hiiwoonhehe',2,,,,
"Owl.050",heetniiP,3,,,,
"Owl.050",niicobo'.”,4,,,,
"Owl.051",heetniicoboot.,1,,,,
"Owl.052",sebeyihoot;,1,,,,
"Owl.053",nihi'kuutiit.,1,,,,
"Owl.054",cenisi',1,,,,
"Owl.054",hini',2,,,,
"Owl.054",bee3ei.,3,,,,
"Owl.055",“wohei,1,,,,
"Owl.055",hi3nohkuseic,2,,,,
"Owl.055",heetnehwoniini,3,,,,
"Owl.055",noti'ono'.”,4,,,,
"Owl.056","he'ih'iinoh'ookenin,",1,,,,
"Owl.056",ne'kohei'it.,2,,,,
"Owl.057",“huut,1,,,,
"Owl.057",nihcenoo'oho',2,,,,
"Owl.057",hini'iit,3,,,,
"Owl.057",bee3ei.,4,,,,
"Owl.058",nooxeihi',1,,,,
"Owl.058",neneenit,2,,,,
"Owl.058",niicoo'uhoot,3,,,,
"Owl.058",nuhu',4,,,,
"Owl.058",he3ebii.,5,,,,
"Owl.059",heetwonnehyoniho'.”,1,,,,
"Owl.060",sehno'useet.,1,,,,
"Owl.061",nenitee,1,,,,
"Owl.061",he'ih'einok.,2,,,,
"Owl.062","he'ihneen,",1,,,,
"Owl.062",hi'in,2,,,,
"Owl.062",nootiit,3,,,,
"Owl.062",ceee3i'.,4,,,,
"Owl.063",he'ihneenin,1,,,,
"Owl.063",bee3ei.,2,,,,
"Owl.064",noh,1,,,,
"Owl.064","hootiiP,",2,,,,
"Owl.064",nooxeihi',3,,,,
"Owl.064",nih'okoo3inoo'oot,4,,,,
"Owl.064","he'iitnei'i,",5,,,,
"Owl.064",nihii,6,,,,
"Owl.064",hinenteenit.,7,,,,
"Owl.065",wohei,1,,,,
"Owl.065",nuhu',2,,,,
"Owl.065","biih'iyou'u,",3,,,,
"Owl.065",'oh,4,,,,
"Owl.065",nih'iibee3einit.,5,,,,
"Owl.066",nih'iineenit,1,,,,
"Owl.066",bee3ei.,2,,,,
"Owl.067",neneenit,1,,,,
"Owl.067",nih'iicoo'uhoot.,2,,,,
"Owl.068",hi'in,1,,,,
"Owl.068","hei'neh'eit,",2,,,,
"Owl.068",'oh,3,,,,
"Owl.068",neneenit,4,,,,
"Owl.068",nihse'isi'.,5,,,,
"Owl.069",neneenit,1,,,,
"Owl.069",nih'iitse'isi',2,,,,
"Owl.069",hini'iit,3,,,,
"Owl.069",nih'iice'exootiit.,4,,,,
"Owl.070",noh,1,,,,
"Owl.070",nehe',2,,,,
"Owl.070",nih'iisiini,3,,,,
"Owl.070",nuhu';,4,,,,
"Owl.071",ne'nih'ii3oo3itee3i'.,1,,,,
"Owl.072",'oh,1,,,,
"Owl.072",hoowuuhu'...,2,,,,
"Owl.073",tohnenebeeniini,1,,,,
"Owl.073",nehe',2,,,,
"Owl.073",bee3ei.,3,,,,
"Owl.074",niibehiini,1,,,,
"Owl.074",nihii;,2,,,,
"Owl.075",neeneih'oowuuni,1,,,,
"Owl.075",nuhu',2,,,,
"Owl.075",biih'iyou'u;,3,,,,
"Owl.076",nehe',1,,,,
"Owl.076",bee3ei,2,,,,
"Owl.076",neneenit,3,,,,
"Owl.076",niiP,4,,,,
"Owl.076","neeneih'oowuuni,",5,,,,
"Owl.076",wootii,6,,,,
"Owl.076",ni'iinokotiit,7,,,,
"Owl.076",heenei'isiihi'.,8,,,,
"Owl.077","Neneenit,",1,,,,
"Owl.077",nohokoo3oo',2,,,,
"Owl.077",nuhu',3,,,,
"Owl.077",biih'iyou'u,4,,,,
"Owl.077",nenee'.,5,,,,
"Owl.078",'oh,1,,,,
"Owl.078",no3ne'nih'ii3oo3itee3i'.,2,,,,
"Owl.079",he'ihneen,1,,,,
"Owl.079",nehe',2,,,,
"Owl.079",nih'iice'exootiit;,3,,,,
"Owl.080",he'ihneen,1,,,,
"Owl.080",hi'in,2,,,,
"Owl.080",bee3ei.,3,,,,
"Owl.081",hi'in,1,,,,
"Owl.081","hei'cenoo'ohuhuht,",2,,,,
"Owl.081",'oh,3,,,,
"Owl.081",nooxeihi',4,,,,
"Owl.081",nihco'okooxunoo'oot;,5,,,,
"Owl.082",noh,1,,,,
"Owl.082",hinen,2,,,,
"Owl.082",he'ihse'is.,3,,,,
"Owl.083","ne'nih'ii3oo3itee3i',",1,,,,
"Owl.083",nih'oo3itoone3en.,2,,,,
