ref,word,num,dep,label,dep2,label2
"QuiD.001",hoowoe'in,1,,,,
"QuiD.001",toonheetniiswoteekoohut.,2,,,,
"QuiD.002",hoowbeetnoo'einowuune',1,,,,
"QuiD.002",nuhu',2,,,,
"QuiD.002",hoo3oo'o',3,,,,
"QuiD.002",hitei'yooniiwo,4,,,,
"QuiD.002",wo'ei3,5,,,,
"QuiD.002",hiniisiihoho.,6,,,,
"QuiD.003",hoowbeetnoo'einowuune'.,1,,,,
"QuiD.004",“hee,1,,,,
"QuiD.004",3iwoo,2,,,,
"QuiD.004","niisiini,”",3,,,,
"QuiD.004",heehehk.,4,,,,
"QuiD.005",“wohei,1,,,,
"QuiD.005",noonoko',2,,,,
"QuiD.005",heetniinihii,3,,,,
"QuiD.005",neyei3itoonoo,4,,,,
"QuiD.005",niiheniihi'.”,5,,,,
"QuiD.006",ne'nouuteesiseenoo,1,,,,
"QuiD.006",nototiibe'.,2,,,,
"QuiD.007",hoonii,1,,,,
"QuiD.007",heniixouuhunoo.,2,,,,
"QuiD.008",hohkonee,1,,,,
"QuiD.008",heniisteesiseenoo.,2,,,,
"QuiD.009",noh,1,,,,
"QuiD.009",“nii'iini”,2,,,,
"QuiD.009",hinit,3,,,,
"QuiD.009",ne'ehce3koohunoo.,4,,,,
"QuiD.010",3ebwoteeP,1,,,,
"QuiD.010",woteeP,2,,,,
"QuiD.010",woteihcehinoo,3,,,,
"QuiD.010",boone',4,,,,
"QuiD.010",hee3ebii[hi'].,5,,,,
"QuiD.011",wohei,1,,,,
"QuiD.011",hee3ebiP,2,,,,
"QuiD.011","heeyoweete3einobeenooni,",3,,,,
"QuiD.011",heetoh'iiP,4,,,,
"QuiD.011",tonoti'i,5,,,,
"QuiD.011",nuhu',6,,,,
"QuiD.011","boone',",7,,,,
"QuiD.011",'oh,8,,,,
"QuiD.011","nii'e'ee,",9,,,,
"QuiD.011","nih'ee3neeneesiini',",10,,,,
"QuiD.011",nooh'uhcehisinenooni,11,,,,
"QuiD.011",hinit.,12,,,,
"QuiD.012",hohkonee,1,,,,
"QuiD.012","sehwoteihcehinoo,",2,,,,
"QuiD.012",hinee,3,,,,
"QuiD.012",heetwo'oteeyoo',4,,,,
"QuiD.012",booo.,5,,,,
"QuiD.013",beexuuni,1,,,,
"QuiD.013",ni'iini.,2,,,,
"QuiD.014",hohkonee,1,,,,
"QuiD.014",3ebiisno'koohunoo.,2,,,,
"QuiD.015",noh,1,,,,
"QuiD.015",hunit,2,,,,
"QuiD.015","hee3e'eitee-',",3,,,,
"QuiD.015",niitoot,4,,,,
"QuiD.015",nehe',5,,,,
"QuiD.015","notoniheihii,",6,,,,
"QuiD.015",nee'eetoo'uhcehinoo.,7,,,,
"QuiD.016",'oh,1,,,,
"QuiD.016",niiP,2,,,,
"QuiD.016",niit3i'ookuu'u,3,,,,
"QuiD.016",hi'in,4,,,,
"QuiD.016","3i'ookuu3oono,",5,,,,
"QuiD.016",bei'ci3ei'i,6,,,,
"QuiD.016","niit3eiini'i,",7,,,,
"QuiD.016",toonheetniicisiini,8,,,,
"QuiD.016",hentoo[n].,9,,,,
"QuiD.017",ne'3eiikuutiinoo,1,,,,
"QuiD.017",bei'ci3ei'i.,2,,,,
"QuiD.018",hoonii,1,,,,
"QuiD.018",hehiixoowuseenoo.,2,,,,
"QuiD.019",hohkonee,1,,,,
"QuiD.019",hehiixoowuseenoo.,2,,,,
"QuiD.020",ne'cii3nonouseenoo,1,,,,
"QuiD.020",hini'iit,2,,,,
"QuiD.020",tecenoone'.,3,,,,
"QuiD.021",wohei,1,,,,
"QuiD.021",hi'in,2,,,,
"QuiD.021",teesciiyei'iitono,3,,,,
"QuiD.021",3ebnoh'uuhu',4,,,,
"QuiD.021",hee3ebciisnoh'oe'.,5,,,,
"QuiD.022",ne'eh3ebouuhu';,1,,,,
"QuiD.022",hoonii,2,,,,
"QuiD.022",ne'ehseh'ini.,3,,,,
"QuiD.023",hohkonee,1,,,,
"QuiD.023",seh'iisno'oxuuhetinoo;,2,,,,
"QuiD.024",huut,1,,,,
"QuiD.024",ne'ehciiteinoo.,2,,,,
"QuiD.025",“wohei,1,,,,
"QuiD.025","heneeyeihno'useen,”",2,,,,
"QuiD.025",hee3einoo,3,,,,
"QuiD.025",hi'in,4,,,,
"QuiD.025","nih'oo3ousei,",5,,,,
"QuiD.025",notoniheisei.,6,,,,
"QuiD.026",“wohei,1,,,,
"QuiD.026","hunit,",2,,,,
"QuiD.026",huut,3,,,,
"QuiD.026","xonou,",4,,,,
"QuiD.026","cihciitei,",5,,,,
"QuiD.026",heetnoohobein,6,,,,
"QuiD.026",notoniheihii.”,7,,,,
"QuiD.027",“nooxeihi',1,,,,
"QuiD.027",3eniikoto'oyonin.”,2,,,,
"QuiD.028","“hee,",1,,,,
"QuiD.028",3iikoto'oyoneihcehinoo.,2,,,,
"QuiD.029",wohei,1,,,,
"QuiD.029",nihnoonoh'enowoo,2,,,,
"QuiD.029","niiheyoti'i,",3,,,,
"QuiD.029",ne'3iikoto'oyoneihcehinoo.,4,,,,
"QuiD.030","“hee,",1,,,,
"QuiD.030",heetnotonihein.,2,,,,
"QuiD.030",heetniiP;,3,,,,
"QuiD.031",huut,1,,,,
"QuiD.031",cihciitei,2,,,,
"QuiD.031",hinit!,3,,,,
"QuiD.032",noko3iihi',1,,,,
"QuiD.032",niitP,2,,,,
"QuiD.032",nooxeihi',3,,,,
"QuiD.032","niiteesiisibi3i',",4,,,,
"QuiD.032","toonhiniinotonihooono,",5,,,,
"QuiD.032",kookokoh'ouhoot.,6,,,,
"QuiD.033",wohei,1,,,,
"QuiD.033",hiitoniihi',2,,,,
"QuiD.033",wootii,3,,,,
"QuiD.033",touyoono;,4,,,,
"QuiD.034",heh'ini,1,,,,
"QuiD.034",nooxeihi',2,,,,
"QuiD.034",nuhu',3,,,,
"QuiD.034",ce'iiteyeino,4,,,,
"QuiD.034",niitohciineni'i;,5,,,,
"QuiD.035",howoo,1,,,,
"QuiD.035","neih'oowoe'in,",2,,,,
"QuiD.035",'oh,3,,,,
"QuiD.035",honoot,4,,,,
"QuiD.035",nih'ei'towuuni3i'.,5,,,,
"QuiD.036","“neetehee3ei,”",1,,,,
"QuiD.036",hee3einoo,2,,,,
"QuiD.036",hi'in,3,,,,
"QuiD.036",nih'oo3ousei.,4,,,,
"QuiD.037",nihbi'nei'oohowo'.,1,,,,
"QuiD.038",“neetehee3ei!,1,,,,
"QuiD.039",neneeninoo,1,,,,
"QuiD.039",notoniheisei.,2,,,,
"QuiD.040",hoowkohtowuuni.”,1,,,,
"QuiD.041",konoo'ne'nehee3einoo.,1,,,,
"QuiD.042","nih'ee3nee3onceihinoo,",1,,,,
"QuiD.042",hece'eekuunoo,2,,,,
"QuiD.042",hinit.,3,,,,
"QuiD.043",“wohei,1,,,,
"QuiD.043",niiyou,2,,,,
"QuiD.043",nuhu',3,,,,
"QuiD.043",heetohni'i,4,,,,
"QuiD.043",wootii,5,,,,
"QuiD.043",touyoono.,6,,,,
"QuiD.044",nuhu',1,,,,
"QuiD.044",hece'iiteyeino,2,,,,
"QuiD.044",hiitonciinenoo!,3,,,,
"QuiD.045",cihce'ehbe'e3iisibin.”,1,,,,
"QuiD.046",nee'eeneestoonoo.,1,,,,
"QuiD.047",ne'cihciiteit,1,,,,
"QuiD.047",nehe',2,,,,
"QuiD.047",notoniheihii.,3,,,,
"QuiD.048",nih'eeneti3einoo.,1,,,,
"QuiD.049","“hee,",1,,,,
"QuiD.049",3iikono'oyoneihcehinoo.”,2,,,,
"QuiD.050",ne'P,1,,,,
"QuiD.050",“wohei,2,,,,
"QuiD.050",heetce'ini'kuu3e3en.”,3,,,,
"QuiD.051",heeti'i'iisehsei'oohowo',1,,,,
"QuiD.051",hi'in,2,,,,
"QuiD.051",siikoocei3ooxoho,3,,,,
"QuiD.051",ciiciito'unoot.,4,,,,
"QuiD.052",beexeeneihini3i.,1,,,,
"QuiD.053",wohei,1,,,,
"QuiD.053",hini'iit,2,,,,
"QuiD.053",xo'eyoo,3,,,,
"QuiD.053",ne'eebe3ko'ouno'.,4,,,,
"QuiD.054",wohei,1,,,,
"QuiD.054",nuhu',2,,,,
"QuiD.054",ne3itine',3,,,,
"QuiD.054",cih'eenei3eno'.,4,,,,
"QuiD.055",'eiyo',1,,,,
"QuiD.055",heesi3ecoonoo.,2,,,,
"QuiD.056",wohei,1,,,,
"QuiD.056",hiit,2,,,,
"QuiD.056",hei'iisiini,3,,,,
"QuiD.056",ne'cih'inowohoe'et,4,,,,
"QuiD.056",nuhu';,5,,,,
"QuiD.057",oooh,1,,,,
"QuiD.057",nih'ee3neeneesiini'.,2,,,,
"QuiD.058",toobih'inkuutoneinoo.,1,,,,
"QuiD.059",hinit,1,,,,
"QuiD.059",he'iitnei'i,2,,,,
"QuiD.059",ne'koxuuten,3,,,,
"QuiD.059",koseineekuutiit.,4,,,,
"QuiD.060",nihi'P,1,,,,
"QuiD.060",heetniini...,2,,,,
"QuiD.061",siine'beexnoxowunoo'oonoo.,1,,,,
"QuiD.062",nihii,1,,,,
"QuiD.062",hee,2,,,,
"QuiD.062",ne'niiwootii,3,,,,
"QuiD.062",hehbi'einokunoo,4,,,,
"QuiD.063",“wohei,1,,,,
"QuiD.063","kohei'i,”",2,,,,
"QuiD.063",hee3einoo.,3,,,,
"QuiD.064","hei'iisehce'koxceineenetohoe'et,",1,,,,
"QuiD.064",3i'ookuut.,2,,,,
"QuiD.065",“hotou3ouubeih?”,1,,,,
"QuiD.066","“hee,",1,,,,
"QuiD.066",woo'wuni'iini.”,2,,,,
"QuiD.067",“wohei,1,,,,
"QuiD.067",hiit,2,,,,
"QuiD.067",woxu'uu;,3,,,,
"QuiD.068",heetniini,1,,,,
"QuiD.068",biine3en.,2,,,,
"QuiD.069",heetniitenow;,1,,,,
"QuiD.070",beebeet,1,,,,
"QuiD.070",ciibehnohkuh'ebi,2,,,,
"QuiD.070",ciitee[hinec],3,,,,
"QuiD.070",wo'ei3,4,,,,
"QuiD.070",nih'oo3ounec;,5,,,,
"QuiD.071",heetniini,1,,,,
"QuiD.071",heetni'beexneini'ein[ein].,2,,,,
"QuiD.072",heetn-iiP,1,,,,
"QuiD.072",hetoonoyoohoot,2,,,,
"QuiD.072",nuhu',3,,,,
"QuiD.072",hee3e'eikoohun.”,4,,,,
"QuiD.073",noh,1,,,,
"QuiD.073","ce'ini'iini,",2,,,,
"QuiD.073",noh,3,,,,
"QuiD.073",ne'nih'iisP,4,,,,
"QuiD.073",ne'nih'iisce'ni'iheinoo,5,,,,
"QuiD.073",nehe',6,,,,
"QuiD.073",nih'oo3oo.,7,,,,
"QuiD.074",hee3eeniini,1,,,,
"QuiD.074",ci'hiikoot,2,,,,
"QuiD.074",ciinoo'onbeesooni'i,3,,,,
"QuiD.074",hi3ee3oo[no].,4,,,,
"QuiD.075",nee'eesise',1,,,,
"QuiD.075",nuhu',2,,,,
"QuiD.075",hoo3itoo.,3,,,,
