ref,word,num,dep,label,dep2,label2
"Rodeo.001",Nih'iiceecebiseenoo',1,,,,
"Rodeo.001",nuhu',2,,,,
"Rodeo.001",3oo3eenebetiit;,3,,,,
"Rodeo.002",Ciinonih'ii3ini,1,,,,
"Rodeo.002",ciinonih'ii3itonoono',2,,,,
"Rodeo.002",nuh'uuno,3,,,,
"Rodeo.002",beh'eihoho';,4,,,,
"Rodeo.003",nehe',1,,,,
"Rodeo.003",Joe,2,,,,
"Rodeo.003",Moss,3,,,,
"Rodeo.003",noh,4,,,,
"Rodeo.003",his,5,,,,
"Rodeo.003",wife,6,,,,
"Rodeo.003","Aleen,",7,,,,
"Rodeo.003",I,8,,,,
"Rodeo.003",said,9,,,,
"Rodeo.003",in,10,,,,
"Rodeo.003",there,11,,,,
"Rodeo.003",their,12,,,,
"Rodeo.003",names,13,,,,
"Rodeo.003",so,14,,,,
"Rodeo.003",you,15,,,,
"Rodeo.003",know,16,,,,
"Rodeo.003",what,17,,,,
"Rodeo.003",you're,18,,,,
"Rodeo.003",talking,19,,,,
"Rodeo.003",about.,20,,,,
"Rodeo.004",Noh,1,,,,
"Rodeo.004",ne'nih'iistootiini'.,2,,,,
"Rodeo.005",Hiit,1,,,,
"Rodeo.005",niistootiini',2,,,,
"Rodeo.005",just,3,,,,
"Rodeo.005",like,4,,,,
"Rodeo.005",a,5,,,,
"Rodeo.005",memorial,6,,,,
"Rodeo.005","day,",7,,,,
"Rodeo.005",you,8,,,,
"Rodeo.005",remember,9,,,,
"Rodeo.005","them,",10,,,,
"Rodeo.005",Here,11,,,,
"Rodeo.005",we,12,,,,
"Rodeo.005",do,13,,,,
"Rodeo.005","it,",14,,,,
"Rodeo.005",nih'ii3oo3eenebeihi3i',15,,,,
"Rodeo.005",nuhu',16,,,,
"Rodeo.005","hiniisooninoo,",17,,,,
"Rodeo.005","hiniisiihehinoo,",18,,,,
"Rodeo.005",hee3o'ouwu3i'.,19,,,,
"Rodeo.006",Nih3oo3eenebeihi3i',1,,,,
"Rodeo.006",nih'iihoo'eiseeni3i.,2,,,,
"Rodeo.007",Nee'ee3eenoo',1,,,,
"Rodeo.007",nuh'uuno,2,,,,
"Rodeo.007",neyeito'eet.,3,,,,
"Rodeo.008",Noh,1,,,,
"Rodeo.008",nihcihwoniini,2,,,,
"Rodeo.008",heenetit,3,,,,
"Rodeo.008",hini'iitiino,4,,,,
"Rodeo.008",nihii...,5,,,,
"Rodeo.009",Niino'oteineetit,1,,,,
"Rodeo.009",nihi'iitP,2,,,,
"Rodeo.009",Old,3,,,,
"Rodeo.009",Horn,4,,,,
"Rodeo.009","nee'eesih'it,",5,,,,
"Rodeo.009","Crow,",6,,,,
"Rodeo.010",neneenit,1,,,,
"Rodeo.010",nihcih'eenei'tobeet,2,,,,
"Rodeo.010",heetneeneisiini,3,,,,
"Rodeo.010",hi'in,4,,,,
"Rodeo.010",neyeito'eet.,5,,,,
"Rodeo.011",Niineyeito'eit,1,,,,
"Rodeo.011",neisie.,2,,,,
"Rodeo.012",Teebe,1,,,,
"Rodeo.012",ne'teexokut,2,,,,
"Rodeo.012",woxP,3,,,,
"Rodeo.012",'oh,4,,,,
"Rodeo.012",huni',5,,,,
"Rodeo.012",wookeciiP,6,,,,
"Rodeo.012",wookeciisoon.,7,,,,
"Rodeo.013",hiniisonoon,1,,,,
"Rodeo.013",tih'iiteexokuni3;,2,,,,
"Rodeo.014",'oh,1,,,,
"Rodeo.014",hoowoe'in,2,,,,
"Rodeo.014","nuhu',",3,,,,
"Rodeo.014",how3o'teexok.,4,,,,
"Rodeo.015",'oh,1,,,,
"Rodeo.015",teebe,2,,,,
"Rodeo.015",ne'teesiseet.,3,,,,
"Rodeo.016",Noh,1,,,,
"Rodeo.016",huu3e',2,,,,
"Rodeo.016",hini',3,,,,
"Rodeo.016",honoh'oehih'o',4,,,,
"Rodeo.016",nih'oyei3i'.,5,,,,
"Rodeo.017",Nenee3i',1,,,,
"Rodeo.017",nihbiibiinoono',2,,,,
"Rodeo.017",nuhu',3,,,,
"Rodeo.017","heeneeyoohuuho,",4,,,,
"Rodeo.018",noh,1,,,,
"Rodeo.018",neh'eeno,2,,,,
"Rodeo.018",nih'eenetit.,3,,,,
"Rodeo.019",Old,1,,,,
"Rodeo.019",Horn,2,,,,
"Rodeo.019",nihbiinoono',3,,,,
"Rodeo.019",nihii,4,,,,
"Rodeo.019",belt,5,,,,
"Rodeo.019",buckle,6,,,,
"Rodeo.019",in,7,,,,
"Rodeo.019",memory,8,,,,
"Rodeo.019",Old,9,,,,
"Rodeo.019",Horn,10,,,,
"Rodeo.019",we,11,,,,
"Rodeo.019",gave,12,,,,
"Rodeo.019",them,13,,,,
"Rodeo.019",well,14,,,,
"Rodeo.019",of,15,,,,
"Rodeo.019",Joe,16,,,,
"Rodeo.019",and,17,,,,
"Rodeo.019",Aleen,18,,,,
"Rodeo.019",Moss,19,,,,
"Rodeo.019","Memorial,",20,,,,
"Rodeo.019",in,21,,,,
"Rodeo.019","John,",22,,,,
"Rodeo.019",John,23,,,,
"Rodeo.019",Felix,24,,,,
"Rodeo.019",memory.,25,,,,
"Rodeo.020",That's,1,,,,
"Rodeo.020",what,2,,,,
"Rodeo.020",was,3,,,,
"Rodeo.020",on,4,,,,
"Rodeo.020",the,5,,,,
"Rodeo.020",buckle.,6,,,,
"Rodeo.021",Noh,1,,,,
"Rodeo.021",hinee,2,,,,
"Rodeo.021",hoo3oo'o',3,,,,
"Rodeo.021",honoh'oehih'o',4,,,,
"Rodeo.021","nihneyeineyeito'ei3i',",5,,,,
"Rodeo.022",'oh,1,,,,
"Rodeo.022",nihniiseiht,2,,,,
"Rodeo.022",nih'oyeit.,3,,,,
"Rodeo.023",What's,1,,,,
"Rodeo.023",his,2,,,,
"Rodeo.023","name,",3,,,,
"Rodeo.023",Ed?,4,,,,
"Rodeo.024",'oo,1,,,,
"Rodeo.024",Leroy,2,,,,
"Rodeo.024","Manzanares,",3,,,,
"Rodeo.024",nee'eesih'it.,4,,,,
"Rodeo.025",Ci'hee3ebiiniito'eiwoono'.,1,,,,
"Rodeo.026",Nih'oyeit.,1,,,,
"Rodeo.027",hi'in,1,,,,
"Rodeo.027",nihii,2,,,,
"Rodeo.027",ce'itoooneni3,3,,,,
"Rodeo.027",cihneyeito'onoot.,4,,,,
"Rodeo.028","Beesei3eni3,",1,,,,
"Rodeo.028",'oh,2,,,,
"Rodeo.028",hoowP,3,,,,
"Rodeo.028",hoowbeexookeih.,4,,,,
"Rodeo.029","Hookeciihiht,",1,,,,
"Rodeo.029",'oh,2,,,,
"Rodeo.029",nei'okut.,3,,,,
"Rodeo.030","Nei'okut,",1,,,,
"Rodeo.030",noh,2,,,,
"Rodeo.030",neneenit,3,,,,
"Rodeo.030",hi'in,4,,,,
"Rodeo.030",ceese',5,,,,
"Rodeo.030",neihbiinootiininoo:,6,,,,
"Rodeo.031",Heeneeyoohuuho,1,,,,
"Rodeo.031",hee3ei'sei'ini'i:,2,,,,
"Rodeo.032","To'soono,",1,,,,
"Rodeo.032",hi'in,2,,,,
"Rodeo.032",tootonouyooninoo,3,,,,
"Rodeo.032",nuh'uuno,4,,,,
"Rodeo.032",neyeito'eihiiho':,5,,,,
"Rodeo.032",nenee',6,,,,
"Rodeo.032",nih'iihe3ebxooni'.,7,,,,
"Rodeo.033",teco'oniini,1,,,,
"Rodeo.033",3i'okut;,2,,,,
"Rodeo.034",toyoohobee3i'.,1,,,,
"Rodeo.035",wonesooku'ooni';,1,,,,
"Rodeo.036",nih'owootooku'oono'.,1,,,,
"Rodeo.037",nih'iiwoo3ee3i',1,,,,
"Rodeo.037",nuhu',2,,,,
"Rodeo.037",ce'itooo'uu,3,,,,
"Rodeo.037","neyeito'oneihi3i',",4,,,,
"Rodeo.037",'oh,5,,,,
"Rodeo.037",nuhu',6,,,,
"Rodeo.037",woxhooxebii,7,,,,
"Rodeo.037",ci';,8,,,,
"Rodeo.038",'oh,1,,,,
"Rodeo.038",neenesisi'i,2,,,,
"Rodeo.038",nuh'uuno.,3,,,,
"Rodeo.039",hoowuu[ni],1,,,,
"Rodeo.039",hee3neeni'neyeito'eihiiho'.,2,,,,
"Rodeo.040",Nihneyei3too3i'.,1,,,,
"Rodeo.041",'oh,1,,,,
"Rodeo.041",nih'eenesisi'i;,2,,,,
"Rodeo.042",'oh,1,,,,
"Rodeo.042",hinee,2,,,,
"Rodeo.042",ciite'eikuu3eihiiho',3,,,,
"Rodeo.042",nihno'oteihi3i',4,,,,
"Rodeo.042",ci'.,5,,,,
"Rodeo.043",Hih'oowuuni,1,,,,
"Rodeo.043",heeneise'eikuu3eino'.,2,,,,
"Rodeo.044",ceebe'eihii3i',1,,,,
"Rodeo.044",honoh'oehiho'.,2,,,,
"Rodeo.045",Nooxeihi',1,,,,
"Rodeo.045",teebe,2,,,,
"Rodeo.045",nih'iiciineyeiciite'eikuu3eini3.,3,,,,
"Rodeo.046",nee'eeneesoo'.,1,,,,
"Rodeo.047",noh,1,,,,
"Rodeo.047",nuh'uuno,2,,,,
"Rodeo.047",niiP,3,,,,
"Rodeo.047",niibii3ihiitooni',4,,,,
"Rodeo.047",nii'otoonee3i'.,5,,,,
"Rodeo.048",nuhu',1,,,,
"Rodeo.048","concessions,",2,,,,
"Rodeo.048",hi'in,3,,,,
"Rodeo.048",nihii,4,,,,
"Rodeo.048","cebteenoc,",5,,,,
"Rodeo.048",nenee',6,,,,
"Rodeo.048",nih'ini.,7,,,,
"Rodeo.049",wo'ei3,1,,,,
"Rodeo.049",nuh'uuno,2,,,,
"Rodeo.049","niinii3o3ouse',",3,,,,
"Rodeo.049","nii3oe'ni',",4,,,,
"Rodeo.049",nenee',5,,,,
"Rodeo.049",nih'ini.,6,,,,
"Rodeo.050",wo'ei3,1,,,,
"Rodeo.050",hi'in,2,,,,
"Rodeo.050","niibeebeneetiini',",3,,,,
"Rodeo.050","niscih'ebiitono,",4,,,,
"Rodeo.050",nii'otoonee3i'.,5,,,,
"Rodeo.051","tihcesistoo3i',",1,,,,
"Rodeo.051",one,2,,,,
"Rodeo.051",year,3,,,,
"Rodeo.051","ago,",4,,,,
"Rodeo.051",hoowoe'in,5,,,,
"Rodeo.051",teebe,6,,,,
"Rodeo.051",ne'ce'P,7,,,,
"Rodeo.051",ne'ce'iini,8,,,,
"Rodeo.051",this,9,,,,
"Rodeo.051",year.,10,,,,
"Rodeo.052",'oh,1,,,,
"Rodeo.052","3i'cih'eeneistoonoo3i,",2,,,,
"Rodeo.052",wohoe'etni'iini.,3,,,,
"Rodeo.053",NiitP,1,,,,
"Rodeo.053",nee'eeneestoono',2,,,,
"Rodeo.054",wo'ei3,1,,,,
"Rodeo.054","he'etniisiini,",2,,,,
"Rodeo.054",hoowoe'in.,3,,,,
"Rodeo.055","'oh,",1,,,,
"Rodeo.055",noh,2,,,,
"Rodeo.055",niino'otouh'u',3,,,,
"Rodeo.055",heeneesiini.,4,,,,
"Rodeo.056","Biikoohehkoni',",1,,,,
"Rodeo.056",niistiihohkoni',2,,,,
"Rodeo.056","bei'ci3ei'i,",3,,,,
"Rodeo.056",heetni'iini.,4,,,,
"Rodeo.057",nuh'uuno,1,,,,
"Rodeo.057","wonooneihi3i',",2,,,,
"Rodeo.057",nehe',3,,,,
"Rodeo.057",Aleen,4,,,,
"Rodeo.057",and,5,,,,
"Rodeo.057","Joe,",6,,,,
"Rodeo.057",hi-toonehinoo,7,,,,
"Rodeo.057",nuhu',8,,,,
"Rodeo.057",hiniisiihehinoo,9,,,,
"Rodeo.057",noh,10,,,,
"Rodeo.057",nuhu',11,,,,
"Rodeo.057","neih'oho',",12,,,,
"Rodeo.057",'oh,13,,,,
"Rodeo.057",hunee,14,,,,
"Rodeo.057",hini'ibeih'inoo,15,,,,
"Rodeo.057",noh,16,,,,
"Rodeo.057","hibesiibeih'inoo,",17,,,,
"Rodeo.057","neneenini',",18,,,,
"Rodeo.057",nee'ee'ini,19,,,,
"Rodeo.057",3ebciitenou'u;,20,,,,
"Rodeo.058",hoowuu[ni],1,,,,
"Rodeo.058",hu'un;,2,,,,
"Rodeo.059",kookon,1,,,,
"Rodeo.059",n[e]ebe3eitohuut-ooni',2,,,,
"Rodeo.059",be'-hee3eb-noh'ohusee-t,3,,,,
"Rodeo.059",neh'eeno;,4,,,,
"Rodeo.060",nihii,1,,,,
"Rodeo.060",Uncle,2,,,,
"Rodeo.060","Joe,",3,,,,
"Rodeo.060","touhoonen,",4,,,,
"Rodeo.060",nee'eesih'it.,5,,,,
"Rodeo.061",neneenit,1,,,,
"Rodeo.061",nuhu',2,,,,
"Rodeo.061",nih'iistootiini',3,,,,
"Rodeo.061",hii3e'.,4,,,,
"Rodeo.062",Noh,1,,,,
"Rodeo.062",ce'iini,2,,,,
"Rodeo.062",nonouhti3i',3,,,,
"Rodeo.062",woxhooxebii,4,,,,
"Rodeo.062",hinit,5,,,,
"Rodeo.062",ci'.,6,,,,
"Rodeo.063",Teebe,1,,,,
"Rodeo.063",niineeneyei3too3i'.,2,,,,
"Rodeo.064",Neeneyeitee',1,,,,
"Rodeo.064",nuhu',2,,,,
"Rodeo.064",heetniini…,3,,,,
"Rodeo.064",heeneisneyeicebixotii3i'.,4,,,,
"Rodeo.065",'oh,1,,,,
"Rodeo.065",neh'eeno,2,,,,
"Rodeo.065",nih'iiciini.,3,,,,
"Rodeo.066",noh,1,,,,
"Rodeo.066","hiih'oho,",2,,,,
"Rodeo.066",nenee3i',3,,,,
"Rodeo.066",niinoonoo'einou'u.,4,,,,
"Rodeo.067",Nuhu',1,,,,
"Rodeo.067","Sterling,",2,,,,
"Rodeo.067",nee'eesih'it;,3,,,,
"Rodeo.068",horse,1,,,,
"Rodeo.068",thief,2,,,,
"Rodeo.068","ni'ii3o',",3,,,,
"Rodeo.068",that,4,,,,
"Rodeo.068",Junior,5,,,,
"Rodeo.068",Brown.,6,,,,
"Rodeo.069",ci'heeyou,1,,,,
"Rodeo.069","Ed,",2,,,,
"Rodeo.069",what,3,,,,
"Rodeo.069",else,4,,,,
"Rodeo.069",did,5,,,,
"Rodeo.069",I,6,,,,
"Rodeo.069",miss,7,,,,
"Rodeo.069",out?,8,,,,
"Rodeo.070",That's,1,,,,
"Rodeo.070",what,2,,,,
"Rodeo.070",I,3,,,,
"Rodeo.070",was,4,,,,
"Rodeo.070","saying,",5,,,,
"Rodeo.070",hi'in,6,,,,
"Rodeo.070","rodeo,",7,,,,
"Rodeo.070",they,8,,,,
"Rodeo.070",call,9,,,,
"Rodeo.070",it,10,,,,
"Rodeo.070",open,11,,,,
"Rodeo.070","rodeo,",12,,,,
"Rodeo.070",for,13,,,,
"Rodeo.070",them,14,,,,
"Rodeo.070","people,",15,,,,
"Rodeo.070",so,16,,,,
"Rodeo.070",anybody,17,,,,
"Rodeo.070",can,18,,,,
"Rodeo.070",come,19,,,,
"Rodeo.070",and,20,,,,
"Rodeo.070",enter,21,,,,
"Rodeo.070",there;,22,,,,
"Rodeo.071",ne'niisinihii3i'.,1,,,,
