ref,word,num,dep,label,dep2,label2
"SBGh.001",Strong,1,,,,
"SBGh.001","Bear,",2,,,,
"SBGh.001","hee,",3,,,,
"SBGh.001","3iwoo,",4,,,,
"SBGh.001","3iwoo,",5,,,,
"SBGh.001","nee'eeP,",6,,,,
"SBGh.001","heetkokoh'oeP,",7,,,,
"SBGh.001",heetbeenhehe'.,8,,,,
"SBGh.002",wohei,1,,,,
"SBGh.002",nuhu',2,,,,
"SBGh.002","hoo3itoo,",3,,,,
"SBGh.002",hinen,4,,,,
"SBGh.002","he'ih'iine'etii,",5,,,,
"SBGh.002","tei'ox,",6,,,,
"SBGh.002",ne'nih'iisih'it.,7,,,,
"SBGh.003",wohei,1,,,,
"SBGh.003",he'ihtei'eih.,2,,,,
"SBGh.004",wohei,1,,,,
"SBGh.004",hoo3itoo,2,,,,
"SBGh.004",hi'in,3,,,,
"SBGh.004",nih'iiP,4,,,,
"SBGh.004",teecxo',5,,,,
"SBGh.004",hinee,6,,,,
"SBGh.004","nenebiihi',",7,,,,
"SBGh.004",hinee,8,,,,
"SBGh.004",heetwo'teenP,9,,,,
"SBGh.004",he'ni'iiP,10,,,,
"SBGh.004",ni'iitou'u:,11,,,,
"SBGh.004",hinit,12,,,,
"SBGh.004",3ebwo'wuuhu'.,13,,,,
"SBGh.005",wohei,1,,,,
"SBGh.005",bii3oonoobe',2,,,,
"SBGh.005",hinit,3,,,,
"SBGh.005",he'iitnei'i.,4,,,,
"SBGh.006",he'ih'ootiino',1,,,,
"SBGh.006","nono'eino',",2,,,,
"SBGh.006",toyouniihi'.,3,,,,
"SBGh.007",wohei,1,,,,
"SBGh.007","heecisootii3i',",2,,,,
"SBGh.007",he'ih'eeneinoo'eino'.,3,,,,
"SBGh.008",he'ih'iinoonotiiheeno',1,,,,
"SBGh.008","hiwoxuuhuu,",2,,,,
"SBGh.008","bih'ihii,",3,,,,
"SBGh.008",heenei'isiihi'.,4,,,,
"SBGh.009",wohei,1,,,,
"SBGh.009",howoo,2,,,,
"SBGh.009",nooxeihi',3,,,,
"SBGh.009",nih'iikooko'uyei3i',4,,,,
"SBGh.009","biino,",5,,,,
"SBGh.009",[hi]teec,6,,,,
"SBGh.009",ce'eseihi3i',7,,,,
"SBGh.009",biibinootno.,8,,,,
"SBGh.010",wohei,1,,,,
"SBGh.010","heecisootii3i',",2,,,,
"SBGh.010",he'ne'koxuuteniini,3,,,,
"SBGh.010",nihii,4,,,,
"SBGh.010",woowoxuusoo.,5,,,,
"SBGh.011",wohei,1,,,,
"SBGh.011",ne'nii'iini,2,,,,
"SBGh.011","noono'oute',",3,,,,
"SBGh.011",he'ihbeec.,4,,,,
"SBGh.012",he'ihno'oteec.,1,,,,
"SBGh.013",he'iitoxuuus,1,,,,
"SBGh.013",he'ihbeec,2,,,,
"SBGh.013",hinee,3,,,,
"SBGh.013","heetoo3i',",4,,,,
"SBGh.013",heetoh'ootii3i',5,,,,
"SBGh.013",hoh'eni'.,6,,,,
"SBGh.014",wohei,1,,,,
"SBGh.014",hiikoot,2,,,,
"SBGh.014",nooxeihi',3,,,,
"SBGh.014",hoowuno'o3iini,4,,,,
"SBGh.014",hibii3hiininoo;,5,,,,
"SBGh.015",beebeet,1,,,,
"SBGh.015",hini'iit,2,,,,
"SBGh.015",kooko'uyei3i'.,3,,,,
"SBGh.015",hoowuno'o3iini,4,,,,
"SBGh.015","nihii,",5,,,,
"SBGh.015",neeneh'eihiinou'u;,6,,,,
"SBGh.015",heecet,7,,,,
"SBGh.015",noonotoowoo3i'.,8,,,,
"SBGh.016",wohei,1,,,,
"SBGh.016",hoonii,2,,,,
"SBGh.016",ceniineeci'.,3,,,,
"SBGh.017",he'ihbi'biibisi'eiteeno,1,,,,
"SBGh.017",nuhu',2,,,,
"SBGh.017",niiinono.,3,,,,
"SBGh.018",he'nii3ei'neetebineeci'.,1,,,,
"SBGh.019",hoowuuni,1,,,,
"SBGh.019","hoowuno'o3oubee,",2,,,,
"SBGh.019","hoowno'o3bii3ihino',",3,,,,
"SBGh.019",tohciino'o3ibii3ihiini3i'.,4,,,,
"SBGh.020",hoowuuni,1,,,,
"SBGh.020",hoowuni'eeniino';,2,,,,
"SBGh.021",hinee,1,,,,
"SBGh.021",hoowuni'wo'wuuhuno'.,2,,,,
"SBGh.022",nei'i'i'otou3enee3i'.,1,,,,
"SBGh.023",wohei,1,,,,
"SBGh.023",nehe',2,,,,
"SBGh.023",tei'ox,3,,,,
"SBGh.023",he'ih'iii.,4,,,,
"SBGh.024",“wohei,1,,,,
"SBGh.024","heetniini,",2,,,,
"SBGh.024",hiwoxuu,3,,,,
"SBGh.024",heetnotiihou'u.,4,,,,
"SBGh.025",cihceesitoni',1,,,,
"SBGh.025","seenook,",2,,,,
"SBGh.025",heenei'isiihi'.,3,,,,
"SBGh.026","heetniibenoo,",1,,,,
"SBGh.026",heetniini.,2,,,,
"SBGh.027",howoo,1,,,,
"SBGh.027",neetni'no'o'uuhuut,2,,,,
"SBGh.027",heenei'isiihi'.,3,,,,
"SBGh.028",he'iitnei'i,1,,,,
"SBGh.028",neebeh'etein.,2,,,,
"SBGh.029",heetnotiihou'u,1,,,,
"SBGh.029",'oh,2,,,,
"SBGh.029","hiwoxuu,",3,,,,
"SBGh.029",wo'ei3,4,,,,
"SBGh.029",toonheeseihi3i,5,,,,
"SBGh.029",cese'eihii.,6,,,,
"SBGh.030",neebehbii'iihoono'.”,1,,,,
"SBGh.031",ne'eeneise'enou'uheit:,1,,,,
"SBGh.031",houwo,2,,,,
"SBGh.031",heenei'isiihi',3,,,,
"SBGh.031",seenookuu,4,,,,
"SBGh.031",ni'eenP.,5,,,,
"SBGh.032",(teecxo',1,,,,
"SBGh.032",nuhu',2,,,,
"SBGh.032",seenookuu,3,,,,
"SBGh.032",nih'iibi'nii3ootee'eeni3i',4,,,,
"SBGh.032",notoyeicii.),5,,,,
"SBGh.033",wohei,1,,,,
"SBGh.033",nee'ehnoh'ouuhut.,2,,,,
"SBGh.034",he'ihbi'kohkno'oe,1,,,,
"SBGh.034",hihcebe',2,,,,
"SBGh.034",nuhu',3,,,,
"SBGh.034","niiinono,",4,,,,
"SBGh.034",heetohP,5,,,,
"SBGh.034",heetniitni'P,6,,,,
"SBGh.034","3o3ouuniini,",7,,,,
"SBGh.034",3ebiitnouuP,8,,,,
"SBGh.034",nouutokuseet.,9,,,,
"SBGh.035",he'ihtesbe3o'ok,1,,,,
"SBGh.035",nehe',2,,,,
"SBGh.035",hiii.,3,,,,
"SBGh.036",he'ihteescebisee.,1,,,,
"SBGh.037",wohei,1,,,,
"SBGh.037",hinit,2,,,,
"SBGh.037",wo'wuuhu',3,,,,
"SBGh.037",heetohniiiniP,4,,,,
"SBGh.037",3oo3o3ouutei'iiniini.,5,,,,
"SBGh.038",hoowu'uno'o3einok.,1,,,,
"SBGh.039",hi'iihi',1,,,,
"SBGh.039",nooxeihi',2,,,,
"SBGh.039",woti'eesi';,3,,,,
"SBGh.040",noh,1,,,,
"SBGh.040",nee'eetoh3ii3i'ookuu3i',2,,,,
"SBGh.040",nuhu',3,,,,
"SBGh.040","woxhooxebii,",4,,,,
"SBGh.040",hitonih'inoo.,5,,,,
"SBGh.041",ne'eeneite'einooxobeit,1,,,,
"SBGh.041",hiteexokuuton.,2,,,,
"SBGh.042",wohei,1,,,,
"SBGh.042","hoo3oo'o',",2,,,,
"SBGh.042",heet-ni'iini,3,,,,
"SBGh.042","biino3oonoot,",4,,,,
"SBGh.042",heebeh['ih]neh'ehei.,5,,,,
"SBGh.043",wohei,1,,,,
"SBGh.043",ne'ehcesisiikoheit,2,,,,
"SBGh.043","3ebnenebiihi',",3,,,,
"SBGh.043",hinee,4,,,,
"SBGh.043",heetneh3ii3i'e'eiite',5,,,,
"SBGh.043",ni'iitou'u.,6,,,,
"SBGh.044",nih'iiniisei'i.,1,,,,
"SBGh.045",hiiwoonhehe',1,,,,
"SBGh.045",wohei,2,,,,
"SBGh.045",beni'niiseti'.,3,,,,
"SBGh.046",hee,1,,,,
"SBGh.046",huut,2,,,,
"SBGh.046",he'iicxooyeiniihi',3,,,,
"SBGh.046",niiseti',4,,,,
"SBGh.046",he'ih3o'unoo'oo,5,,,,
"SBGh.046",3ebiihi'.,6,,,,
"SBGh.047",wohei,1,,,,
"SBGh.047",hinit,2,,,,
"SBGh.047","noo'oeniihi',",3,,,,
"SBGh.047",hinit,4,,,,
"SBGh.047",he'ih3ii3i'ookuuno',5,,,,
"SBGh.047",nuhu',6,,,,
"SBGh.047",hiwoxuu[huu].,7,,,,
"SBGh.048",wohei,1,,,,
"SBGh.048","ne'yeihonoot,",2,,,,
"SBGh.048",he'ih'etebee.,3,,,,
"SBGh.049",wohei,1,,,,
"SBGh.049",nuhu',2,,,,
"SBGh.049","toh'etowoot,",3,,,,
"SBGh.049",he'ihbistoo'uhcehinino.,4,,,,
"SBGh.050",ne'koo'oeniini,1,,,,
"SBGh.050",coocoboot.,2,,,,
"SBGh.051",wohei,1,,,,
"SBGh.051",he'ihneeneh'ehei.,2,,,,
"SBGh.052",wohei,1,,,,
"SBGh.052",heetniini,2,,,,
"SBGh.052",ceeceni3ee,3,,,,
"SBGh.052",heeneisko'osi'i.,4,,,,
"SBGh.053",ne'biino3oonoot,1,,,,
"SBGh.053",hi'in,2,,,,
"SBGh.053",hiwoxhooxebii.,3,,,,
"SBGh.054",wohei,1,,,,
"SBGh.054",hinit,2,,,,
"SBGh.054",he'iitnei'i,3,,,,
"SBGh.054","he'ihbeextonot,",4,,,,
"SBGh.054",hoxtoono'uu.,5,,,,
"SBGh.055",he'ne'iini,1,,,,
"SBGh.055",nee'eetne'P,2,,,,
"SBGh.055",heteinit.,3,,,,
"SBGh.056",wohei,1,,,,
"SBGh.056",hei'iisiini,2,,,,
"SBGh.056",nihii,3,,,,
"SBGh.056",ceece3eenowoot.,4,,,,
"SBGh.057",he'ihtoyo3oo;,1,,,,
"SBGh.058",he'ihwoowottonouh.,1,,,,
"SBGh.059",wohei,1,,,,
"SBGh.059","heetniitse'isi',",2,,,,
"SBGh.059","heetniitno'yoohut,",3,,,,
"SBGh.059",he'ne'nih'iitheebeteeP,4,,,,
"SBGh.059",heebete3eenowoot.,5,,,,
"SBGh.060",wohei,1,,,,
"SBGh.060",he'iicxooyeiniihi',2,,,,
"SBGh.060",hinit,3,,,,
"SBGh.060",heebe3ibes,4,,,,
"SBGh.060",he'ih'einok;,5,,,,
"SBGh.061",ne'nih'iitees3i'okut.,1,,,,
"SBGh.062",wohei,1,,,,
"SBGh.062",nuhu',2,,,,
"SBGh.062",hei'konowunootee',3,,,,
"SBGh.062",nuhu',4,,,,
"SBGh.062","heetohwottonouhut,",5,,,,
"SBGh.062",wohei,6,,,,
"SBGh.062",nuhu',7,,,,
"SBGh.062",niinen,8,,,,
"SBGh.062","ne'P,",9,,,,
"SBGh.062",he'ih'ini...,10,,,,
"SBGh.062",he'ih'iibii3woo,11,,,,
"SBGh.062",hoseino'.,12,,,,
"SBGh.063",wohei,1,,,,
"SBGh.063",niinen,2,,,,
"SBGh.063",nih'iikotoyuse';,3,,,,
"SBGh.064",nih'iiP,1,,,,
"SBGh.064",wonot,2,,,,
"SBGh.064",nihii,3,,,,
"SBGh.064",niinooxoo,4,,,,
"SBGh.064",ni'iitou'u,5,,,,
"SBGh.064",heethi'kotoyuse'.,6,,,,
"SBGh.065",he'ihneenin,1,,,,
"SBGh.065",he'ih'iite'cxohu'.,2,,,,
"SBGh.066",wohei,1,,,,
"SBGh.066",ne'koxuuteeniini,2,,,,
"SBGh.066",niitonoot,3,,,,
"SBGh.066",he'ihceitetouuseen,4,,,,
"SBGh.066",hineniteen.,5,,,,
"SBGh.067",“hiitootoyo3oo'.,1,,,,
"SBGh.068",wohei,1,,,,
"SBGh.068","heihihii,",2,,,,
"SBGh.068",wohei,3,,,,
"SBGh.068",heihihii.,4,,,,
"SBGh.069",tooyo3oo';,1,,,,
"SBGh.069",heihihii.”,2,,,,
"SBGh.070","he'ihcihno'useen,",1,,,,
"SBGh.070",'oh,2,,,,
"SBGh.070",3iik,3,,,,
"SBGh.070",he'ihneenin.,4,,,,
"SBGh.071",''wohei,1,,,,
"SBGh.071","be,",2,,,,
"SBGh.071",heneeyeihno'useen.,3,,,,
"SBGh.072",ceenoku,1,,,,
"SBGh.072",hiit.,2,,,,
"SBGh.073",niiyou,1,,,,
"SBGh.073",nuhu',2,,,,
"SBGh.073",heebe3ibes,3,,,,
"SBGh.073",heeteinokut.,4,,,,
"SBGh.074",ceenoku!,1,,,,
"SBGh.075",heetbii3ihino'!,1,,,,
"SBGh.076",huut,1,,,,
"SBGh.076",noosouniini,2,,,,
"SBGh.076",bii3woohunoo.,3,,,,
"SBGh.077",heetbii3ihino'.”,1,,,,
"SBGh.078","heeyowo'owoku3i,",1,,,,
"SBGh.078",'oh,2,,,,
"SBGh.078",he'ihtokohube'.,3,,,,
"SBGh.079","“wohei,”",1,,,,
"SBGh.079",hee3eihok,2,,,,
"SBGh.079",“wo'oe3eiho'!”,3,,,,
"SBGh.080",he'ihtokohube'.,1,,,,
"SBGh.081",heniiseit.,1,,,,
"SBGh.082",'oh,1,,,,
"SBGh.082","hoowuuni,",2,,,,
"SBGh.082",hoowuusee;,3,,,,
"SBGh.083",heeniini,1,,,,
"SBGh.083",nuhu',2,,,,
"SBGh.083","woo'owoku3i,",3,,,,
"SBGh.083","he'ihwo'owoku3i,",4,,,,
"SBGh.083",he'ihtokohube'.,5,,,,
"SBGh.084",hei'noxowuuni,1,,,,
"SBGh.084","[ceiti]see3i',",2,,,,
"SBGh.084",heetP,3,,,,
"SBGh.084","hitesitee,",4,,,,
"SBGh.084",nuhu',5,,,,
"SBGh.084","niinen,",6,,,,
"SBGh.084",niicii,7,,,,
"SBGh.084",ne'koxuutenihoot.,8,,,,
"SBGh.085",he'ih'iinii'eikuu3ee,1,,,,
"SBGh.085",hi'in,2,,,,
"SBGh.085",niinen.,3,,,,
"SBGh.086",he'ih3owo3ihce,1,,,,
"SBGh.086",nehe',2,,,,
"SBGh.086",3iik.,3,,,,
"SBGh.087",he'ih3ebiiceno'oo.,1,,,,
"SBGh.088",“neeh'einoo!,1,,,,
"SBGh.089",neeh'einoo!”,1,,,,
"SBGh.090","he'ih'iiP,",1,,,,
"SBGh.090",hinit,2,,,,
"SBGh.090","3ebiicisiihi',",3,,,,
"SBGh.090",ne'ehP,4,,,,
"SBGh.090",nooxeihi',5,,,,
"SBGh.090",nih'e3eb3owounoo'oot.,6,,,,
"SBGh.091",he'ihwoteinoxonous.,1,,,,
"SBGh.092",'oh,1,,,,
"SBGh.092",ne'P,2,,,,
"SBGh.092",tei'ox,3,,,,
"SBGh.092",he'ihnoxowneeteinebet.,4,,,,
"SBGh.093",hooxoohetit.,1,,,,
"SBGh.094",hooxoo3oot,1,,,,
"SBGh.094",hini'iit,2,,,,
"SBGh.094",3iikon,3,,,,
"SBGh.094",nihii,4,,,,
"SBGh.094",hee3ebiini,5,,,,
"SBGh.094",3o'unoo'ooni3.,6,,,,
"SBGh.095",wohei,1,,,,
"SBGh.095",hinit,2,,,,
"SBGh.095",he'iitnei'i,3,,,,
"SBGh.095",ho3es,4,,,,
"SBGh.095",he'ihwoteinoxonous.,5,,,,
"SBGh.096",wohei,1,,,,
"SBGh.096","ne'iini,",2,,,,
"SBGh.096",nuhu',3,,,,
"SBGh.096","nih'iitwottonouhut,",4,,,,
"SBGh.096",ne'wo'woo'oho',5,,,,
"SBGh.096",hini'iit,6,,,,
"SBGh.096",hesitee.,7,,,,
"SBGh.097",he'ihwoowo'woo'oh,1,,,,
"SBGh.097",hini'iit,2,,,,
"SBGh.097","hesitee,",3,,,,
"SBGh.097",ne'hii3itonookoo3.,4,,,,
"SBGh.098",he'ihbeextoo3iihi',1,,,,
"SBGh.098",nookoox.,2,,,,
"SBGh.099",he'ne'ii3itonco'ooyeitiit,1,,,,
"SBGh.099","bexo,",2,,,,
"SBGh.099",he'ihkoxo'nooteen.,3,,,,
"SBGh.100",wohei,1,,,,
"SBGh.100",ne'teesino'yoohut,2,,,,
"SBGh.100",nuhu',3,,,,
"SBGh.100",heetesco'o'wuuteeni'.,4,,,,
"SBGh.101",he'ne'iisibit.,1,,,,
"SBGh.102",kokoh'eeneeto',1,,,,
"SBGh.102",hitoseinouwo.,2,,,,
"SBGh.103",ciinoo'onkoh'eineh'eheit.,1,,,,
"SBGh.104",“hee,1,,,,
"SBGh.104","neito'eino',",2,,,,
"SBGh.104",heetnoowohbii3ihi3i'”,3,,,,
"SBGh.104",heeneisi3ecoot.,4,,,,
"SBGh.105",“ciini'wo'wuuhu3i',1,,,,
"SBGh.105",heenoo,2,,,,
"SBGh.105",nooxeihi',3,,,,
"SBGh.105",toonhei'ceeniini,4,,,,
"SBGh.105",nuhu',5,,,,
"SBGh.105",hiii;,6,,,,
"SBGh.106",noh,1,,,,
"SBGh.106","heetne'[n]iiswo'owuxooni',”",2,,,,
"SBGh.106",heeneisi3ecoot.,3,,,,
"SBGh.107",“noh,1,,,,
"SBGh.107",hee'inonou'u,2,,,,
"SBGh.107",heetoo3i'.,3,,,,
"SBGh.108",hiiwoonhehe',1,,,,
"SBGh.108",nuhu',2,,,,
"SBGh.108","hiwoxuu,",3,,,,
"SBGh.108",heetniicihwonii3itonneeneh'ei'i.,4,,,,
"SBGh.109",howoo,1,,,,
"SBGh.109",neebehcihnii3oonei'i.,2,,,,
"SBGh.110",hoo3oo'o',1,,,,
"SBGh.110",heetwo'owuuni,2,,,,
"SBGh.110",hii3itonnoonoo'oohooni'.”,3,,,,
"SBGh.111",wohei,1,,,,
"SBGh.111","ne'iisibit,",2,,,,
"SBGh.111",he'ihtesiisiinis.,3,,,,
"SBGh.112",ne'nokohut.,1,,,,
"SBGh.113",wohei,1,,,,
"SBGh.113","hei'nookenP,",2,,,,
"SBGh.113","tohnookenini',",3,,,,
"SBGh.113",howoto'oo.,4,,,,
"SBGh.114",he'ih'eenei[n]woowo'woo'oh,1,,,,
"SBGh.114",nuhu',2,,,,
"SBGh.114","hisitee,",3,,,,
"SBGh.114",ne'ii3itonwottoneet.,4,,,,
"SBGh.115","ne'ce'kohooxoeni',",1,,,,
"SBGh.115",ne'bii3woohut,2,,,,
"SBGh.115","hoseino',",3,,,,
"SBGh.115",koo'oeniihi'.,4,,,,
"SBGh.116",wohei,1,,,,
"SBGh.116",ne'ehnotiihoot,2,,,,
"SBGh.116",hini',3,,,,
"SBGh.116",nih'iitohwoteinoxonousineni3,4,,,,
"SBGh.116",hi'in,5,,,,
"SBGh.116",3iikon.,6,,,,
"SBGh.117",hoowuuni.,1,,,,
"SBGh.118",“hiiwo',1,,,,
"SBGh.118","ce'ce3ei'oohok,”",2,,,,
"SBGh.118",heesi3ecoohok.,3,,,,
"SBGh.119",he'ne'cihce'iseet;,1,,,,
"SBGh.120",'oh,1,,,,
"SBGh.120",hunit,2,,,,
"SBGh.120","nih'iitnokohut,",3,,,,
"SBGh.120",co'ooyei3i'i,4,,,,
"SBGh.120",hoh'onookeeno',5,,,,
"SBGh.120",hinit.,6,,,,
"SBGh.121",kox3iihi',1,,,,
"SBGh.121",ne'ehneenei'ooku'oot;,2,,,,
"SBGh.122",'oh,1,,,,
"SBGh.122",heeneeteinootei'i,2,,,,
"SBGh.122",nuhu',3,,,,
"SBGh.122",hixono;,4,,,,
"SBGh.123",3iikonookuhu'ee,1,,,,
"SBGh.123",he'ihnosouniini.,2,,,,
"SBGh.124",niisine[n],1,,,,
"SBGh.124",hini'iit,2,,,,
"SBGh.124",niinen.,3,,,,
"SBGh.125",“wohei,1,,,,
"SBGh.125",heetce3ixotiinoo,2,,,,
"SBGh.125",nuhu',3,,,,
"SBGh.125","3iikonookuhu'ee,",4,,,,
"SBGh.125",tohuuceenei3oowotou'u.,5,,,,
"SBGh.126",neebehcii3oowotonei'i,1,,,,
"SBGh.126",hini',2,,,,
"SBGh.126","hoo3itoonoohkoni',”",3,,,,
"SBGh.126",heehehk.,4,,,,
"SBGh.127",hiniisiyoo3oone',1,,,,
"SBGh.127",ne'3eiino'.,2,,,,
"SBGh.128",nee'ehwoowoti'eyei'i,1,,,,
"SBGh.128",hinit.,2,,,,
"SBGh.129",hoonootonee[n],1,,,,
"SBGh.129",nih'iite3eenowoot.,2,,,,
"SBGh.130",wohei,1,,,,
"SBGh.130",ne'cesisiikohe'.,2,,,,
"SBGh.131",honookooteit.,1,,,,
"SBGh.132",wohei,1,,,,
"SBGh.132",ne'nih'iisehno'ookeit.,2,,,,
"SBGh.133",te3eiciihi',1,,,,
"SBGh.133",he'ihbiibiinee,2,,,,
"SBGh.133",hoseinou'u.,3,,,,
"SBGh.134",co'oowohbii3ihi3i'.,1,,,,
"SBGh.135",“hee'inowoo,1,,,,
"SBGh.135",heetoo3i',2,,,,
"SBGh.135",hiwoxuuhuu.,3,,,,
"SBGh.136",toonhei'P,1,,,,
"SBGh.136","hiiwoonhehe',",2,,,,
"SBGh.136",heetinii3ooni3i'.,3,,,,
"SBGh.137",heetwonii3itonnoo'oohooni'.,1,,,,
"SBGh.138",toonhei'iini,1,,,,
"SBGh.138",ni'P,2,,,,
"SBGh.138","wo'owuuhuni'ohk,",3,,,,
"SBGh.138",heetniiP,4,,,,
"SBGh.138",heetwo'wuuhuno'.”,5,,,,
"SBGh.139",noh,1,,,,
"SBGh.139","hiiwoonhehe',",2,,,,
"SBGh.139",heetniiP,3,,,,
"SBGh.139",hononootou'u,4,,,,
"SBGh.139",niiinono.,5,,,,
"SBGh.140",'oh,1,,,,
"SBGh.140",nee'ei'i'oo3itoonoot,2,,,,
"SBGh.140",nih'iisnoohowoot,3,,,,
"SBGh.140",nuhu',4,,,,
"SBGh.140","3iikon,",5,,,,
"SBGh.140",wohei,6,,,,
"SBGh.140",hi'in,7,,,,
"SBGh.140",niiceenei3oowotou'u.,8,,,,
"SBGh.141","“nihi'iinoo,",1,,,,
"SBGh.141",nihcihniiwoh'unowoo.,2,,,,
"SBGh.142",huni'iit,1,,,,
"SBGh.142",3iikonookuhu'ee,2,,,,
"SBGh.142",noosouniisise',3,,,,
"SBGh.142",niinen,4,,,,
"SBGh.142",hi'nii'eikuu3o'.,5,,,,
"SBGh.143","ne'eeteno',",1,,,,
"SBGh.143",ne'iixoohoo3ihoot.,2,,,,
"SBGh.144",wohei,1,,,,
"SBGh.144",nih'iisiini,2,,,,
"SBGh.144",hi3oowotoneihok.,3,,,,
"SBGh.145",noh,1,,,,
"SBGh.145",nihno'oteihehk,2,,,,
"SBGh.145",hinee,3,,,,
"SBGh.145",tei'ox.,4,,,,
"SBGh.146",tei'eiht.,1,,,,
"SBGh.147",noh,1,,,,
"SBGh.147",ne'nih'iisiini,2,,,,
"SBGh.147",nihii...,3,,,,
"SBGh.147",hiixowootou'u,4,,,,
"SBGh.147",nuhu',5,,,,
"SBGh.147",hesnoot.,6,,,,
"SBGh.148",neneenit,1,,,,
"SBGh.148",nihi'neeneh'eheit.,2,,,,
"SBGh.149",noh,1,,,,
"SBGh.149",nee'ei'ise',2,,,,
"SBGh.149",nuhu',3,,,,
"SBGh.149",hoo3itoo.,4,,,,
"SBGh.150",wohei.,1,,,,
