ref,word,num,dep,label,dep2,label2
"SecTh.001",Nuhu',1,,,,
"SecTh.001","hoo3itoo,",2,,,,
"SecTh.001","niiskokoh'u3ecoot,",3,,,,
"SecTh.001",nee'eesih'iinoo'.,4,,,,
"SecTh.002","Toot[on]ouneihiinou'u,",1,,,,
"SecTh.002",niiskokoh'u3ecoo.,2,,,,
"SecTh.003","Wothi3etehk,",1,,,,
"SecTh.003",hoowukocoo'o3ihetiitoon.,2,,,,
"SecTh.004",Nehe',1,,,,
"SecTh.004",honoh'oe,2,,,,
"SecTh.004",noh,3,,,,
"SecTh.004",nehe',4,,,,
"SecTh.004",hisei,5,,,,
"SecTh.004",he'ihniiseekuuno'.,6,,,,
"SecTh.005",Heetniine'etiiwoohu3i'.,1,,,,
"SecTh.006",hiiyeih'i3i'.,1,,,,
"SecTh.007",heeneeneitonih'i3i',1,,,,
"SecTh.007","woxhooxebii,",2,,,,
"SecTh.007","wookecii,",3,,,,
"SecTh.007","nih'oo3ounii'ehiiho',",4,,,,
"SecTh.007",heenei'isiihi'.,5,,,,
"SecTh.008",Howoo,1,,,,
"SecTh.008",ciineyoono.,2,,,,
"SecTh.009",Hooweesneeno'.,1,,,,
"SecTh.010",'oh,1,,,,
"SecTh.010",nuhu',2,,,,
"SecTh.010","bei'ci3ei'i,",3,,,,
"SecTh.010",'oh,4,,,,
"SecTh.010",hoowuuni.,5,,,,
"SecTh.011",Hoowuuni,1,,,,
"SecTh.011",niisi3ooo,2,,,,
"SecTh.011",nuhu',3,,,,
"SecTh.011",heetoo3i'.,4,,,,
"SecTh.012",Too3iihi',1,,,,
"SecTh.012",hoowuuni.,2,,,,
"SecTh.013",Hoonoo3onisi',1,,,,
"SecTh.013",nehe',2,,,,
"SecTh.013",honoh'oe.,3,,,,
"SecTh.013",???,4,,,,
"SecTh.014",Niisi3oot,1,,,,
"SecTh.014",niiwo'oo'.,2,,,,
"SecTh.015",Notiitiit.,1,,,,
"SecTh.016",'oh,1,,,,
"SecTh.016",hoowuuni.,2,,,,
"SecTh.017","Heeneetohno'usee3i,",1,,,,
"SecTh.017",hoowuuni.,2,,,,
"SecTh.018","NeihoowoohP,",1,,,,
"SecTh.018",woow,2,,,,
"SecTh.018",heniiP,3,,,,
"SecTh.018",heniixoxonee'.,4,,,,
"SecTh.019",Woow,1,,,,
"SecTh.019",nee'eetoxu3i',2,,,,
"SecTh.019",niisi3eihiiho',3,,,,
"SecTh.019",neetniistoneiitono'.,4,,,,
"SecTh.020",He'hii3e',1,,,,
"SecTh.020",heeneetohnottobee3i'.,2,,,,
"SecTh.021",'oh,1,,,,
"SecTh.021",ne'nih'ii3ei'towuuneit.,2,,,,
"SecTh.022",Wohei,1,,,,
"SecTh.022",hee3oohok,2,,,,
"SecTh.022","hibetebihow,",3,,,,
"SecTh.022",noonoko',4,,,,
"SecTh.022",heetce3ei'oonoo.,5,,,,
"SecTh.023",heetnotiitiinoo,1,,,,
"SecTh.023",niisi3ooo.,2,,,,
"SecTh.024","Toonheeneetohbii'iitoonooni,",1,,,,
"SecTh.024",heetnee'eetoonoo.,2,,,,
"SecTh.025",Heetwo'3itiinoo,1,,,,
"SecTh.025",bei'ci3ei'i.,2,,,,
"SecTh.026","Toonhei'nee'eetoxei'i,",1,,,,
"SecTh.026","heetne'cihce'eeckoohunoo,",2,,,,
"SecTh.026",he'ih'ii3ee.,3,,,,
"SecTh.027",Wohei,1,,,,
"SecTh.027",hetneeneenoutii,2,,,,
"SecTh.027","neteixo'ono,",3,,,,
"SecTh.027",heeneeyoohuuho,4,,,,
"SecTh.027",neetniiwoh'uyoono.,5,,,,
"SecTh.028",Nooxeihi',1,,,,
"SecTh.028",heetbeexuciisiseenoo.,2,,,,
"SecTh.029",Neihoowoe'in,1,,,,
"SecTh.029",toonheetniitohbii'iitiinoo,2,,,,
"SecTh.029",niisi3ooo.,3,,,,
"SecTh.030",Ne'neenou'uheit,1,,,,
"SecTh.030",hebetebihow.,2,,,,
"SecTh.031",'oh,1,,,,
"SecTh.031",hoowoe'in,2,,,,
"SecTh.031",nehe',3,,,,
"SecTh.031",hisei,4,,,,
"SecTh.031",tih'etniitei'yooniibit.,5,,,,
"SecTh.032",Nehe',1,,,,
"SecTh.032",hinen,2,,,,
"SecTh.032",howoo,3,,,,
"SecTh.032",hoowoe'in.,4,,,,
"SecTh.033",Wohei,1,,,,
"SecTh.033",ne'no'uxoo',2,,,,
"SecTh.033",heetnii'ce3ei'oot.,3,,,,
"SecTh.034","Ne'ei'towuunoot,",1,,,,
"SecTh.034",heeneiseineewoot,2,,,,
"SecTh.034",hibetebihow,3,,,,
"SecTh.034",heetneeneisP,4,,,,
"SecTh.035",Hetoonoyoohoot,1,,,,
"SecTh.035",heyeih'in.,2,,,,
"SecTh.036",Ciibehnootoo.,1,,,,
"SecTh.037",heeteniitii.,1,,,,
"SecTh.038","hoonoxowooxobei,",1,,,,
"SecTh.038",heenei'isiihi'.,2,,,,
"SecTh.039",Heeyowuuni,1,,,,
"SecTh.039","benii'owuu'ou'u,",2,,,,
"SecTh.039",heetihco'P,3,,,,
"SecTh.039",hookoh,4,,,,
"SecTh.039",ciineyein.,5,,,,
"SecTh.040",Co'P,1,,,,
"SecTh.040",hookoh,2,,,,
"SecTh.040",bii3ihin.,3,,,,
"SecTh.041",Wohei,1,,,,
"SecTh.041",ne'ce3ei'oot.,2,,,,
"SecTh.042","He'3ebiicis,",1,,,,
"SecTh.042",ne'noohooto',2,,,,
"SecTh.042",heetho'oowuu.,3,,,,
"SecTh.043",Ne'iyihoot.,1,,,,
"SecTh.044",Ne'nottonoot,1,,,,
"SecTh.044","nih'oo3ou'u,",2,,,,
"SecTh.045",Wohei,1,,,,
"SecTh.045",koociini,2,,,,
"SecTh.045",niisi3ooo?,3,,,,
"SecTh.046",Niinotiitiinoo,1,,,,
"SecTh.046",niisi3ooo.,2,,,,
"SecTh.047",Huut,1,,,,
"SecTh.047",teebe,2,,,,
"SecTh.047",nih'itooxno'useet,3,,,,
"SecTh.047",ceese'.,4,,,,
"SecTh.048",Hiixo3i'eewo'.,1,,,,
"SecTh.049",Woow,1,,,,
"SecTh.049",nee'eetoxu3i'.,2,,,,
"SecTh.050","He'hii3e',",1,,,,
"SecTh.050",'oh,2,,,,
"SecTh.050",huut,3,,,,
"SecTh.050",3ebwo'wuuhu',4,,,,
"SecTh.050",ci'nootnoohowoot,5,,,,
"SecTh.050",niisi3eihiiho.,6,,,,
"SecTh.051",Yihooninee.,1,,,,
"SecTh.052","Heeneetohno'usee3i,",1,,,,
"SecTh.052",he'ih'iinee'eesinihii3e':,2,,,,
"SecTh.053",Woow,1,,,,
"SecTh.053",nee'eetoxu3i'.,2,,,,
"SecTh.054","He'iitox,",1,,,,
"SecTh.054",he'hiit,2,,,,
"SecTh.054","ceibiihi',",3,,,,
"SecTh.054",hinit,4,,,,
"SecTh.054","hi3o'owuu',",5,,,,
"SecTh.054",he'ne'nih'iiteeneteinit.,6,,,,
"SecTh.055",Ne'nih'iitnoonokohut.,1,,,,
"SecTh.056",Wohei,1,,,,
"SecTh.056",hini'iit,2,,,,
"SecTh.056","[hi]niiwookuxoono,",3,,,,
"SecTh.056",nihP,4,,,,
"SecTh.056","heihii,",5,,,,
"SecTh.056",heihii,6,,,,
"SecTh.056",noo'ootiit.,7,,,,
"SecTh.057",Wohei,1,,,,
"SecTh.057",ne'nii'ce'no'useet.,2,,,,
"SecTh.058",Wohei,1,,,,
"SecTh.058",ne'nii'nottonoot,2,,,,
"SecTh.058",niisi3ooo.,3,,,,
"SecTh.059",Hiit,1,,,,
"SecTh.059",teebe,2,,,,
"SecTh.059",nih'o3i'eewo',3,,,,
"SecTh.059",nih'itooxno'useet.,4,,,,
"SecTh.060",Woow,1,,,,
"SecTh.060",nee'eetoxu3i'.,2,,,,
"SecTh.061","He'hii3e',",1,,,,
"SecTh.061",'oh,2,,,,
"SecTh.061",huut,3,,,,
"SecTh.061",3ebiihi',4,,,,
"SecTh.061",ci'nootnoohobeihi3i',5,,,,
"SecTh.061",niisi3eihiiho'.,6,,,,
"SecTh.062",Xonou,1,,,,
"SecTh.062",yihooninee.,2,,,,
"SecTh.063",Nee'ehno'useet.,1,,,,
"SecTh.064",Ne'nottonoot.,1,,,,
"SecTh.065",wo'o'oto',1,,,,
"SecTh.065",nee'eetoxu3i'.,2,,,,
"SecTh.066","He'hii3e',",1,,,,
"SecTh.066",'oh,2,,,,
"SecTh.066",huut,3,,,,
"SecTh.066",3ebiisiihi',4,,,,
"SecTh.066",ci'nootnoohobeihi3i',5,,,,
"SecTh.066",niisi3eihiiho'.,6,,,,
"SecTh.067",Xonou,1,,,,
"SecTh.067",yihooninee.,2,,,,
"SecTh.068",Nottoninee.,1,,,,
"SecTh.069",Ne'nehP,1,,,,
"SecTh.069",ne'no'useet.,2,,,,
"SecTh.070",Wohei,1,,,,
"SecTh.070",neneenin,2,,,,
"SecTh.070",hiitooxno'useen.,3,,,,
"SecTh.071",Heetniisitonin.,1,,,,
"SecTh.072",He'ne'nih'iisiiteno',1,,,,
"SecTh.072",niisi3ooo.,2,,,,
"SecTh.073","Hoonii,",1,,,,
"SecTh.073",neihoowoe'in,2,,,,
"SecTh.073","he'iiP,",3,,,,
"SecTh.073",he'ih'iicisisee3i.,4,,,,
"SecTh.074",Ceniisiseet.,1,,,,
"SecTh.075",Ceniixooteeni',1,,,,
"SecTh.075",nuhu',2,,,,
"SecTh.075",heetoot.,3,,,,
"SecTh.076",Hiyeihi',1,,,,
"SecTh.076",nih'iicihnooto'.,2,,,,
"SecTh.077",Ceniixooteeni'.,1,,,,
"SecTh.078",Wohei,1,,,,
"SecTh.078",ne'cesisniisi3ei'it.,2,,,,
"SecTh.079",Ne'ei'towuunoot,1,,,,
"SecTh.079","hineeceew,",2,,,,
"SecTh.079",wohei,3,,,,
"SecTh.079",hooyei,4,,,,
"SecTh.079",hetiiko[h]'ciinen,5,,,,
"SecTh.079",nebei'ci3eiwo,6,,,,
"SecTh.079",nih'iisoontoonin.,7,,,,
"SecTh.080",Beenhehe',1,,,,
"SecTh.080",hetiicihbiin.,2,,,,
"SecTh.081",Heetni'eeneiteixo'oninoo{ee};,1,,,,
"SecTh.082",Wo'ei3,1,,,,
"SecTh.082",heeneeyou[huu]ho:,2,,,,
"SecTh.082",neebeh'ini,3,,,,
"SecTh.082",3ooxoho,4,,,,
"SecTh.082",wo'ei3,5,,,,
"SecTh.082","wo'ohno,",6,,,,
"SecTh.082","wosouh'uno',",7,,,,
"SecTh.082",heenei'isiihi'.,8,,,,
"SecTh.083",Heetni'otoonouhunoo.,1,,,,
"SecTh.084",'oh,1,,,,
"SecTh.084",hooyei,2,,,,
"SecTh.084",hetiiko[h]'ciinen.,3,,,,
"SecTh.085",Heetwo'3itiinoo.,1,,,,
"SecTh.086",He'iicis,1,,,,
"SecTh.086",heetniistone3en.,2,,,,
"SecTh.087",Heetnee'eecisniisi3ei'inoo.,1,,,,
"SecTh.088",Wohei,1,,,,
"SecTh.088",ne'nih'iiscesisniisi3ei'it.,2,,,,
"SecTh.089",he'ih'iiko[h]'ciinenow[un],1,,,,
"SecTh.089",bei'ci3ei'i;,2,,,,
"SecTh.090",He'ii3ei'neeniihi',1,,,,
"SecTh.090",he'ih'iibiine':,2,,,,
"SecTh.091",hi'oonotoonouhut,1,,,,
"SecTh.091",heeyouhuuho.,2,,,,
"SecTh.092",Bebene,1,,,,
"SecTh.092",niisoo',2,,,,
"SecTh.092","cecinii,",3,,,,
"SecTh.092",he'ne'nih'iicisniisi3ei'it.,4,,,,
"SecTh.093",Wohei,1,,,,
"SecTh.093","heesi3ecoohok,",2,,,,
"SecTh.093",woow,3,,,,
"SecTh.093",nooxeihi',4,,,,
"SecTh.093",nee'eetoxei'i,5,,,,
"SecTh.093",nebei'ci3ei'i.,6,,,,
"SecTh.094",Woow,1,,,,
"SecTh.094",konou3eentoonoo.,2,,,,
"SecTh.095",Noonoko',1,,,,
"SecTh.095","heetco'oonookoote'eiseenoo,",2,,,,
"SecTh.095",he'ih'ii.,3,,,,
"SecTh.096",Wohei,1,,,,
"SecTh.096",ne'ei'towuunoot,2,,,,
"SecTh.096","hineeceew,",3,,,,
"SecTh.097",Hiit,1,,,,
"SecTh.097",he'iicxooyeiniihi',2,,,,
"SecTh.097",heetce'eeckoohunoo.,3,,,,
"SecTh.098",Heetihnotnoohowot,1,,,,
"SecTh.098",toonheetP,2,,,,
"SecTh.098",[ho]hooxohoeniistoneiit.,3,,,,
"SecTh.099",Ne'no'useenoo'.,1,,,,
"SecTh.100",Ne'no'xooni',1,,,,
"SecTh.100",hi'in,2,,,,
"SecTh.100","hiisi',",3,,,,
"SecTh.100",heetnii'ce3ei'oot.,4,,,,
"SecTh.101",Hineeceew,1,,,,
"SecTh.101",he'ihcihno'xotone',2,,,,
"SecTh.101",heebe3iihi',3,,,,
"SecTh.101",ce'eiinox.,4,,,,
"SecTh.102",Biis3eiisei'i,1,,,,
"SecTh.102",hibei'ci3eiwo.,2,,,,
"SecTh.103",Heetniiseineebe3en:,1,,,,
"SecTh.104",Hiiceebeh'eenetsin,1,,,,
"SecTh.104",nenitee.,2,,,,
"SecTh.105",Hiiceebehce'e'einei'ooku'oo,1,,,,
"SecTh.105","heetneenei3e'eiseen,",2,,,,
"SecTh.105",heetniisookoote'eiseen.,3,,,,
"SecTh.106","Nee'eestoonehk,",1,,,,
"SecTh.106",heetniisiiteneinoni.,2,,,,
"SecTh.107","Heeneetohbii3ihinoni,",1,,,,
"SecTh.107",hiibi'oontootoo,2,,,,
"SecTh.107",hebii3[hiit].,3,,,,
"SecTh.108",Hiiciinenoo,1,,,,
"SecTh.108",bii3hiitoone',2,,,,
"SecTh.108",bei'ci3ei'i:,3,,,,
"SecTh.109","Toonhee3ouh'u',",1,,,,
"SecTh.109",beenhehe',2,,,,
"SecTh.109",cebe'einiihi'.,3,,,,
"SecTh.110",[Hee]t[n]iine'ce3ei'oon.,1,,,,
"SecTh.111",Heetniinee'eestoon.,1,,,,
"SecTh.112","Wohei,",1,,,,
"SecTh.112",ne'nih'iistoot.,2,,,,
"SecTh.113","Heeneetohbii3ihi3i,",1,,,,
"SecTh.113",he'ih'iibi'hei'toonP,2,,,,
"SecTh.113",hetbii3hiit.,3,,,,
"SecTh.114",Ne'nii'bi'yii3osohwuunoot,1,,,,
"SecTh.114",hini'iit.,2,,,,
"SecTh.115","Heeyow[uuni],",1,,,,
"SecTh.115",bei'ci3ei'i,2,,,,
"SecTh.115",nih'iinooto'.,3,,,,
"SecTh.116",Wohei,1,,,,
"SecTh.116",nih'iixookuseet.,2,,,,
"SecTh.117",Kooxhe'ne'no'useet,1,,,,
"SecTh.117",heetniitohbii3iht.,2,,,,
"SecTh.118",Woow,1,,,,
"SecTh.118",nooxowneeheyeih'o',2,,,,
"SecTh.118",niitoh'uune'etiit.,3,,,,
"SecTh.119",He'ne'yihoot,1,,,,
"SecTh.119",bii3hiino'oowuu'.,2,,,,
"SecTh.120",Neniiwoh'uno',1,,,,
"SecTh.120",hi'in,2,,,,
"SecTh.120",heebe3ce'eiinox.,3,,,,
"SecTh.121",Heeneeyoohuuho,1,,,,
"SecTh.121",nih'iiniiwoh'uno'.,2,,,,
"SecTh.122",Nih'eeneiniinooxut.,1,,,,
"SecTh.123",Ciitei.,1,,,,
"SecTh.124",He'ne'nooto3onoho',1,,,,
"SecTh.124",hetbii3ihiit.,2,,,,
"SecTh.125",Ne'ko'outiit,1,,,,
"SecTh.125",hibei'ci3eiwo.,2,,,,
"SecTh.126","Toonhiihee3ouh'uni',",1,,,,
"SecTh.126",ne'ciineno'.,2,,,,
"SecTh.127",Ne'kohei'it.,1,,,,
"SecTh.128","Hei'ootoowoot,",1,,,,
"SecTh.128",ne'kohei'it.,2,,,,
"SecTh.129",Ne'no'oeh[it].,1,,,,
"SecTh.130",He'e3ebiicisee3i.,1,,,,
"SecTh.131",'oh,1,,,,
"SecTh.131","hikoobe',",2,,,,
"SecTh.131",he'ihceikoohun,3,,,,
"SecTh.131",neniteen.,4,,,,
"SecTh.132",'oh,1,,,,
"SecTh.132",nuhu',2,,,,
"SecTh.132","heesi3ecoot,",3,,,,
"SecTh.132",xonou,4,,,,
"SecTh.132",tookohut.,5,,,,
"SecTh.133","Howoh'oe,",1,,,,
"SecTh.133","howoh'oe,",2,,,,
"SecTh.133",too'uhcehi.,3,,,,
"SecTh.134",Heetneihoowkohtowuhe3.,1,,,,
"SecTh.135",Too'uhcehi.,1,,,,
"SecTh.136",Niiyou,1,,,,
"SecTh.136","nuhu',",2,,,,
"SecTh.136",nihnootow.,3,,,,
"SecTh.137",No3niiceixotone3en.,1,,,,
"SecTh.138",Konoo'ne'too'uhcehit.,1,,,,
"SecTh.139",He'ihtoyoohobee,1,,,,
"SecTh.139",cihno'uxotiin,2,,,,
"SecTh.139",ce'eiinox.,3,,,,
"SecTh.140",He'ihnoot:,1,,,,
"SecTh.140",neneenini'.,2,,,,
"SecTh.141",Hi'in,1,,,,
"SecTh.141","cihno'uxotoneiit[on],",2,,,,
"SecTh.141",wohei,3,,,,
"SecTh.141",heetniiseineebe3en.,4,,,,
"SecTh.142",Ciibeh'eenetsin,1,,,,
"SecTh.142",nenitee.,2,,,,
"SecTh.143",Hiiceebehce'e'einei'ooku'oo.,1,,,,
"SecTh.144","Heentoo3i',",1,,,,
"SecTh.144",noh,2,,,,
"SecTh.144","nee'eestoonehk,",3,,,,
"SecTh.144",heetniisiiteneinoni.,4,,,,
"SecTh.145",Heebehi'neh'ei'i,1,,,,
"SecTh.145",hinee,2,,,,
"SecTh.145",bei'ci3ei'i.,3,,,,
"SecTh.146",Beebeet,1,,,,
"SecTh.146",ceneeyohwo'oo.,2,,,,
"SecTh.147",Heetne'no'eeckoohun.,1,,,,
"SecTh.148",He'ne'nih'iistoot.,1,,,,
"SecTh.149",Ne'nehtiitiit,1,,,,
"SecTh.149",nih'iitoot.,2,,,,
"SecTh.150",Heenee3o'obee',1,,,,
"SecTh.150",nehtiitiit.,2,,,,
"SecTh.151",Wohei,1,,,,
"SecTh.151",hi'in,2,,,,
"SecTh.151","heetcowoute',",3,,,,
"SecTh.151","heetohco'oniini',",4,,,,
"SecTh.151","cowoute',",5,,,,
"SecTh.151","3o3ouutei'i,",6,,,,
"SecTh.151",hinit,7,,,,
"SecTh.151","kox3iihi',",8,,,,
"SecTh.151",'oh,9,,,,
"SecTh.151",ne'nih'iitou'uni',10,,,,
"SecTh.151",hito'oowu'.,11,,,,
"SecTh.152",Neehtiitiit.,1,,,,
"SecTh.153",Woow,1,,,,
"SecTh.153",heeyeino'eeckoohunoo,2,,,,
"SecTh.153",heehehk.,3,,,,
"SecTh.154",Beexii3ou'uniihi',1,,,,
"SecTh.154",hei'ehno'useet,2,,,,
"SecTh.154",hi'in,3,,,,
"SecTh.154",3o3ouutei'.,4,,,,
"SecTh.155",'oh,1,,,,
"SecTh.155",woow,2,,,,
"SecTh.155",bih'iyooni'.,3,,,,
"SecTh.156","Hee3ebiixouuhut,",1,,,,
"SecTh.156",ceeniihi'.,2,,,,
"SecTh.157",'oh,1,,,,
"SecTh.157",noh'oo'utee,2,,,,
"SecTh.157",hito'oowu'.,3,,,,
"SecTh.158",Hiiwo',1,,,,
"SecTh.158","hooweeneisibiitoon,",2,,,,
"SecTh.158",heesi3ecoohok.,3,,,,
"SecTh.159",Nooxeihi',1,,,,
"SecTh.159",noosou3ii3i'oku3i'.,2,,,,
"SecTh.160","HeetniiP,",1,,,,
"SecTh.160",hi'in,2,,,,
"SecTh.160",hibetebihow,3,,,,
"SecTh.160",nihniisneniini3.,4,,,,
"SecTh.161",He'ino',1,,,,
"SecTh.161",tohniisneniini3.,2,,,,
"SecTh.162",Wohei,1,,,,
"SecTh.162",ne'eh'oowuseet.,2,,,,
"SecTh.163",Nii3oxoeyoone',1,,,,
"SecTh.163",he'ih3ebno'usee.,2,,,,
"SecTh.164",Kooniiteen,1,,,,
"SecTh.164",nii3oxoeyoo.,2,,,,
"SecTh.165",Ne'ehxookuseet.,1,,,,
"SecTh.166",3ebno'useet,1,,,,
"SecTh.166",hito'oowuu'.,2,,,,
"SecTh.167",Wohei,1,,,,
"SecTh.167",niito',2,,,,
"SecTh.167","noh'eihoone',",3,,,,
"SecTh.167",ne'ehcii3notnoo'einit.,4,,,,
"SecTh.168",Hibetebihow,1,,,,
"SecTh.168",he'ih3i'okun.,2,,,,
"SecTh.169",'oh,1,,,,
"SecTh.169",he'ihtoo3i'okun,2,,,,
"SecTh.169",honoh'oe.,3,,,,
"SecTh.170",Hice'i'oone',1,,,,
"SecTh.170",he'ih'iiniitenee,2,,,,
"SecTh.170",ciitoowuu'.,3,,,,
"SecTh.171",Hi'in,1,,,,
"SecTh.171",heesinihiit,2,,,,
"SecTh.171",hinee,3,,,,
"SecTh.171",honoh'oe:,4,,,,
"SecTh.171",hetou'no'eeckoo,5,,,,
"SecTh.171",neisonoo,6,,,,
"SecTh.171","he'ih'ii3ee,",7,,,,
"SecTh.171",he'ihnottonee,8,,,,
"SecTh.171",hiinoon.,9,,,,
"SecTh.172",Noh,1,,,,
"SecTh.172",woow,2,,,,
"SecTh.172","heeyeiP,",3,,,,
"SecTh.172",woow,4,,,,
"SecTh.172",he'eyeice'no'eeckoo.,5,,,,
"SecTh.173","Nee'eecixoneiht,",1,,,,
"SecTh.173",he'ih'ii.,2,,,,
"SecTh.174",Hoowoe'inowuu,1,,,,
"SecTh.174",toh'entooni3,2,,,,
"SecTh.174",ce'e3i'.,3,,,,
"SecTh.175",Wohei,1,,,,
"SecTh.175",ce'e3i',2,,,,
"SecTh.175",hi'in,3,,,,
"SecTh.175",heesi3ecoot,4,,,,
"SecTh.175","hinen,",5,,,,
"SecTh.175",heeteno',6,,,,
"SecTh.175",hito'oo'.,7,,,,
"SecTh.176",heetniiso'noh'oot.,1,,,,
"SecTh.177",Nee'ehsebeyoohoot.,1,,,,
"SecTh.178",Wohei,1,,,,
"SecTh.178","3iwoo,",2,,,,
"SecTh.178",howoh'oe.,3,,,,
"SecTh.179",Niito',1,,,,
"SecTh.179",nehxouuwoote'in.,2,,,,
"SecTh.180","Hi3oownee'eesoohok,",1,,,,
"SecTh.180","heetniisisiwou'u,",2,,,,
"SecTh.180",heehehk.,3,,,,
"SecTh.181",Ne'ehyihoot,1,,,,
"SecTh.181",tecenoone'.,2,,,,
"SecTh.182",Ne'woowoteihei'it.,1,,,,
"SecTh.183",Wohei,1,,,,
"SecTh.183",hi'in,2,,,,
"SecTh.183","honoh'oe,",3,,,,
"SecTh.183",he'ihneen,4,,,,
"SecTh.183",nihcihkoonen[oot].,5,,,,
"SecTh.184",Xonou,1,,,,
"SecTh.184",he'ihnei'oohobee,2,,,,
"SecTh.184",hiinoon,3,,,,
"SecTh.185",Kooneen,1,,,,
"SecTh.185",neisonoo?,2,,,,
"SecTh.186","'oo,",1,,,,
"SecTh.186",neneenit.,2,,,,
"SecTh.187",Noohoot[oo]:,1,,,,
"SecTh.188",Hihciitonouno'ohk,1,,,,
"SecTh.188","niiskokoh'u3ecoo,",2,,,,
"SecTh.188",heneihnoh'oot,3,,,,
"SecTh.188",hibetebihow,4,,,,
"SecTh.188",noh,5,,,,
"SecTh.188",huuh'o.,6,,,,
"SecTh.189",[He]neihkocoo'o3itoot.,1,,,,
"SecTh.190",[He]neihno'o3ihetit.,1,,,,
"SecTh.191",Noh,1,,,,
"SecTh.191",tihtonouno',2,,,,
"SecTh.191","niiskokoh'u3ecoo,",3,,,,
"SecTh.191",ne'ni'itoot.,4,,,,
"SecTh.192",Ne'nih'ii[si]nihii-3i',1,,,,
"SecTh.192",beh'eihoho'.,2,,,,
"SecTh.193",Niis,1,,,,
"SecTh.193",toonouneihiinou'u,2,,,,
"SecTh.193","kokoh'u3ecoo,",3,,,,
"SecTh.193",wotni'oohok.,4,,,,
"SecTh.194",Hoowukocoo'o3tootiin.,1,,,,
"SecTh.195",Hoowukocoo'o3ihetiitoon.,1,,,,
"SecTh.196","Hoowuno'o3ihetiitoon,",1,,,,
"SecTh.197",Niis,1,,,,
"SecTh.197",toonouneihiinou'u,2,,,,
"SecTh.197",nuhu',3,,,,
"SecTh.197",kokoh'u3ecoo.,4,,,,
"SecTh.198",Noh,1,,,,
"SecTh.198",nee'eesoo',2,,,,
"SecTh.198",nuhu',3,,,,
"SecTh.198",hoo3itoo.,4,,,,
"SecTh.199","Nenee',",1,,,,
"SecTh.199",nenee',2,,,,
"SecTh.199",nii'oo'.,3,,,,
"SecTh.200",Hii3eti'.,1,,,,
"SecTh.201",Wohei,1,,,,
"SecTh.201",nohuusoho'.,2,,,,
