ref,word,num,dep,label,dep2,label2
"SHEL.001",Hinee,1,,,,
"SHEL.001",ho'oowu',2,,,,
"SHEL.001",niicou'u3ootiini',3,,,,
"SHEL.001",nii3i'.,4,,,,
"SHEL.002",Hetei'towuunoo,1,,,,
"SHEL.002",heetih3owoteno',2,,,,
"SHEL.002",hini',3,,,,
"SHEL.002",niiinon.,4,,,,
"SHEL.003",Heetniisitono',1,,,,
"SHEL.003",toukoohoe.,2,,,,
"SHEL.004",Hini',1,,,,
"SHEL.004",wox,2,,,,
"SHEL.004",nih'e3ebciiteit,3,,,,
"SHEL.004",hinee,4,,,,
"SHEL.004",ceniitouute'.,5,,,,
"SHEL.005",Wonoo3ee3i',1,,,,
"SHEL.005",niiniihencebkoohu3i',2,,,,
"SHEL.005",hii3e',3,,,,
"SHEL.005",hini',4,,,,
"SHEL.005",neyei3eino'oowuu'.,5,,,,
"SHEL.006",Hinee,1,,,,
"SHEL.006",notoniheino'oowu',2,,,,
"SHEL.006",konoutootee'.,3,,,,
"SHEL.007",Hinee,1,,,,
"SHEL.007",tono'wuuhoe,2,,,,
"SHEL.007",niibiscii3tokohu3i',3,,,,
"SHEL.007",neyooxet,4,,,,
"SHEL.007",nonoohowoonoo3i.,5,,,,
"SHEL.008",Nih'oo3oo,1,,,,
"SHEL.008",xonou,2,,,,
"SHEL.008",nih'iiniistiit,3,,,,
"SHEL.008",beiines,4,,,,
"SHEL.008",hookoh,5,,,,
"SHEL.008",nih'entoo3i',6,,,,
"SHEL.008",3owo3neniteeno'.,7,,,,
"SHEL.009",Hoono',1,,,,
"SHEL.009",tihciini,2,,,,
"SHEL.009","niiinono,",3,,,,
"SHEL.009",co'oeyoo,4,,,,
"SHEL.009",nih'iinee'eetiine'etii3i',5,,,,
"SHEL.009",hinono'eino'.,6,,,,
"SHEL.010",Nihbeetetee',1,,,,
"SHEL.010",hini',2,,,,
"SHEL.010",woxhooxuuno'oowu'.,3,,,,
"SHEL.011",Hini',1,,,,
"SHEL.011",cebtokoy,2,,,,
"SHEL.011",nih'oneese'.,3,,,,
"SHEL.012",Woxtoohuuho',1,,,,
"SHEL.012",nii3eiinee3i',2,,,,
"SHEL.012",toukuhuuno'oowuu'.,3,,,,
"SHEL.013",Cese'eihiiho',1,,,,
"SHEL.013",neeyeici',2,,,,
"SHEL.013",ne'niitoh'oonoyeisi'i.,3,,,,
"SHEL.014",Hini',1,,,,
"SHEL.014",honoh'oe,2,,,,
"SHEL.014",nihcenenoot,3,,,,
"SHEL.014",nii'eihiin,4,,,,
"SHEL.014",nohuuxone'.,5,,,,
"SHEL.015",Siisiiyeino',1,,,,
"SHEL.015",neentoo3i',2,,,,
"SHEL.015",cese'eihiinokoyono.,3,,,,
"SHEL.016",3eneiisi',1,,,,
"SHEL.016",nototii,2,,,,
"SHEL.016",niiniihencebkoohuunokoyone'.,3,,,,
"SHEL.017",Neihoowbeetohtootisee,1,,,,
"SHEL.017",hinee,2,,,,
"SHEL.017",koh'okuunokoyone'.,3,,,,
"SHEL.018",Heenee'iihi',1,,,,
"SHEL.018",niibii'iihi'i,2,,,,
"SHEL.018",woosoo3ii,3,,,,
"SHEL.018",too3iihi',4,,,,
"SHEL.018",heeniiyoowu'.,5,,,,
"SHEL.019",Heetniistoneinoo,1,,,,
"SHEL.019",neisonoo,2,,,,
"SHEL.019",hoonouse'.,3,,,,
"SHEL.020",Nihwoneenei'ooku'ooni',1,,,,
"SHEL.020",huu3e',2,,,,
"SHEL.020",hohookeeno'oowu'.,3,,,,
"SHEL.021",Nihbis3eiini',1,,,,
"SHEL.021",hoseino',2,,,,
"SHEL.021",toyoowse3oo.,3,,,,
"SHEL.022",Heetneeceeneenetiitooni',1,,,,
"SHEL.022",hii3e',2,,,,
"SHEL.022",beteeeno'oowuu'.,3,,,,
"SHEL.023",Hoo3oo'[o']uu,1,,,,
"SHEL.023",3owo3neniteeno',2,,,,
"SHEL.023",niinei'ooku3oo3i',3,,,,
"SHEL.023",tei'yoonoh'o',4,,,,
"SHEL.023",hectoonohuut.,5,,,,
"SHEL.024",Heetniistoneinoo,1,,,,
"SHEL.024",neisonoo,2,,,,
"SHEL.024",3eiise3oo.,3,,,,
"SHEL.025",Heetwonononi3eiinowoo,1,,,,
"SHEL.025",nebei'ci3eiwo,2,,,,
"SHEL.025",bei'ci3eino'oowuu'.,3,,,,
"SHEL.026",Heet3i'ookuutiit,1,,,,
"SHEL.026",neisonoo,2,,,,
"SHEL.026",ciibeet.,3,,,,
"SHEL.027","Tohuuno'o3no3ehit,",1,,,,
"SHEL.027",heihii,2,,,,
"SHEL.027",wootii,3,,,,
"SHEL.027",xouu'eyoo,4,,,,
"SHEL.027",nih'iiniseenoo'.,5,,,,
"SHEL.028",Woneibtii,1,,,,
"SHEL.028",nuhu',2,,,,
"SHEL.028",hokse3oo,3,,,,
"SHEL.028",ciitoowuu'.,4,,,,
"SHEL.029",Hetotoonoot,1,,,,
"SHEL.029",hokouse3oono.,2,,,,
"SHEL.030",Nih3o'oho',1,,,,
"SHEL.030",hinee,2,,,,
"SHEL.030",honoh'oe,3,,,,
"SHEL.030",hini',4,,,,
"SHEL.030",noh'eihoo.,5,,,,
"SHEL.031",Tih'iisiini',1,,,,
"SHEL.031",nih3owoyeese',2,,,,
"SHEL.031",woohnouse',3,,,,
"SHEL.031",noto'oowuu'.,4,,,,
"SHEL.032","Tihbeniiineniininoo,",1,,,,
"SHEL.032",nih'iitonooxohowoo,2,,,,
"SHEL.032",beiinoxo.,3,,,,
"SHEL.033",Hini',1,,,,
"SHEL.033",coo3o',2,,,,
"SHEL.033",nih'e3ebtokohu3i',3,,,,
"SHEL.033",heeyeicooni'.,4,,,,
"SHEL.034",Heetnooho'oeetiinoo,1,,,,
"SHEL.034",nuhu',2,,,,
"SHEL.034",tokookeihi'.,3,,,,
"SHEL.035",Hini'iitiino,1,,,,
"SHEL.035",ce'e3eno,2,,,,
"SHEL.035",nihi'niisihi'i,3,,,,
"SHEL.035",notoyeicii.,4,,,,
"SHEL.036",Cese'eihiiho',1,,,,
"SHEL.036",noonoyeisi'i,2,,,,
"SHEL.036",hoh'enii.,3,,,,
"SHEL.037",Nihwoo3ei'i,1,,,,
"SHEL.037",nouuciitoo3oono,2,,,,
"SHEL.037",nih'iitoh'ootiini'.,3,,,,
"SHEL.038",Nuhu',1,,,,
"SHEL.038",biito'owu',2,,,,
"SHEL.038",ni'iitei'oo',3,,,,
"SHEL.038",hi'iihi',4,,,,
"SHEL.038",woxu':,5,,,,
"SHEL.038",hiihoowu'koo'ouut.,6,,,,
"SHEL.039",Nii'eihiisoono',1,,,,
"SHEL.039",nooyeihoneihi3i',2,,,,
"SHEL.039",noon.,3,,,,
"SHEL.040",Hohootno',1,,,,
"SHEL.040",heenoo,2,,,,
"SHEL.040",niini,3,,,,
"SHEL.040",hinoooxuu,4,,,,
"SHEL.040",heetih'iisiii'oo3i'.,5,,,,
