ref,word,num,dep,label,dep2,label2
"ShLeg.001",tooxu'ooneet.,1,,,,
"ShLeg.002",nih'oo3oo,1,,,,
"ShLeg.002",he'ih'oowuniihisee,2,,,,
"ShLeg.002",niiciihehe'.,3,,,,
"ShLeg.003",he'ih'itesee,1,,,,
"ShLeg.003",hinenin,2,,,,
"ShLeg.003",he'ihnosoutoxu'ohowuu,3,,,,
"ShLeg.003",hi'oo3in.,4,,,,
"ShLeg.004",nehe',1,,,,
"ShLeg.004",hinen,2,,,,
"ShLeg.004",he'ihteestoxu'oh,3,,,,
"ShLeg.004",hi'oo3,4,,,,
"ShLeg.004",hohootin.,5,,,,
"ShLeg.005",he'ihse'isinen,1,,,,
"ShLeg.005",nuhu',2,,,,
"ShLeg.005",heetohtoxu'oho',3,,,,
"ShLeg.005",hi'oo3.,4,,,,
"ShLeg.006",hei'eetneeneistoxu'oho',1,,,,
"ShLeg.006",hi'oo3,2,,,,
"ShLeg.006",he'ihtestoxu'oon.,3,,,,
"ShLeg.007",wohei,1,,,,
"ShLeg.007",nehe',2,,,,
"ShLeg.007",nih'oo3oo,3,,,,
"ShLeg.007",he'ih'esoohobee.,4,,,,
"ShLeg.008",he'ihtoo3esoohobee.,1,,,,
"ShLeg.009",wohei,1,,,,
"ShLeg.009",nehe',2,,,,
"ShLeg.009",hinen,3,,,,
"ShLeg.009",tohuustoxu'oho',4,,,,
"ShLeg.009","hi'oo3,",5,,,,
"ShLeg.009",he'ihnoononoo'ein.,6,,,,
"ShLeg.010",he'ihnoohobee,1,,,,
"ShLeg.010",hii3einoonin.,2,,,,
"ShLeg.011",he'ihyiisceno'oo,1,,,,
"ShLeg.011",toonkoxcei'it.,2,,,,
"ShLeg.012",Hootneetouhunoo,1,,,,
"ShLeg.012",heehehk.,2,,,,
"ShLeg.013",noh,1,,,,
"ShLeg.013",nehe',2,,,,
"ShLeg.013",nih'oo3oo,3,,,,
"ShLeg.013",heenoo,4,,,,
"ShLeg.013",he'ih'eeneixoohobee.,5,,,,
"ShLeg.014",he'ih'esoohobee.,1,,,,
"ShLeg.015",wohei,1,,,,
"ShLeg.015","hei'iisceno'oot,",2,,,,
"ShLeg.015",toh'e3owo'oot,3,,,,
"ShLeg.015",nehe',4,,,,
"ShLeg.015",tooxu'ooneet,5,,,,
"ShLeg.015",hihcebe'.,6,,,,
"ShLeg.016",he'ihko'us,1,,,,
"ShLeg.016",hiteyei'onin,2,,,,
"ShLeg.016",xookuuhu'.,3,,,,
"ShLeg.017",he'ihxookbisei'inoo'oo.,1,,,,
"ShLeg.018",he'ih'eten,1,,,,
"ShLeg.018",hi'oo3.,2,,,,
"ShLeg.019",he'ihneh'ee,1,,,,
"ShLeg.019",nuhu',2,,,,
"ShLeg.019",heneeceen.,3,,,,
"ShLeg.020",heecisciinoohobeit,1,,,,
"ShLeg.020",nuhu',2,,,,
"ShLeg.020",heneeceen,3,,,,
"ShLeg.020",hihceno'oo3ooon;,4,,,,
"ShLeg.020",he'ihneh'ee.,5,,,,
"ShLeg.021",nuhu',1,,,,
"ShLeg.021",hoo3oo'o',2,,,,
"ShLeg.021",heneeceeno',3,,,,
"ShLeg.021",he'ihce3koohuno'.,4,,,,
"ShLeg.022",nehe',1,,,,
"ShLeg.022",tooxu'ooneet,2,,,,
"ShLeg.022",he'ih'oxou'ei'oo.,3,,,,
"ShLeg.023",heniisiitenowoonoo,1,,,,
"ShLeg.023",heneecee,2,,,,
"ShLeg.023",kooxcei'it,3,,,,
"ShLeg.023",he'ih'ii.,4,,,,
"ShLeg.024",wohei,1,,,,
"ShLeg.024",nehe',2,,,,
"ShLeg.024",nih'oo3oo,3,,,,
"ShLeg.024",he'ne'inihii3oot,4,,,,
"ShLeg.024",nuhu',5,,,,
"ShLeg.024",tooxu'ooneeni3.,6,,,,
"ShLeg.025",wohei,1,,,,
"ShLeg.025",kooheciini'beetoh,2,,,,
"ShLeg.025",nuhu',3,,,,
"ShLeg.025",heestoxu'ooneen,4,,,,
"ShLeg.025",he'ih'ii3ee.,5,,,,
"ShLeg.026",Wohei,1,,,,
"ShLeg.026",nehe',2,,,,
"ShLeg.026",hinen,3,,,,
"ShLeg.026",tooxu'ooneet,4,,,,
"ShLeg.026",heesinihiihok.,5,,,,
"ShLeg.027",hoowuuni,1,,,,
"ShLeg.027",neihoowbei,2,,,,
"ShLeg.027",hee3eihok.,3,,,,
"ShLeg.028",nehe',1,,,,
"ShLeg.028",nih'oo3oo,2,,,,
"ShLeg.028",heenoo,3,,,,
"ShLeg.028","he'ihnihi'nei,",4,,,,
"ShLeg.028",he'ihceneeyohowunihii3ee.,5,,,,
"ShLeg.029",wohei,1,,,,
"ShLeg.029",heesinihiihok,2,,,,
"ShLeg.029",nehe',3,,,,
"ShLeg.029",tooxu'ooneet:,4,,,,
"ShLeg.030",heneini'biine3en,1,,,,
"ShLeg.030",'oh,2,,,,
"ShLeg.030",beebeet,3,,,,
"ShLeg.030",heneiciinoo'oniistoon,4,,,,
"ShLeg.030",he'ih'ii3e'.,5,,,,
"ShLeg.031",nuhu',1,,,,
"ShLeg.031",no'oo3,2,,,,
"ShLeg.031","niistonounowoo,",3,,,,
"ShLeg.031",honoot,4,,,,
"ShLeg.031",hini',5,,,,
"ShLeg.031",nooxownonoo'ouhunooni.,6,,,,
"ShLeg.032",noh,1,,,,
"ShLeg.032",ne'nii'tonounowoo,2,,,,
"ShLeg.032",hee3eihok.,3,,,,
"ShLeg.033",wohei,1,,,,
"ShLeg.033",he'ne'iise'enou'uni3,2,,,,
"ShLeg.033",hootoxu'ohowuni3,3,,,,
"ShLeg.033",hi'oo3.,4,,,,
"ShLeg.034",wohei,1,,,,
"ShLeg.034",nehe',2,,,,
"ShLeg.034",nih'oo3oo,3,,,,
"ShLeg.034",he'ne'teesciiyei'it,4,,,,
"ShLeg.034",nuhu',5,,,,
"ShLeg.034",heetoh'einokuni3,6,,,,
"ShLeg.034",bex.,7,,,,
"ShLeg.035",heebetooxe,1,,,,
"ShLeg.035",he'ih'iten,2,,,,
"ShLeg.035",nehe',3,,,,
"ShLeg.035",tooxu'ooneet.,4,,,,
"ShLeg.036",wohei,1,,,,
"ShLeg.036",woow,2,,,,
"ShLeg.036",he'ih'eyeihto'ootowuu,3,,,,
"ShLeg.036",hi'oo3.,4,,,,
"ShLeg.037",howoh'oe,1,,,,
"ShLeg.037",howoh'oe,2,,,,
"ShLeg.037",nih'ii3oohok.,3,,,,
"ShLeg.038",he'ihbeebebiisei'ihcehi.,1,,,,
"ShLeg.039",wohei,1,,,,
"ShLeg.039",hoo3iihi',2,,,,
"ShLeg.039",he'ne'ciiceh'e3iheit.,3,,,,
"ShLeg.040",xooxonou,1,,,,
"ShLeg.040",he'ihto'ootowuu,2,,,,
"ShLeg.040",he'ihko'e3eihowuu,3,,,,
"ShLeg.040",hi'oo3.,4,,,,
"ShLeg.041","tih'iistoxu'ohowuni3,",1,,,,
"ShLeg.041",wohei,2,,,,
"ShLeg.041",neecisee,3,,,,
"ShLeg.041",hee3eihok,4,,,,
"ShLeg.042",bi'iyein,1,,,,
"ShLeg.042",cihnee'eestoon,2,,,,
"ShLeg.042",hee3eihok.,3,,,,
"ShLeg.043",he'ne'ce3ei'oot,1,,,,
"ShLeg.043",nehe',2,,,,
"ShLeg.043",nih'oo3oo.,3,,,,
"ShLeg.044",hoono',1,,,,
"ShLeg.044",he'ihciiceniisee.,2,,,,
"ShLeg.045",he'ih'itesee,1,,,,
"ShLeg.045",hii3einoonin,2,,,,
"ShLeg.045",he'ih3i'ookuun.,3,,,,
"ShLeg.046",xooxonouu,1,,,,
"ShLeg.046",he'ne'eh'iisehceno'oot.,2,,,,
"ShLeg.047",wohei,1,,,,
"ShLeg.047",toonhonouunihkoxcei'it,2,,,,
"ShLeg.047",heehehk.,3,,,,
"ShLeg.048",he'ihko'us,1,,,,
"ShLeg.048","heetouunihkoxcei'ini3,",2,,,,
"ShLeg.048",he'ihneh'ee.,3,,,,
"ShLeg.049",he'ihkoyein,1,,,,
"ShLeg.049",hi'oo3.,2,,,,
"ShLeg.050",wuho',1,,,,
"ShLeg.050",heehehk.,2,,,,
"ShLeg.051",he'ihno'o3ce3ei'oo,1,,,,
"ShLeg.051",he'ihciiteenihee.,2,,,,
"ShLeg.052",wohei,1,,,,
"ShLeg.052",he'ne'ce3ei'oot.,2,,,,
"ShLeg.053",ci'he'e3ebiicisisee3i.,1,,,,
"ShLeg.054",he'ih'itesee,1,,,,
"ShLeg.054",hii3einoonin.,2,,,,
"ShLeg.055",wohei,1,,,,
"ShLeg.055",kooxhe'ne'ehceno'oo3oot.,2,,,,
"ShLeg.056",toonhonouunihkoxcei'it,1,,,,
"ShLeg.056",heehehk.,2,,,,
"ShLeg.057",he'ihneh'ee.,1,,,,
"ShLeg.058",kooxhe'ihciiteenihee.,1,,,,
"ShLeg.059",he'ihbi'koyein,1,,,,
"ShLeg.059",hi'oo3.,2,,,,
"ShLeg.060",he'ihno'o3ce3ei'oo.,1,,,,
"ShLeg.061",hii3e',1,,,,
"ShLeg.061",he'e3ebeeneisisee3i,2,,,,
"ShLeg.061",ci'he'itesee,3,,,,
"ShLeg.061",hii3einoonin.,4,,,,
"ShLeg.062",wohei,1,,,,
"ShLeg.062",he'ne'ceno'oo3oot,2,,,,
"ShLeg.062",koox.,3,,,,
"ShLeg.063",toonhonouunihkoxcei'it,1,,,,
"ShLeg.063",heehehk.,2,,,,
"ShLeg.064",wohei,1,,,,
"ShLeg.064",he'ihneh'ee.,2,,,,
"ShLeg.065",wohei,1,,,,
"ShLeg.065",ceesey,2,,,,
"ShLeg.065",cenei'iiso'ootoot.,3,,,,
"ShLeg.066",wohei,1,,,,
"ShLeg.066",ci'he'ne'ce3ei'oot.,2,,,,
"ShLeg.067",he'e3ebei'isee3i,1,,,,
"ShLeg.067",hii3e',2,,,,
"ShLeg.067",toh'e3ebeeneiniseet.,3,,,,
"ShLeg.068",he'ih'itesee,1,,,,
"ShLeg.068",hii3einoonin.,2,,,,
"ShLeg.069",wohei,1,,,,
"ShLeg.069",kooxhe'ihceno'oo.,2,,,,
"ShLeg.070",hinee,1,,,,
"ShLeg.070",honouunihkoxcei'it,2,,,,
"ShLeg.070",neneenit,3,,,,
"ShLeg.070",heehehk.,4,,,,
"ShLeg.071",kooxhe'ihneh'ee.,1,,,,
"ShLeg.072",koox,1,,,,
"ShLeg.072",hehsiiyeiP,2,,,,
"ShLeg.072",he'ihnoo3ce3ei'oo.,3,,,,
"ShLeg.073",woow,1,,,,
"ShLeg.073",benee3toot,2,,,,
"ShLeg.073",woow,3,,,,
"ShLeg.073",benee3ceno'oot,4,,,,
"ShLeg.073",yein.,5,,,,
"ShLeg.074",he'ne'ce3ei'oot,1,,,,
"ShLeg.074",koox.,2,,,,
"ShLeg.075",hee3ebeeneiniseet,1,,,,
"ShLeg.075",hii3e',2,,,,
"ShLeg.075",he'e3ebeenei'isee3i.,3,,,,
"ShLeg.076",kooxhe'ih'itesee,1,,,,
"ShLeg.076",hii3einoonin.,2,,,,
"ShLeg.077",wohei,1,,,,
"ShLeg.077",heeneesih'iiniihi',2,,,,
"ShLeg.077",he'ne'ehceno'oot.,3,,,,
"ShLeg.078",he'ihko'us,1,,,,
"ShLeg.078",heetouunihkoxcei'ini3.,2,,,,
"ShLeg.079",he'ihciineh'ee.,1,,,,
"ShLeg.080",he'ihciicesiinoo'oo:,1,,,,
"ShLeg.080",he'ih'iinitoo3ibe';,2,,,,
"ShLeg.080",he'ihtooto'oxone'.,3,,,,
"ShLeg.081",he'ih'iitokohube'.,1,,,,
"ShLeg.082",he'ihxoonoo'oo,1,,,,
"ShLeg.082",he'ih'eenesiisibe'.,2,,,,
"ShLeg.083",hoonii,1,,,,
"ShLeg.083",he'ih'iiscesiiyei'ihcehi.,2,,,,
"ShLeg.084",noh,1,,,,
"ShLeg.084",nuhu',2,,,,
"ShLeg.084",hoo3itoo,3,,,,
"ShLeg.084",hee3ei'tobeenoo'.,4,,,,
"ShLeg.085",nehe',1,,,,
"ShLeg.085",nih'oo3oo,2,,,,
"ShLeg.085",heesnoohowoo3i,3,,,,
"ShLeg.085",hineniteeno,4,,,,
"ShLeg.085",heestooni3i,5,,,,
"ShLeg.085",tih'iibeetohnee'eestoohok;,6,,,,
"ShLeg.085",tih'iiceecebe'eitoohok.,7,,,,
"ShLeg.086",he'ne'nih'eeneistoot.,1,,,,
"ShLeg.087",Noh,1,,,,
"ShLeg.087",nee'ei'ise',2,,,,
"ShLeg.087",nuhu',3,,,,
"ShLeg.087",hoo3itoo.,4,,,,
