ref,word,num,dep,label,dep2,label2
"TwoS(o).001",teecxo',1,,,,
"TwoS(o).001",hinen,2,,,,
"TwoS(o).001",he'ihniisinino,3,,,,
"TwoS(o).001",hiih'oho.,4,,,,
"TwoS(o).002",ceese',1,,,,
"TwoS(o).002","he'ihnisih'oxonee,",2,,,,
"TwoS(o).002",ceese',3,,,,
"TwoS(o).002",he'ihnookoxonee.,4,,,,
"TwoS(o).003","“wohei,”",1,,,,
"TwoS(o).003",hee3oohok,2,,,,
"TwoS(o).003",nuhu',3,,,,
"TwoS(o).003","hiih'oho,",4,,,,
"TwoS(o).003",“heetniinoo'einee.,5,,,,
"TwoS(o).004","toonneniito'no'ookeit,",1,,,,
"TwoS(o).004",heetniibiino',2,,,,
"TwoS(o).004",no'oteihiit.,3,,,,
"TwoS(o).005",neini'iice3oono,1,,,,
"TwoS(o).005",bih'ihiinoseino',2,,,,
"TwoS(o).005",nisicehiinoseino',3,,,,
"TwoS(o).005",hiwoxuuhuunoseino',4,,,,
"TwoS(o).005",hinenihiinoseino'.,5,,,,
"TwoS(o).006",niini'iicetowoo.,1,,,,
"TwoS(o).007",heetniinoo'einee.,1,,,,
"TwoS(o).008","toonniito'no'ookeit,",1,,,,
"TwoS(o).008",heetniibiino',2,,,,
"TwoS(o).008",no'oteihiit.”,3,,,,
"TwoS(o).009",wohei,1,,,,
"TwoS(o).009",ne'neenou'u3i',2,,,,
"TwoS(o).009",nuhu',3,,,,
"TwoS(o).009",honoh'oho'.,4,,,,
"TwoS(o).010",heetniinoo'ei3i'.,1,,,,
"TwoS(o).011","hei'iise'enou'u3i',",1,,,,
"TwoS(o).011",ne'ce3ei'oo3i'.,2,,,,
"TwoS(o).012",wohei,1,,,,
"TwoS(o).012",nehe',2,,,,
"TwoS(o).012","nonookoxoneet,",3,,,,
"TwoS(o).012",hihcebee,4,,,,
"TwoS(o).012",hini'iit,5,,,,
"TwoS(o).012",hiyeih'inoo,6,,,,
"TwoS(o).012",he'ihnoo'oohoe,7,,,,
"TwoS(o).012",biixoxko'[on]ou'u.,8,,,,
"TwoS(o).013",wohei,1,,,,
"TwoS(o).013",neneenini3i,2,,,,
"TwoS(o).013",hoseinou'u,3,,,,
"TwoS(o).013",ce'no'xotonoot,4,,,,
"TwoS(o).013",hiniisonoon.,5,,,,
"TwoS(o).014",“wohei,1,,,,
"TwoS(o).014",niiyou,2,,,,
"TwoS(o).014",nuhu',3,,,,
"TwoS(o).014",hoseinou'u.”,4,,,,
"TwoS(o).015",“hee,1,,,,
"TwoS(o).015",heeteehehk,2,,,,
"TwoS(o).015","nono'oteiht,”",3,,,,
"TwoS(o).015",hee3oohok,4,,,,
"TwoS(o).015",hiih'o.,5,,,,
"TwoS(o).016",wohei,1,,,,
"TwoS(o).016",ne'neenini3,2,,,,
"TwoS(o).016",beniinoot;,3,,,,
"TwoS(o).017",tou3e'einoot,1,,,,
"TwoS(o).017",nuhu',2,,,,
"TwoS(o).017",no'oteihiit.,3,,,,
"TwoS(o).018",wohei,1,,,,
"TwoS(o).018",hi'in,2,,,,
"TwoS(o).018",ceese',3,,,,
"TwoS(o).018",ne'no'ookeit.,4,,,,
"TwoS(o).019",“wohei,1,,,,
"TwoS(o).019",niiyou,2,,,,
"TwoS(o).019",neixoo,3,,,,
"TwoS(o).019",hoseinou'u,4,,,,
"TwoS(o).019",heesnoo3oono.,5,,,,
"TwoS(o).020",beebei'on,1,,,,
"TwoS(o).020",nee'eetiinoo'einoo.,2,,,,
"TwoS(o).021",'oh,1,,,,
"TwoS(o).021",neeseh'e,2,,,,
"TwoS(o).021",nih'iisehtonihein.,3,,,,
"TwoS(o).022",huut,1,,,,
"TwoS(o).022",hihcebee,2,,,,
"TwoS(o).022","hotonih'in,",3,,,,
"TwoS(o).022",biixoxko'ou'u,4,,,,
"TwoS(o).022",noo'oohoot.,5,,,,
"TwoS(o).023",neneenini'i,1,,,,
"TwoS(o).023",hi'in,2,,,,
"TwoS(o).023",hoseinou'u,3,,,,
"TwoS(o).023",heihno'uxotoneiit.”,4,,,,
"TwoS(o).024","“'oohoohei,",1,,,,
"TwoS(o).024",hii3oobein!,2,,,,
"TwoS(o).025",heniisehtoniheinoo.,1,,,,
"TwoS(o).026",'oh,1,,,,
"TwoS(o).026",hiikoot,2,,,,
"TwoS(o).026",woow,3,,,,
"TwoS(o).026",heniisibiino',4,,,,
"TwoS(o).026",no'oteihiit.”,5,,,,
"TwoS(o).027","wohei,",1,,,,
"TwoS(o).027",hee3oohok,2,,,,
"TwoS(o).027","hiih'o,",3,,,,
"TwoS(o).027",“heetou3e'eine3en,4,,,,
"TwoS(o).027",he'ii3ou'u,5,,,,
"TwoS(o).027","ceebe'eini'oo',”",6,,,,
"TwoS(o).027",hee3oohok.,7,,,,
"TwoS(o).028",“nuhu',1,,,,
"TwoS(o).028","hiihootenei'i,",2,,,,
"TwoS(o).028",heetniixouuweeckoohunee.”,3,,,,
"TwoS(o).029",noh,1,,,,
"TwoS(o).029",ne'nih'iisiini.,2,,,,
"TwoS(o).030",noh,1,,,,
"TwoS(o).030",nehe',2,,,,
"TwoS(o).030",nih'oo3oo,3,,,,
"TwoS(o).030",hino'oteihiit,4,,,,
"TwoS(o).030",hiteteihiit.,5,,,,
"TwoS(o).031",'oh,1,,,,
"TwoS(o).031",neneenini',2,,,,
"TwoS(o).031",niinoohootow,3,,,,
"TwoS(o).031",hiiwoonhehe':,4,,,,
"TwoS(o).031","ceebih'ohuunou'u,",5,,,,
"TwoS(o).031","niinih'ohuunou'u,",6,,,,
"TwoS(o).031",wohei,7,,,,
"TwoS(o).031",hinee,8,,,,
"TwoS(o).031","ho3iiwono,",9,,,,
"TwoS(o).031",wohei,10,,,,
"TwoS(o).031",hinee,11,,,,
"TwoS(o).031","niinou'ou'u,",12,,,,
"TwoS(o).031",hinee,13,,,,
"TwoS(o).031","heeteci',",14,,,,
"TwoS(o).031","ceheekuut,",15,,,,
"TwoS(o).031","hotiiwo',",16,,,,
"TwoS(o).031","heeneesce'es[ih]eihi3i',",17,,,,
"TwoS(o).031","ce'iskuu3oo,",18,,,,
"TwoS(o).031",heenei'isiihi'.,19,,,,
"TwoS(o).032","beehiini,",1,,,,
"TwoS(o).032",beehneenini',2,,,,
"TwoS(o).032",nehe',3,,,,
"TwoS(o).032",nih'oo3oo,4,,,,
"TwoS(o).032",hino'oteihiit.,5,,,,
"TwoS(o).033",niinoohootow,1,,,,
"TwoS(o).033",hiiwoonhehe'.,2,,,,
"TwoS(o).034",'oh,1,,,,
"TwoS(o).034",nehe',2,,,,
"TwoS(o).034","3owo3nenitee,",3,,,,
"TwoS(o).034",'oh,4,,,,
"TwoS(o).034",hiihootei'i,5,,,,
"TwoS(o).034",niixouuweeckoohut.,6,,,,
"TwoS(o).035",ne'nih'iisiteteihi3i',1,,,,
"TwoS(o).035",hinee,2,,,,
"TwoS(o).035",nih'oo3oo,3,,,,
"TwoS(o).035",[hi]no'oteihiit.,4,,,,
"TwoS(o).036",ne'nih'iisiteteiht.,1,,,,
"TwoS(o).037",wohei,1,,,,
"TwoS(o).037",nehe',2,,,,
"TwoS(o).037","3owo3nenitee,",3,,,,
"TwoS(o).037",'oh,4,,,,
"TwoS(o).037","hiihootei'i,",5,,,,
"TwoS(o).037",'oh,6,,,,
"TwoS(o).037",niixouuweeckoohut.,7,,,,
"TwoS(o).038",nee'eesoo',1,,,,
"TwoS(o).038",nuhu',2,,,,
"TwoS(o).038",hoo3itoo.,3,,,,
"TwoS(o).039",nohuusoho'.,1,,,,
