ref,word,num,dep,label,dep2,label2
"un.001",3owo3neniteeno',1,,,,
"un.001",he'ih'oo'eihino'.,2,,,,
"un.002","he'ihceecebiihetino',",1,,,,
"un.002",nuhu',2,,,,
"un.002",hee3ootee',3,,,,
"un.002",niicii.,4,,,,
"un.003",he'nee'ee3ooceitee',1,,,,
"un.003",hinono'eino'.,2,,,,
"un.004",he'ihneeyei3oonootiino'.,1,,,,
"un.005",hoowuniihiihi',1,,,,
"un.005",he'nee'tootii3i',2,,,,
"un.005",ciibeetiinenno'.,3,,,,
"un.006",noh,1,,,,
"un.006",noxuutei',2,,,,
"un.006",he'nee'toh'ootii3i',3,,,,
"un.006",siisiiyoniiteen.,4,,,,
"un.007",heenee'iihi',1,,,,
"un.007",he'ih'oo'eiseeno'.,2,,,,
"un.008",noh,1,,,,
"un.008",he'ih'oonoo3itouhuno',2,,,,
"un.008",honoh'oho'.,3,,,,
"un.009",noh,1,,,,
"un.009",he'ih'iinoonoh'ouubetino'.,2,,,,
"un.010",hei'iiseeneiniito'eibeti3i'.,1,,,,
"un.011","he'ne'eebe3oo'eixootiini',",1,,,,
"un.011",toh'etnonouhti3i'.,2,,,,
"un.012","hee3ei'eso'oo3i',",1,,,,
"un.012","he'ihbeexo'eneihino',",2,,,,
"un.012",toh'etnoononouhti3i'.,3,,,,
"un.013",he'ihbisneyoo'uutoon.,1,,,,
"un.014",totoos,1,,,,
"un.014",tei'yoonoh'o',2,,,,
"un.014",he'ihnii3noononouhtihihno'.,3,,,,
"un.015",he'ih'eebe3kookoxuxootiin,1,,,,
"un.015",ciibeetiinenno'.,2,,,,
"un.016",Noko3e',1,,,,
"un.016",siisiiyoniinenno',2,,,,
"un.016","noob[een]e'einiihi',",3,,,,
"un.016",he'nee'eetoo3i'.,4,,,,
"un.017",Noh,1,,,,
"un.017",hinono'eino',2,,,,
"un.017",hoowuniihiihi',3,,,,
"un.017",nee'eesiseehehkoni'.,4,,,,
"un.018",hei'eyeihcesisoo',1,,,,
"un.018","nonouhtiit,",2,,,,
"un.018",he'ihcihkoo'ouut,3,,,,
"un.018",niisne'iseet,4,,,,
"un.019","he'ihtoyoohootowuu,",1,,,,
"un.019",tohbeetoh'ei'inou'u,2,,,,
"un.019",hee3eecihkoo'ouute'.,3,,,,
"un.020",honoh'oho',1,,,,
"un.020",he'ihyii3ecinooheeno',2,,,,
"un.020",toh'etwonoohoo3ei3i'.,3,,,,
"un.021",hoonii,1,,,,
"un.021",kou3iihi',2,,,,
"un.021",he'ihce'eno'ukoohuno'.,3,,,,
"un.022","wohei,",1,,,,
"un.022","heehehkoni',",2,,,,
"un.022",hineniteeniit,3,,,,
"un.022",ceneikoni'.,4,,,,
"un.023",Wonoo3ee',1,,,,
"un.023",cenihwoneiniitoo'eikoni'.,2,,,,
"un.024",hinee,1,,,,
"un.024",hineniteeno',2,,,,
"un.024",nenei'towuuni3i'.,3,,,,
"un.025",hecoxonoh'oe,1,,,,
"un.025",bee'etee3iiyouhut.,2,,,,
"un.026",noh,1,,,,
"un.026",nii'inouhut;,2,,,,
"un.026",heetno'uuhu3i'.,3,,,,
"un.027",noh,1,,,,
"un.027",heetne'iiniito'eibee3i'.,2,,,,
"un.028",cenihwonnii3noononouhti3i'.,1,,,,
"un.029","wohei,",1,,,,
"un.029",he'ne'ce'nihi'ixootiini'.,2,,,,
"un.030",he'ih'eeneeckoohuno'.,1,,,,
"un.031",wohei,1,,,,
"un.031",he'ne'cihnoooxunootiini',2,,,,
"un.031",hetnoonoh'ouuwoobe,3,,,,
"un.031",nuhu',4,,,,
"un.031",hineniteeno'.,5,,,,
"un.032",noh,1,,,,
"un.032",hetiiniito'eiwoobe.,2,,,,
"un.033",Noh,1,,,,
"un.033",he'nee'eestoo3i',2,,,,
"un.033",hinono'eino'.,3,,,,
"un.034",noh,1,,,,
"un.034",hunee,2,,,,
"un.034",hoo3oo'o',3,,,,
"un.034",he'nee'eestoo3i'.,4,,,,
"un.035","hei'iisiiniito'eiwoo3i',",1,,,,
"un.035","he'ihneeneeceenohoo3eeno',",2,,,,
"un.035",hei'beteee3i'.,3,,,,
"un.036",Noh,1,,,,
"un.036",hunee,2,,,,
"un.036",hoo3oo'o',3,,,,
"un.036",he'nee'eestoo3i'.,4,,,,
"un.037",hoonii,1,,,,
"un.037",kou3iihi',2,,,,
"un.037",he'ihciinohwootiin.,3,,,,
"un.038",he'ih'eeneeckoohuno'.,1,,,,
"un.039",Wohei,1,,,,
"un.039","nooke'ehk,",2,,,,
"un.039",hetcihneeneyoo'uube.,3,,,,
"un.040",heetne'cesisoo',1,,,,
"un.040",nonouhtiit.,2,,,,
"un.041","wohei,",1,,,,
"un.041","hei'nooke',",2,,,,
"un.041",he'ihbisneyoo'uutoon.,3,,,,
"un.042",Noh,1,,,,
"un.042",he'ihce'oo'eixootiin.,2,,,,
"un.043",Noh,1,,,,
"un.043",nuhu',2,,,,
"un.043",wonoono'uuhu3i',3,,,,
"un.043",he'ih'eneesinouhuno'.,4,,,,
"un.044",hi'iihi',1,,,,
"un.044","hinii3e'eeninoo,",2,,,,
"un.044",tohbee'etee3iiyouhu3i'.,3,,,,
"un.045",he'ihbiite'eihino'.,1,,,,
"un.046",Noh,1,,,,
"un.046",nehe',2,,,,
"un.046",honoh'oe,3,,,,
"un.046",he'ih-biite'noo3inou.***,4,,,,
"un.047",noh,1,,,,
"un.047",he'ih-noh'ei.***,2,,,,
"un.048",he'ne'cesisoo',1,,,,
"un.048",nonouhtiit.,2,,,,
"un.049","he'iiskookoxuxootiini',",1,,,,
"un.049",nehe',2,,,,
"un.049",honoh'oe,3,,,,
"un.049",he'ih'inookuun.,4,,,,
"un.050",ceneeteenii'eihii,1,,,,
"un.050",nooko3ii.,2,,,,
"un.051",he'ihnonouhtino',1,,,,
"un.051",honoh'oho'.,2,,,,
"un.052",heetee,1,,,,
"un.052",he'ih3i'eyooneih,2,,,,
"un.052",niisih'oono'.,3,,,,
"un.053",hinenno',1,,,,
"un.053",he'ih'iteneihino',2,,,,
"un.053",te3eiciihi',3,,,,
"un.053",heesce'eseiti3i'.,4,,,,
"un.054",he'ne'nonouhtiitooni'.,1,,,,
"un.055",heetniini3ihcehi3i',1,,,,
"un.055",3i'eyoone'.,2,,,,
"un.056",hehyeini3i',1,,,,
"un.056",hinono'eino',2,,,,
"un.056",noh,3,,,,
"un.056",hehyeini3i',4,,,,
"un.056",ciibeetiinenno',5,,,,
"un.056",noh,6,,,,
"un.056",hehyeini3i',7,,,,
"un.056",siisiiyoniinenno',8,,,,
"un.056",noh,9,,,,
"un.056",hehyeini3i',10,,,,
"un.056",bee'etee3iiyohounenno'.,11,,,,
"un.057",he'ne'cesihcehi3i'.,1,,,,
"un.058",beebei'on,1,,,,
"un.058",he'ih'e3ebkoo,2,,,,
"un.058",nehe',3,,,,
"un.058",ceeneeteenookuuneet.,4,,,,
"un.059",he'iiseh'oonooteso'oono'.,1,,,,
"un.060",hehniiseiht,1,,,,
"un.060",hinono'ei,2,,,,
"un.060",he'ih'itooxo'oo.,3,,,,
"un.061","hei'cih'iini3ihcehi3i',",1,,,,
"un.061",nehe',2,,,,
"un.061",hinono'ei,3,,,,
"un.061",he'ne'cihnisicetouuhut.,4,,,,
"un.062",ceece3o'oh,1,,,,
"un.062",he'ihcih'etebkuu3ee,2,,,,
"un.062",nuhu',3,,,,
"un.062",ceneeteenookuuneen.,4,,,,
"un.063",noh,1,,,,
"un.063",nuhu',2,,,,
"un.063",hoo3oo'o',3,,,,
"un.063","hibeteise'inoo,***",4,,,,
"un.063",he'ihi'niiniisihetino'.,5,,,,
"un.064",he'ne'bisiixou[ouw],1,,,,
"un.064",cesisinoo'oo3i'.,2,,,,
"un.065",noh,1,,,,
"un.065",nehe',2,,,,
"un.065",hinono'ei,3,,,,
"un.065",he'iisehbehiscebixoo3ee.,4,,,,
"un.066","hei'ehno'koohu3i',",1,,,,
"un.066","he'ihxouunooni,",2,,,,
"un.066",noh,3,,,,
"un.066",huseino',4,,,,
"un.066",he'ihciiciiheino'.,5,,,,
"un.067",he'ne'nii'eeneeckoohu3i'.,1,,,,
"un.068",wohei,1,,,,
"un.068",honoh'oe,2,,,,
"un.068",he'ihkonee,3,,,,
"un.068",tohnokohut.,4,,,,
"un.069",he'ihnoohobet.,1,,,,
"un.070",he'ih-woxusii.,1,,,,
"un.071",biixonoo,1,,,,
"un.071",he'ih'inookuun.,2,,,,
"un.072",niicii,1,,,,
"un.072",he'ihnoohoot.,2,,,,
"un.073",Noh,1,,,,
"un.073",he'ihtonot.,2,,,,
"un.074",he'iisehniicisoo,1,,,,
"un.074",nuhu',2,,,,
"un.074",heetbesise'.,3,,,,
"un.075",hetciitei,1,,,,
"un.075",hee3eihok.,2,,,,
"un.076",he'eteini3i.,1,,,,
"un.077","Tohnooke',",1,,,,
"un.077","hei'eh'oo'eixootiini',",2,,,,
"un.077","he'ihnee'ee3eyoo'ouh,",3,,,,
"un.077",hini',4,,,,
"un.077",nih'iiskoneet.,5,,,,
"un.078",ciisiniihiihi',1,,,,
"un.078",niicibe',2,,,,
"un.078",he'nee'eetohcih3ii3i'ookuut.,3,,,,
"un.079",he'ihtokooxuunei'ooku'oo.,1,,,,
"un.080",he'iisehnoohobee,1,,,,
"un.080",honoh'o.,2,,,,
"un.081",he'inee'ee3eyoo'uuni3.,1,,,,
"un.082",wohei,1,,,,
"un.082","he'ne'kohtowu3ecoot,",2,,,,
"un.082",tohnoohowoot,3,,,,
"un.082",nuhu',4,,,,
"un.082",honoh'o.,5,,,,
"un.083",he'ih'iintisee,1,,,,
"un.083",hinenteeniit.,2,,,,
"un.084",he'ihyihoo,1,,,,
"un.084",nuhu',2,,,,
"un.084",heetnoohowoot,3,,,,
"un.084",honoh'o.,4,,,,
"un.085",he'ih'enee3he'inonee.,1,,,,
"un.086","he'ne'beebee3sohowuunoot,",1,,,,
"un.086","beenii,",2,,,,
"un.086",tou3eeniihi',3,,,,
"un.086",tohnee'ee3eyoo'uun?,4,,,,
"un.087",hee3eyoo'uunoo.,1,,,,
"un.088",kookon,1,,,,
"un.088",neihoownee'ee3eyoo'uu:,2,,,,
"un.088",beeteenoo'.,3,,,,
