ref,word,num,dep,label,dep2,label2
"WhBear.001",hee3e'inowoo,1,,,,
"WhBear.001",heescih'iisiii'oonoo,2,,,,
"WhBear.001",nihwoo3ei'i,3,,,,
"WhBear.001",hiinikotiit[ono].,4,,,,
"WhBear.002",biikoo,1,,,,
"WhBear.002",nihwoo3ei'i,2,,,,
"WhBear.002",hiinikotiitono:,3,,,,
"WhBear.003",hooxeiheihiit,1,,,,
"WhBear.003",noh,2,,,,
"WhBear.003",noononiikohetii[t].,3,,,,
"WhBear.004",noh,1,,,,
"WhBear.004","nih'iikoxookowou'u,",2,,,,
"WhBear.004",hoonoo3ei'iikohetii[t].,3,,,,
"WhBear.005",hinenteeneyoo3oono,1,,,,
"WhBear.005",nih'iiniiniisooni'i.,2,,,,
"WhBear.006",honoono'ookeitooni'i,1,,,,
"WhBear.006",nih'iiteeteteesoo'oono',2,,,,
"WhBear.006",tih'iinih'oubeeno':,3,,,,
"WhBear.007",noonookoheikoohuno'.,1,,,,
"WhBear.008",neyeih'inoo,1,,,,
"WhBear.008",nihi'iinikotiino',2,,,,
"WhBear.008",nohkuuhu',3,,,,
"WhBear.008",neciinonoo3ootiininoo.,4,,,,
"WhBear.009","hei'cihno'o3iikoheinoo,",1,,,,
"WhBear.009",nih'iinii3yiiyih'oonou'u,2,,,,
"WhBear.009",nihoonou'uho'.,3,,,,
"WhBear.010",nih'ii3ee3ei'eikuu3oono'.,1,,,,
"WhBear.011",noh,1,,,,
"WhBear.011","ne'no'ookeitooni'i,",2,,,,
"WhBear.011","nih'iikokoo'ci3o'ooni',",3,,,,
"WhBear.011",seese'esooneeni'.,4,,,,
"WhBear.012",cihi'noseinou'u,1,,,,
"WhBear.012",nih'oonouteyooneeni'i.,2,,,,
"WhBear.013",neinoo,1,,,,
"WhBear.013",nih'iiniistoneino',2,,,,
"WhBear.013",ho'uwoono3o;,3,,,,
"WhBear.014",noh,1,,,,
"WhBear.014",ne'nih'iit3eiinowuno',2,,,,
"WhBear.014",noto'uwooninoo,3,,,,
"WhBear.014",heenees3o'ohowunou'u.,4,,,,
"WhBear.015","benee3iii'i,",1,,,,
"WhBear.015",biitobeeniihi',2,,,,
"WhBear.015",ceesisbeebenxootiini'.,3,,,,
"WhBear.016",hinee,1,,,,
"WhBear.016",tokoo3,2,,,,
"WhBear.016",ho'oheeniiciihehe',3,,,,
"WhBear.016","hoh'eni',",4,,,,
"WhBear.016",nih'iibiibii'inoono',5,,,,
"WhBear.016",be'enou'u,6,,,,
"WhBear.016",noh,7,,,,
"WhBear.016",nih'iiwo'tenoono',8,,,,
"WhBear.016",tih'iibiineihi3i'.,9,,,,
"WhBear.017",hooyei,1,,,,
"WhBear.017",heeneicxooyeihiinou'u,2,,,,
"WhBear.017",hohootno',3,,,,
"WhBear.017",tih'iiteeteexokuutonoono'.,4,,,,
"WhBear.018","nih'iikohoh'ohwootiini',",1,,,,
"WhBear.018",noh,2,,,,
"WhBear.018",nih'iino'otowooteihiitooni',3,,,,
"WhBear.018",heeneetohniisibetiitooni'i.,4,,,,
"WhBear.019",hinee,1,,,,
"WhBear.019",nihciinoo'oneihinoo,2,,,,
"WhBear.019",ce3ohwoot.,3,,,,
"WhBear.020",notouho',1,,,,
"WhBear.020","nih'ee3kuu3i3i',",2,,,,
"WhBear.020",behiiscowooyei'onou'u.,3,,,,
"WhBear.021",cenihno'o3kooneniii[noo],1,,,,
"WhBear.021",neinoo,2,,,,
"WhBear.021",tih'esoohowo',3,,,,
"WhBear.021",neniisi3ei'i3i,4,,,,
"WhBear.021",neisonoo,5,,,,
"WhBear.021",tih'iino'uxohoot.,6,,,,
"WhBear.022","hii3einoonoseino',",1,,,,
"WhBear.022","ce'eenoono,",2,,,,
"WhBear.022",totoos,3,,,,
"WhBear.022","hokeihtoono,",4,,,,
"WhBear.022",nenei'i,5,,,,
"WhBear.022",nih'iiniixoneebiibiineihiinou'u.,6,,,,
"WhBear.023",hii3einoono'uuw,1,,,,
"WhBear.023",nih'iini'coo',2,,,,
"WhBear.023",nohkuuhu',3,,,,
"WhBear.023","niinen,",4,,,,
"WhBear.023",noh,5,,,,
"WhBear.023",nih'iiniiniikohu'u,6,,,,
"WhBear.023",ho'uwoono3o.,7,,,,
"WhBear.024",hii3einoonoseino',1,,,,
"WhBear.024",se'esei'i,2,,,,
"WhBear.025",nih'iinookoonetee',1,,,,
"WhBear.025",noh,2,,,,
"WhBear.025",nih'iibesiiwoohu',3,,,,
"WhBear.025",ceneecebkoniitooni'i.,4,,,,
"WhBear.026",toyoohowou'u,1,,,,
"WhBear.026",no'uxotiinoo3i,2,,,,
"WhBear.026",hinenno'.,3,,,,
"WhBear.027",nih'oyeitiib,1,,,,
"WhBear.027",niito',2,,,,
"WhBear.027",hoceikoohuutooni',3,,,,
"WhBear.027",hinenno',4,,,,
"WhBear.027",hisitee,5,,,,
"WhBear.027",noh,6,,,,
"WhBear.027","huucoono,",7,,,,
"WhBear.027",hiinotoo,8,,,,
"WhBear.027",noh,9,,,,
"WhBear.027",hicoo.,10,,,,
"WhBear.027",[hocoo?],11,,,,
"WhBear.028","xoo'oneenou'u,",1,,,,
"WhBear.028","nih'iicih'owootiini'i,",2,,,,
"WhBear.029",noh,1,,,,
"WhBear.029",nih'iinohkubiini'i,2,,,,
"WhBear.029",hookouhut,3,,,,
"WhBear.029",hocoono.,4,,,,
"WhBear.030",hixono,1,,,,
"WhBear.030","nih'iibehiisxo'yohu'u,",2,,,,
"WhBear.031",noh,1,,,,
"WhBear.031","ne'nih'ii'no'o'nenei'i,***",2,,,,
"WhBear.031",nih'iiceneiikoohu'u.***,3,,,,
"WhBear.032",ceb,1,,,,
"WhBear.032",ne'nihi'iiniiscihi'i,2,,,,
"WhBear.033",noh,1,,,,
"WhBear.033","he3ebbe3e'inoo'ou'u,",2,,,,
"WhBear.033",ne'nih'ii'3eiini'i,3,,,,
"WhBear.033",tohookoosiseno,4,,,,
"WhBear.033",tohuunohkubiineihiinoo',5,,,,
"WhBear.034","hibiiswoono,",1,,,,
"WhBear.034",hiniinooxo,2,,,,
"WhBear.034",hi3ooxuu,3,,,,
"WhBear.034",noh,4,,,,
"WhBear.034",huukono,5,,,,
"WhBear.034",nih'iibehiistonouni'i.,6,,,,
"WhBear.035",heenee'iihi',1,,,,
"WhBear.035",nih'iikoxohowooni',2,,,,
"WhBear.035",yookoxuu,3,,,,
"WhBear.035",(cee'ei'i),4,,,,
"WhBear.035",tih'iibiini'i.,5,,,,
"WhBear.036",nihwoo3ei'i,1,,,,
"WhBear.036",cei'sou'u,2,,,,
"WhBear.036",hi3eicii.,3,,,,
"WhBear.037",nohci'nih'iikou'uni'i,1,,,,
"WhBear.037","biino,",2,,,,
"WhBear.037","ne'ibino',",3,,,,
"WhBear.037",noh,4,,,,
"WhBear.037",tootoocibino;,5,,,,
"WhBear.038",noh,1,,,,
"WhBear.038",nih'iiseyouwuhu'u,2,,,,
"WhBear.038",noh,3,,,,
"WhBear.038",nih'ii[nii]3oxesnouni'i.,4,,,,
"WhBear.039",hinee,1,,,,
"WhBear.039",niixoo'ou'u,2,,,,
"WhBear.039",noh,3,,,,
"WhBear.039",ceciniihi',4,,,,
"WhBear.039",nih'iibiini'i.,5,,,,
"WhBear.040",bih'ihii-,1,,,,
"WhBear.040",noh,2,,,,
"WhBear.040",nisicehiinoseino',3,,,,
"WhBear.040",nihnii3ooyeisou'u;,4,,,,
"WhBear.041",ci'ne'nih'iisbeistonouneihiinou'u,1,,,,
"WhBear.041",nohkuuhu',2,,,,
"WhBear.041",hinotoyeiciino[-no:,3,,,,
"WhBear.041",sic],4,,,,
"WhBear.042",hiwoxuuhuu[no],1,,,,
"WhBear.042",noh,2,,,,
"WhBear.042",hoseino',3,,,,
"WhBear.042",nih'e'eenebeihiinou'u.,4,,,,
"WhBear.043",hiwoxuuhookutee,1,,,,
"WhBear.043","nih'iiwo'3iheihiinou'u,",2,,,,
"WhBear.044",noh,1,,,,
"WhBear.044",hiseino',2,,,,
"WhBear.044",he'ihP,3,,,,
"WhBear.044",hibiixuutooninoo,4,,,,
"WhBear.044",nih'iibeheibto'ohu'u.,5,,,,
"WhBear.045",neeso,1,,,,
"WhBear.045",hiibiixuutoninoo,2,,,,
"WhBear.045",hiwoxuuhookuto'ohuno,3,,,,
"WhBear.045",hooxoohuut.***,4,,,,
"WhBear.046",niisbeesbetootosei'i,1,,,,
"WhBear.046",'oh,2,,,,
"WhBear.046",tih'iiP,3,,,,
"WhBear.046",beicito,4,,,,
"WhBear.046",heeneisootei'i,5,,,,
"WhBear.046",hibexoot.,6,,,,
"WhBear.047",hei'no'uuu'oonoo,1,,,,
"WhBear.047",nih'iikokoh'eenebi3i',2,,,,
"WhBear.047","honoh'oho',",3,,,,
"WhBear.047",nih'iitesototeihinoo.,4,,,,
"WhBear.048",neniiheininoo,1,,,,
"WhBear.048",nih'iiseineebeino',2,,,,
"WhBear.048",heesoo'ohk,3,,,,
"WhBear.048",huusiit,4,,,,
"WhBear.048","neeneisniisi3ootiini'ehk,",5,,,,
"WhBear.049",wo'ei3,1,,,,
"WhBear.049",niisciinoononeihiitooni'ehk,2,,,,
"WhBear.049",hiiniine'etiit,3,,,,
"WhBear.049",ni'iinowoohuut,4,,,,
"WhBear.049",nuhu',5,,,,
"WhBear.049",heiciinowoo'oono.***,6,,,,
"WhBear.050",ne'cihwone'inowoo,1,,,,
"WhBear.050",niisniisihi'i,2,,,,
"WhBear.050",hoo3inootino,3,,,,
"WhBear.050",noowoneihinoo.,4,,,,
"WhBear.051",koxuute',1,,,,
"WhBear.051",nih'iiciixookoheinoo,2,,,,
"WhBear.051",hooxebine',3,,,,
"WhBear.051",wo'ei3,4,,,,
"WhBear.051",niiciihehe'.,5,,,,
"WhBear.052",noh,1,,,,
"WhBear.052",honoh'oho',2,,,,
"WhBear.052",nih'iibeh3ii3i'oku3i',3,,,,
"WhBear.052",boone',4,,,,
"WhBear.052",tih'iibeetnoohowoo3i',5,,,,
"WhBear.052",hiseihih'o.,6,,,,
"WhBear.053",hih'iihoowuniiseno'oono',1,,,,
"WhBear.053",hiseihih'o',2,,,,
"WhBear.053",nokoo3.,3,,,,
"WhBear.054",nih'iibeexuubineenitesei'ee3i',1,,,,
"WhBear.054",bii'o'oono'.,2,,,,
"WhBear.055",neih'oowbeesisei,1,,,,
"WhBear.055",tih'iisinoo;,2,,,,
"WhBear.056",xooxonou,1,,,,
"WhBear.056",cesisniiheniine'etiiyoohunoo,2,,,,
"WhBear.056",heescih'iisinoo.,3,,,,
"WhBear.057","benee3iii'i,",1,,,,
"WhBear.057",xonou,2,,,,
"WhBear.057",nih'e'ino[wu]ni',3,,,,
"WhBear.057",nih'eeneis[noo]noono'uyooni',4,,,,
"WhBear.057",hookono,5,,,,
"WhBear.057",houwo,6,,,,
"WhBear.057",noh,7,,,,
"WhBear.057","niiinono,",8,,,,
"WhBear.058",noh,1,,,,
"WhBear.058",hitoohuuhooxebii,2,,,,
"WhBear.058",nih'ei'inou'u,3,,,,
"WhBear.058","nih'iibiino3ee3i',",4,,,,
"WhBear.058",tih'iinooteihi3i',5,,,,
"WhBear.059",ho'uwoono3o,1,,,,
"WhBear.059","nih'iitonoyookuhu'u,",2,,,,
"WhBear.060",noh,1,,,,
"WhBear.060",ho'uwoono,2,,,,
"WhBear.060",nih'iineeneixoxonei'i.,3,,,,
"WhBear.061",hokooxuno',1,,,,
"WhBear.061",nih'itoohu3i',2,,,,
"WhBear.061","hiwoxuuhooxebii,",3,,,,
"WhBear.062",noh,1,,,,
"WhBear.062",cebtoo'ooku3oono,2,,,,
"WhBear.062",ne'tih'iiniisihi'i.,3,,,,
"WhBear.063",hinee,1,,,,
"WhBear.063","ne'nih'ii'neeniii',",2,,,,
"WhBear.063",hoowuyootiini'.,3,,,,
"WhBear.064",noh,1,,,,
"WhBear.064",noonoo'oeenookuhu3i',2,,,,
"WhBear.064",hini',3,,,,
"WhBear.064",niineh'i3i'.,4,,,,
"WhBear.065",hokooxuno',1,,,,
"WhBear.065","nih'iiniito'utoukuhu3i',",2,,,,
"WhBear.065",noh,3,,,,
"WhBear.065","heeneis3owotenoonoo3i,",4,,,,
"WhBear.065",hoo3oo'o',5,,,,
"WhBear.065",ne'nii'niihooxeni3i'.,6,,,,
"WhBear.066",nih'iinoxowunooteihi',1,,,,
"WhBear.066",nih'iisiincihi'i,2,,,,
"WhBear.066","behiisiihi',",3,,,,
"WhBear.066",tih'iinouutowuuhiinikoni'.,4,,,,
"WhBear.067",teebe,1,,,,
"WhBear.067","hee3hiniisooninoo,",2,,,,
"WhBear.067",nih'eceshiiniibiseininoo.,3,,,,
"WhBear.068",niito',1,,,,
"WhBear.068",nees,2,,,,
"WhBear.068",nihneh'eet:,3,,,,
"WhBear.068",boo3etiit,4,,,,
"WhBear.068","hooxeihiinenno',",5,,,,
"WhBear.068",ne'neh'eet.,6,,,,
"WhBear.069",houu,1,,,,
"WhBear.069",cowo'oo,2,,,,
"WhBear.069",[hi]niisih'iit.,3,,,,
"WhBear.070",neniisoo,1,,,,
"WhBear.070",hiseihihi',2,,,,
"WhBear.070",cenisi',3,,,,
"WhBear.070",niisootoxou'u,4,,,,
"WhBear.070",hiisiis,5,,,,
"WhBear.070",hiniisonoon,6,,,,
"WhBear.070",tih'iisiiyohooteni3.,7,,,,
"WhBear.071",nihniisootoxuunei'i,1,,,,
"WhBear.071",nececniwo.,2,,,,
"WhBear.072",xonou,1,,,,
"WhBear.072",nihniiheniistiinoo,2,,,,
"WhBear.072",hohcihiino***,3,,,,
"WhBear.072",hi'iihi',4,,,,
"WhBear.072",wouuno',5,,,,
"WhBear.072",noh,6,,,,
"WhBear.072",nihniiheneibtiinoo,7,,,,
"WhBear.072",nuhu',8,,,,
"WhBear.072",hibexoo.,9,,,,
"WhBear.073",neeneisoo',1,,,,
"WhBear.073",heenoo,2,,,,
"WhBear.073","heetee,",3,,,,
"WhBear.073",nih'iiwo'3ihi'i,4,,,,
"WhBear.073",biihi3ii,5,,,,
"WhBear.073",hiwoxuuhooxebii,6,,,,
"WhBear.073",noh,7,,,,
"WhBear.073",huu3einooniibiihi3ii.,8,,,,
"WhBear.074",nih'iibeexo'oni'i,1,,,,
"WhBear.074",noh,2,,,,
"WhBear.074",nih'iiyoo3ooni'i.,3,,,,
"WhBear.075",tei'yoonehih'o',1,,,,
"WhBear.075",nih'iicii3ibii3i',2,,,,
"WhBear.075",hitou'cihiininoo,3,,,,
"WhBear.075",hi'iihi';,4,,,,
"WhBear.075",hoowuuhu',5,,,,
"WhBear.075",xoco'okotiinino***,6,,,,
"WhBear.075",tih'iinecekihe3itobi'i.***,7,,,,
"WhBear.076",nih'okootooni',1,,,,
"WhBear.076",heeyowuusi',2,,,,
"WhBear.076","koxuute',",3,,,,
"WhBear.076",noh,4,,,,
"WhBear.076",koxuute',5,,,,
"WhBear.076",niisiiis.,6,,,,
"WhBear.077",nonoocoo',1,,,,
"WhBear.077",nih'otoonoohoo3i',2,,,,
"WhBear.077","hotooneihiiho,",3,,,,
"WhBear.077",noh,4,,,,
"WhBear.077",beebeet,5,,,,
"WhBear.077",nenee',6,,,,
"WhBear.077",tei'yoonoh'o',7,,,,
"WhBear.077",hibiixuutooninoo.,8,,,,
"WhBear.078",noh,1,,,,
"WhBear.078",niisiyouhu'u,2,,,,
"WhBear.078",nih'iiwo'teenceneeteeyou'u,3,,,,
"WhBear.078",noh,4,,,,
"WhBear.078",nih'iibe'ei'i,5,,,,
"WhBear.078",ci'nih'otoonouhu'u,6,,,,
"WhBear.078",hi'iihi',7,,,,
"WhBear.078",houwo,8,,,,
"WhBear.078",hinono'useino',9,,,,
"WhBear.078",hiniisihooninoo.,10,,,,
"WhBear.079",bi'e3ixono',1,,,,
"WhBear.079",nih'iicito'ohu3i',2,,,,
"WhBear.079","nih'otoonouhu3i',",3,,,,
"WhBear.079",honoh'oho',4,,,,
"WhBear.079",tih'iineyoo'uutoni3i'.,5,,,,
"WhBear.080","ceebikoni'i,",1,,,,
"WhBear.080",tih'iibi'neesP,2,,,,
"WhBear.080","yeyeiniinootee',",3,,,,
"WhBear.080","hei'cih'iniisooni[noo],",4,,,,
"WhBear.080",ceese',5,,,,
"WhBear.080","hee'nee'cihi3i,",6,,,,
"WhBear.080",beexo'uuhu',7,,,,
"WhBear.080",nih'iibi'oyooku3o',8,,,,
"WhBear.080","neteexokuune',",9,,,,
"WhBear.080",noh,10,,,,
"WhBear.080",tih'iiciixobeso'oni'i,11,,,,
"WhBear.080",hiwoxuuhooxebii,12,,,,
"WhBear.080",noh,13,,,,
"WhBear.080",hiniinooxuuhuuho'.,14,,,,
"WhBear.081",nih'iinoh'ukoteso'oni'i,1,,,,
"WhBear.081",noh,2,,,,
"WhBear.081",nih'iinoh'ukotiihi'i;,3,,,,
"WhBear.081",koun,4,,,,
"WhBear.081",tih'iiciini'o[3[on]oo[no]xuu[t]***,5,,,,
"WhBear.081",netei'yoonehe'.,6,,,,
"WhBear.082",'oh,1,,,,
"WhBear.082","tooyo3ou'u,",2,,,,
"WhBear.082",tei'yoonoh'o',3,,,,
"WhBear.082",nih'iiniihoneihi3i',4,,,,
"WhBear.082",koxuute',5,,,,
"WhBear.082",tih'iinookontoyoowbee3iiitooni',6,,,,
"WhBear.082","tih'iiciixooke',",7,,,,
"WhBear.082",totoos,8,,,,
"WhBear.082",beneeci'i.,9,,,,
"WhBear.083",he'iitoxuuhu',1,,,,
"WhBear.083",tihwoontei'yooniininoo,2,,,,
"WhBear.083",neinoo,3,,,,
"WhBear.083","nih'iino'oeteixoheino',",4,,,,
"WhBear.083",wo'owuu,5,,,,
"WhBear.083","nih'o'oho',",6,,,,
"WhBear.084",ne'nih'ii'sii'ihkuu3eino',1,,,,
"WhBear.084",tih'iitousebeiheino'.,2,,,,
"WhBear.085",noh,1,,,,
"WhBear.085",neih'ow3o'uuseibe.,2,,,,
"WhBear.086","hei'cihbeesiseinoo,",1,,,,
"WhBear.086",wonoo3ei'i,2,,,,
"WhBear.086",beyoowu'u,3,,,,
"WhBear.086",neihcih'esoohoo3oono.,4,,,,
"WhBear.087",noh,1,,,,
"WhBear.087",nih'onobee',2,,,,
"WhBear.087",tih'iiwoo3ee'.,3,,,,
"WhBear.088",nii'owoo',1,,,,
"WhBear.088",heesooku'ootiini'i;,2,,,,
"WhBear.089",nih'ii3ee3e'o'uune'etiit.,1,,,,
"WhBear.090",yoo3onei'i,1,,,,
"WhBear.090",cenih'iisinoo.,2,,,,
"WhBear.091",beehiisbeteetoxu3i',1,,,,
"WhBear.091",neniisoono'.,2,,,,
"WhBear.092",hiiwoonhehe',1,,,,
"WhBear.092",beni'niiseiht,2,,,,
"WhBear.092",heniine'etiit.,3,,,,
"WhBear.093",nehe',1,,,,
"WhBear.093",neiine'etiiheiit,2,,,,
"WhBear.093",hinen,3,,,,
"WhBear.093",hokeciihih,4,,,,
"WhBear.093",heesih'it.,5,,,,
"WhBear.093",neih'e.,6,,,,
"WhBear.094",hooyei,1,,,,
"WhBear.094",netesei[wo'],2,,,,
"WhBear.094",beneeto'oo3i'.,3,,,,
"WhBear.095",koxuute',1,,,,
"WhBear.095",kookoh'eenowou'u,2,,,,
"WhBear.095",he'ne'nii'neetou3ecoonoo.,3,,,,
"WhBear.096",howoo,1,,,,
"WhBear.096",nuhu',2,,,,
"WhBear.096",hee3oo3iteenoo,3,,,,
"WhBear.096",heeteco'onineetou3ecoonoo,4,,,,
"WhBear.096",tohu'kokoh'eeneetowoo,5,,,,
"WhBear.096",nihcih'iisoo':,6,,,,
"WhBear.097",huune'etiit,1,,,,
"WhBear.097",tih'i3eti'.,2,,,,
"WhBear.098",hiiwoonhehe',1,,,,
"WhBear.098",woow,2,,,,
"WhBear.098",beetebiihehiininoo.,3,,,,
"WhBear.099",'oh,1,,,,
"WhBear.099","noosouni'obeenoo,",2,,,,
"WhBear.099",noh,3,,,,
"WhBear.099",noosouni'oxyootowoo,4,,,,
"WhBear.099",nowo'ohno,5,,,,
"WhBear.099",noh,6,,,,
"WhBear.099",notookouno.,7,,,,
"WhBear.100",noosounii3inowoo,1,,,,
"WhBear.100",hiwoxuuhuunisibiitohoono,2,,,,
"WhBear.100",noh,3,,,,
"WhBear.100",hii3oocihoo,4,,,,
"WhBear.100",koo'eihit,5,,,,
"WhBear.100",hoh'onookee.,6,,,,
"WhBear.101",wonoo3ei'i,1,,,,
"WhBear.101",niiinono,2,,,,
"WhBear.101",neihcihniisi3oono,3,,,,
"WhBear.101","houwo,",4,,,,
"WhBear.101",he'iitoxubiicitiinoo,5,,,,
"WhBear.101",wotooho.,6,,,,
"WhBear.102",hooninou'u,1,,,,
"WhBear.102","tih'oobeihi3i',",2,,,,
"WhBear.102",neinoo,3,,,,
"WhBear.102",nih'iinoo'eici3ei'it,4,,,,
"WhBear.102",tih'iinotoonoo3oot,5,,,,
"WhBear.102",hooninou'u,6,,,,
"WhBear.102",hitesii[no'].,7,,,,
"WhBear.103",heesneh'eihit,1,,,,
"WhBear.103",wo'teeno'o,2,,,,
"WhBear.103",hinee,3,,,,
"WhBear.103",hokooxuuniiciihehe',4,,,,
"WhBear.103",nihno'o3oo'.,5,,,,
"WhBear.104",hono'ut,1,,,,
"WhBear.104",hitesiino',2,,,,
"WhBear.104",noh,3,,,,
"WhBear.104",hunono'eino',4,,,,
"WhBear.104",nihbeh'ootii3i',5,,,,
"WhBear.104",nuhu',6,,,,
"WhBear.104",heetohbisiitonoo3i',7,,,,
"WhBear.104",beniiinenno'.,8,,,,
"WhBear.105",neisonoo,1,,,,
"WhBear.105",heetoh'uni,2,,,,
"WhBear.105","niiit,",3,,,,
"WhBear.105","no'uuhu',",4,,,,
"WhBear.106",ne'ootii3ou'u,1,,,,
"WhBear.106",nuhu',2,,,,
"WhBear.106",hee3bisiitootei'i.,3,,,,
"WhBear.107",tohnosouyiisiihino',1,,,,
"WhBear.107",henihco'oonoo,2,,,,
"WhBear.107",beniiinenno',3,,,,
"WhBear.107",tohyii3oocei'oo3i',4,,,,
"WhBear.107",hiiteen.,5,,,,
"WhBear.108",no3,1,,,,
"WhBear.108",he'ii3einoon,2,,,,
"WhBear.108",heihit,3,,,,
"WhBear.108",neinoo.,4,,,,
"WhBear.109",'oh,1,,,,
"WhBear.109",hee'inowoo,2,,,,
"WhBear.109",tih'iiniitei'oo3i',3,,,,
"WhBear.109",tohcii3einooniinit.,4,,,,
"WhBear.110",neisonoo,1,,,,
"WhBear.110",beneetnii3ootiit,2,,,,
"WhBear.110",hitesii[no'].,3,,,,
"WhBear.111",hiiko,1,,,,
"WhBear.111",heihinoo.,2,,,,
"WhBear.112",ne'nihi'nei'inoo,1,,,,
"WhBear.112",tohwo'wuseeno'.,2,,,,
"WhBear.113",woo'wuseeno'.,1,,,,
"WhBear.114",noh,1,,,,
"WhBear.114",biikoo,2,,,,
"WhBear.114",betoootiini'.,3,,,,
"WhBear.115",hono'ut,1,,,,
"WhBear.115",neniiteicihiitooni',2,,,,
"WhBear.115",hi'iihi',3,,,,
"WhBear.115",seenookuu,4,,,,
"WhBear.115",tihnookonko'ootiitooni'.,5,,,,
"WhBear.116",toh'oxoo3heece'eetiinohwootiitooni'.,1,,,,
"WhBear.117",beexwonceiteenoo,1,,,,
"WhBear.117",biikoo.,2,,,,
"WhBear.118",noto'u,1,,,,
"WhBear.118",neniibeit,2,,,,
"WhBear.118",nih'oo3oo.,3,,,,
"WhBear.119",niice'eseitit,1,,,,
"WhBear.119",nih'ii3eihit.,2,,,,
"WhBear.120",neinoo,1,,,,
"WhBear.120",ce'eeckoohuno',2,,,,
"WhBear.120",wootousi'.,3,,,,
"WhBear.121",heniisibinoo,1,,,,
"WhBear.121",nohkuuhu',2,,,,
"WhBear.121",notoone.,3,,,,
"WhBear.122",toh-nous-seh-ciito'ohniin-o'***,1,,,,
"WhBear.122",noh,2,,,,
"WhBear.122",heniisininouho'.,3,,,,
"WhBear.123",nohkuseici',1,,,,
"WhBear.123",ne'niitowootowoo,2,,,,
"WhBear.123",hehkookoe'tee',3,,,,
"WhBear.123",ceciitonei'i.,4,,,,
"WhBear.124",hee'inowoo,1,,,,
"WhBear.124",tohceciitonkookoe'tee'.,2,,,,
"WhBear.125",hiino'-wowoukoohuu-non-eti.***,1,,,,
"WhBear.126","kooheisihcehinoo,",1,,,,
"WhBear.126",hii3kuu3o',2,,,,
"WhBear.126","neniisoo,",3,,,,
"WhBear.126",neteexokuut,4,,,,
"WhBear.126",noh,5,,,,
"WhBear.126",netii3einoonookokuu[t];,6,,,,
"WhBear.127",neeyeisce3koohuno',1,,,,
"WhBear.127","heetohto'ei'i***,",2,,,,
"WhBear.127",nohkuuhu',3,,,,
"WhBear.127",neehebehe',4,,,,
"WhBear.127",heeyei,5,,,,
"WhBear.127",nookeih;,6,,,,
"WhBear.127",hih'oowbeexookee.,7,,,,
"WhBear.128",neisonoo,1,,,,
"WhBear.128",nih'oo'eise'eixohoot.,2,,,,
"WhBear.129",teneexooko'ooxunino',1,,,,
"WhBear.129",coo'otenei'i.,2,,,,
"WhBear.130",noo'koohuunoo',1,,,,
"WhBear.130","ceiteexuucebtoo'ooku3oo,",2,,,,
"WhBear.130",'oh,3,,,,
"WhBear.130",nohkuuhu',4,,,,
"WhBear.130","beh'eihehi',",5,,,,
"WhBear.130",'oh,6,,,,
"WhBear.130",noooxuneet,7,,,,
"WhBear.130",siisoowoo,8,,,,
"WhBear.130",neneh'eihit,9,,,,
"WhBear.130",heihit.,10,,,,
"WhBear.131",[nih]woninoohowoono'.,1,,,,
"WhBear.132",hiniin,1,,,,
"WhBear.132",nihneniinookuni3.,2,,,,
"WhBear.133",hooyotiibiseeni3,1,,,,
"WhBear.133",kokooniihi',2,,,,
"WhBear.133",cebtoo'ooku3oone'.,3,,,,
"WhBear.134",noosounihi'neekoe'tee'.,1,,,,
"WhBear.135",beneiben,1,,,,
"WhBear.135",neih'kuu3oo3i',2,,,,
"WhBear.135",beniiinenno,3,,,,
"WhBear.135",totoonee,4,,,,
"WhBear.135",heeneetoh'uuko'oo3ei'oneihi3i'.,5,,,,
"WhBear.136",noh,1,,,,
"WhBear.136","niih'eikoohuutooni',",2,,,,
"WhBear.136",hiseino',3,,,,
"WhBear.136",noh,4,,,,
"WhBear.136",tei'yoonoh'o'.,5,,,,
"WhBear.137",hee3ei'neeni'niiwouh'uni',1,,,,
"WhBear.137",hii3kuuhu'u.,2,,,,
"WhBear.138",beneiben,1,,,,
"WhBear.138",noowuce3koni'i.,2,,,,
"WhBear.139",heetoh'iii',1,,,,
"WhBear.139",niiciiheihiiteen,2,,,,
"WhBear.139",hee3tebesiikoni';,3,,,,
"WhBear.140",hiitotou3i',1,,,,
"WhBear.140",hooyeiseno,2,,,,
"WhBear.140",hii3einoono'uuwuno.,3,,,,
"WhBear.141",honou3e3en[,1,,,,
"WhBear.141",i']***,2,,,,
"WhBear.141",heetih'iteno';,3,,,,
"WhBear.142",tece'ii,1,,,,
"WhBear.142",hi'iihi',2,,,,
"WhBear.142",hih'oowunokohuutoneihiinoono.,3,,,,
"WhBear.143",biikoo,1,,,,
"WhBear.143",koxuute',2,,,,
"WhBear.143",nihbee3iiitooni';,3,,,,
"WhBear.144","ne'nihi'neenoowukoni',",1,,,,
"WhBear.144",beebei'on,2,,,,
"WhBear.144",honohube',3,,,,
"WhBear.144",boo'oowuu',4,,,,
"WhBear.144",honoot,5,,,,
"WhBear.144","hei'oo'oe',",6,,,,
"WhBear.144",hoo'yooxuuni'.,7,,,,
"WhBear.145",he'iitoxuhuusiisii,1,,,,
"WhBear.145","tohce'iino'uxootiini',",2,,,,
"WhBear.145",noh,3,,,,
"WhBear.145",niitowooto[wu]ni',4,,,,
"WhBear.145",toh'iniito'eibetiitooni'ehk,5,,,,
"WhBear.145",bo'oowuu'.,6,,,,
