ref,word,num,dep,label,dep2,label2
"WhHor.001",wohei,1,,,,
"WhHor.001","teecxo',",2,,,,
"WhHor.001",teecxo',3,,,,
"WhHor.001",hinee,4,,,,
"WhHor.001","neeyou,",5,,,,
"WhHor.001",hinee,6,,,,
"WhHor.001","nihii,",7,,,,
"WhHor.001","niineniiniiciihehe',",8,,,,
"WhHor.001","niineniiniiciihehe',",9,,,,
"WhHor.001","3ebiihi',",10,,,,
"WhHor.001","hinono'ei,",11,,,,
"WhHor.001","hinono'ei,",12,,,,
"WhHor.001","hinono'ei,",13,,,,
"WhHor.001",he'ne'P...,14,,,,
"WhHor.002",hinit,1,,,,
"WhHor.002","hihcebee,",2,,,,
"WhHor.002",hi'in,3,,,,
"WhHor.002","heetcooco'otoyiini',",4,,,,
"WhHor.002",ne'niitoh'uni,5,,,,
"WhHor.002",noti'oneiht,6,,,,
"WhHor.002","hinenitee,",7,,,,
"WhHor.002",hinen.,8,,,,
"WhHor.003",hoowuuhu',1,,,,
"WhHor.003",hoowuu3iihi'.,2,,,,
"WhHor.004",hi'in,1,,,,
"WhHor.004",hinenno',2,,,,
"WhHor.004",nih'iiniisiii'ootou'u.,3,,,,
"WhHor.005",he'neen,1,,,,
"WhHor.005",nihbii'eenebeiht.,2,,,,
"WhHor.006",he'ih'iiniihonkoohu;,1,,,,
"WhHor.006",niihonkoohu.,2,,,,
"WhHor.007",he'ih'eso'oo.,1,,,,
"WhHor.008",nuhu',1,,,,
"WhHor.008",hiwo'ohno,2,,,,
"WhHor.008",...,3,,,,
"WhHor.009",wo'ohnooono,1,,,,
"WhHor.009",he'ihnii3in.,2,,,,
"WhHor.010",tohuubeebee3isei'i,1,,,,
"WhHor.010","wo'ohno,",2,,,,
"WhHor.010",hoote,3,,,,
"WhHor.010",...,4,,,,
"WhHor.011",hootooneihiini'i.,1,,,,
"WhHor.012",tei'ou'u.,1,,,,
"WhHor.013",he'ih'iiwoxusii.,1,,,,
"WhHor.014",heenoo,1,,,,
"WhHor.014",woxusiitono,2,,,,
"WhHor.014",niiniihobei[hii]nou'u.,3,,,,
"WhHor.015","nii'ehiiho',",1,,,,
"WhHor.015",nii'ehiiho',2,,,,
"WhHor.015","nihii,",3,,,,
"WhHor.015",nih'iibiini3i'.,4,,,,
"WhHor.016",niixookuunee3i',1,,,,
"WhHor.016",wo'ei3,2,,,,
"WhHor.016",niisookuunee3i',3,,,,
"WhHor.016",nenee3i'.,4,,,,
"WhHor.017",wohei,1,,,,
"WhHor.017",ceceecei.,2,,,,
"WhHor.018",heenoo,1,,,,
"WhHor.018","nono'ei,",2,,,,
"WhHor.018","3owo3nenitee,",3,,,,
"WhHor.018",nih'iiceceeciini,4,,,,
"WhHor.018",...,5,,,,
"WhHor.019",he'ih'iiceceeco'ohuno'.,1,,,,
"WhHor.020",hi'in,1,,,,
"WhHor.020",nenee'.,2,,,,
"WhHor.021",kookon,1,,,,
"WhHor.021",tih'iiciiteneihiinoo',2,,,,
"WhHor.021",heeyouhuu,3,,,,
"WhHor.021",hoowuneyei3tootiin.,4,,,,
"WhHor.022","xonouuwtootiini',",1,,,,
"WhHor.022",hiisoho'.,2,,,,
"WhHor.023",nenee':,1,,,,
"WhHor.024",xonouuwnee'eestootiini'.,1,,,,
"WhHor.025",hoowuneyei3tootiin.,1,,,,
"WhHor.026",ne'nihcih'ee3ei'inou'u,1,,,,
"WhHor.026",beh'eihoho'.,2,,,,
"WhHor.027",kookon,1,,,,
"WhHor.027",hoowuuteneihiinoo.,2,,,,
"WhHor.028",heii,1,,,,
"WhHor.028",...,2,,,,
"WhHor.029",tohceceeco'oheihiinoo'.,1,,,,
"WhHor.030",hi'in,1,,,,
"WhHor.030",nenee':,2,,,,
"WhHor.031",hinenitee[no'],1,,,,
"WhHor.031",nih'eixo'owuu3i',2,,,,
"WhHor.031","woxu'uu,",3,,,,
"WhHor.031",hetnii3oobei3i'.,4,,,,
"WhHor.032",hi'in,1,,,,
"WhHor.032","nenee'eesinihiinoo3i,",2,,,,
"WhHor.032",heetnehnee'[ees]noohobeihiinoo'.,3,,,,
"WhHor.033",nohuusoho':,1,,,,
"WhHor.034",nenee',1,,,,
"WhHor.034",nih'eeneisoo',2,,,,
"WhHor.034",huune'etiit,3,,,,
"WhHor.034",heetee,4,,,,
"WhHor.034",hinono'ei.,5,,,,
"WhHor.035",no'o',1,,,,
"WhHor.035",he'ih'eenentoono',2,,,,
"WhHor.035",notkoniinenno'.,3,,,,
"WhHor.036",hoonoyoohootou'u.,1,,,,
"WhHor.037","heesnoohoo3einoo3i,",1,,,,
"WhHor.037",ne'nih'iiscesisihcehi3i'.,2,,,,
"WhHor.038",cihwonei'tobee3i',1,,,,
"WhHor.038",hi'in,2,,,,
"WhHor.038",hee3obee3i'.,3,,,,
"WhHor.039",nenee',1,,,,
"WhHor.039",tih'iihoonoyoohootowoo3i'.,2,,,,
"WhHor.040","bebiisiihi',",1,,,,
"WhHor.040",ne'nih'iisiine'etiit,2,,,,
"WhHor.040",hinono'ei,3,,,,
"WhHor.040",tihneseihi3i'.,4,,,,
"WhHor.041","ne'nih'iisinihii3eenoo,",1,,,,
"WhHor.041",nono'ei,2,,,,
"WhHor.041","heetee,",3,,,,
"WhHor.041",tihneseihi3i'.,4,,,,
"WhHor.042","nih'oo3ou'u,",1,,,,
"WhHor.042","beniiinenno',",2,,,,
"WhHor.042",he'ih'iitowuu,3,,,,
"WhHor.042",biikooniihi'.,4,,,,
"WhHor.043",beniiinenno',1,,,,
"WhHor.043",[he'ih]hiitowuu.,2,,,,
"WhHor.044","tohuuhoonoyoohoo3ei3i',",1,,,,
"WhHor.044",nih'iincei'see3i'.,2,,,,
"WhHor.045",hi'in,1,,,,
"WhHor.045",nenee'.,2,,,,
"WhHor.046",wohei,1,,,,
"WhHor.046",niine'eehek,2,,,,
"WhHor.046",nehe',3,,,,
"WhHor.046","hinen,",4,,,,
"WhHor.046",woxhoox,5,,,,
"WhHor.046",nookeih.,6,,,,
"WhHor.047",cihnee'ee3e'ino'.,1,,,,
"WhHor.048",heenei'towuuneiht.,1,,,,
"WhHor.049",heenei'towuuneihit,1,,,,
"WhHor.049",heetneeneiP,2,,,,
"WhHor.049",...,3,,,,
"WhHor.050",heenoo,1,,,,
"WhHor.050",hi'in,2,,,,
"WhHor.050",neeneistoot,3,,,,
"WhHor.050",nono'ei.,4,,,,
"WhHor.051",kookon,1,,,,
"WhHor.051",tih'iiciicesisitoot.,2,,,,
"WhHor.052",wo'ei3,1,,,,
"WhHor.052",kookon,2,,,,
"WhHor.052",tih'iiciiteneihiinoo',3,,,,
"WhHor.052",heeyouhuu.,4,,,,
"WhHor.053","beexo'uuhu',",1,,,,
"WhHor.053",beexo'uuhu',2,,,,
"WhHor.053",ceceeco'ohu'.,3,,,,
"WhHor.054",wohei,1,,,,
"WhHor.054",yein,2,,,,
"WhHor.054",he'ih'iinebkuuhuno'.,3,,,,
"WhHor.055",wohei,1,,,,
"WhHor.055",ne'nii'ce3eneihiinoo'.,2,,,,
"WhHor.056",wohei,1,,,,
"WhHor.056",ne'nih'iisiini,2,,,,
"WhHor.056",bee3heiht,3,,,,
"WhHor.056",niine'eehek,4,,,,
"WhHor.056",nehe',5,,,,
"WhHor.056",woxhoox,6,,,,
"WhHor.056",nookeih.,7,,,,
"WhHor.057",ceceeco'oheihiinoo',1,,,,
"WhHor.057",heenee3iini,2,,,,
"WhHor.057",hiteixo'ono,3,,,,
"WhHor.057",hi'in,4,,,,
"WhHor.057",biiino',5,,,,
"WhHor.057",...,6,,,,
"WhHor.058",hini',1,,,,
"WhHor.058",biiino'.,2,,,,
"WhHor.059","nii'ehiiho',",1,,,,
"WhHor.059",neenei3ecihcehi3i'.,2,,,,
"WhHor.060",he'ihneenin:,1,,,,
"WhHor.061",wohei,1,,,,
"WhHor.061",hi'in,2,,,,
"WhHor.061","[hii]nooko3oni3i',",3,,,,
"WhHor.061",nee3i'.,4,,,,
"WhHor.062",hoowuh'[ohu]P,1,,,,
"WhHor.062",hoowuu3iini,2,,,,
"WhHor.062",...,3,,,,
"WhHor.063",hini'iit,1,,,,
"WhHor.063","heebe3ii'eihii,",2,,,,
"WhHor.063","wo'teenii'eihii,",3,,,,
"WhHor.063",wohei,4,,,,
"WhHor.063","cecnouhuuho',",5,,,,
"WhHor.063",ceese',6,,,,
"WhHor.063",swift,7,,,,
"WhHor.063","hawk,",8,,,,
"WhHor.063",woo'uh'eino'.,9,,,,
"WhHor.064",hi'in,1,,,,
"WhHor.064",nee3i',2,,,,
"WhHor.064",biiino',3,,,,
"WhHor.064",niitootonouneihi3i'.,4,,,,
"WhHor.065",wohei,1,,,,
"WhHor.065",niine'eehek,2,,,,
"WhHor.065",nehe',3,,,,
"WhHor.065",woxhoox,4,,,,
"WhHor.065",nookeih.,5,,,,
"WhHor.066",bii'eenebeiht,1,,,,
"WhHor.066",neeyou,2,,,,
"WhHor.066","3ebiihi',",3,,,,
"WhHor.066",South,4,,,,
"WhHor.066",Platte,5,,,,
"WhHor.066","ni'ii3eihiinoo',",6,,,,
"WhHor.066",hinee,7,,,,
"WhHor.066",niicie,8,,,,
"WhHor.066",3ebiihi'.,9,,,,
"WhHor.067",heenei'towuuneiht:,1,,,,
"WhHor.068",''heenehnoohootow,1,,,,
"WhHor.068",he'iisiini.'',2,,,,
"WhHor.069",heeneiseineebeiht,1,,,,
"WhHor.069",hi'in,2,,,,
"WhHor.069",heetniistoot.,3,,,,
"WhHor.070",wohei,1,,,,
"WhHor.070",nihwoowoti'eeneise'enou'uheiht:,2,,,,
"WhHor.071","woxu'uuwo,",1,,,,
"WhHor.071","hinow,",2,,,,
"WhHor.071","ceceecei,",3,,,,
"WhHor.071",biiino'.,4,,,,
"WhHor.072",wohei,1,,,,
"WhHor.072",neneenini'i,2,,,,
"WhHor.072","niiniiwoo3heihiitono,",3,,,,
"WhHor.072",heetihnehtiiheit,4,,,,
"WhHor.072",toonhee3ebiini,5,,,,
"WhHor.072",...,6,,,,
"WhHor.073",hinee,1,,,,
"WhHor.073",niiciihehe'.,2,,,,
"WhHor.073",''hii3e',3,,,,
"WhHor.073","heetnehniiho'ow,",4,,,,
"WhHor.073","hee3ebno'uuhu',",5,,,,
"WhHor.073",hee3ebno'ootee',6,,,,
"WhHor.073",neeyou,7,,,,
"WhHor.073",hinee,8,,,,
"WhHor.073",hii3e'.'',9,,,,
"WhHor.074",wohei,1,,,,
"WhHor.074",nenee',2,,,,
"WhHor.074",heetne'beebee3eeneiseineebeihit.,3,,,,
"WhHor.075",ne'tootou3e'eineihit.,1,,,,
"WhHor.076",wohei,1,,,,
"WhHor.076",koohee'in?,2,,,,
"WhHor.077",koowoow,1,,,,
"WhHor.077",xouuwoote'in?,2,,,,
"WhHor.078",koohee'in,1,,,,
"WhHor.078","heetneeneistoon,",2,,,,
"WhHor.078",heetneenei3hii3koohun?,3,,,,
"WhHor.079",nenee'ee3o3i'eebeihin.'',1,,,,
"WhHor.080",“honookonooyoo'.,1,,,,
"WhHor.081",neene'eeno',1,,,,
"WhHor.081",hinee,2,,,,
"WhHor.081","neniteeno',",3,,,,
"WhHor.081",neniteeno':,4,,,,
"WhHor.082",heetwoniiniP,1,,,,
"WhHor.082",...,2,,,,
"WhHor.083",niiyou,1,,,,
"WhHor.083",heetniicie,2,,,,
"WhHor.083",...,3,,,,
"WhHor.084",heetoh3owootee'.,1,,,,
"WhHor.085",heetnehniiniiho'ow.,1,,,,
"WhHor.085","heenee'iihi',",2,,,,
"WhHor.085",hetiino'o'koohu;,3,,,,
"WhHor.085",hetiikookokoh'outii,4,,,,
"WhHor.085",hii3e'.,5,,,,
"WhHor.086",heenoo,1,,,,
"WhHor.086",beebeet,2,,,,
"WhHor.086",heetni'ee'inow,3,,,,
"WhHor.086",nuhu',4,,,,
"WhHor.086","hiisi',",5,,,,
"WhHor.086","nii'koh'uusiini',",6,,,,
"WhHor.086",neeneicxooyei'oo3i',7,,,,
"WhHor.086",nuhu',8,,,,
"WhHor.086",ho3o'uu.,9,,,,
"WhHor.087",hi'in,1,,,,
"WhHor.087",nenee':,2,,,,
"WhHor.088",heetee'ini,1,,,,
"WhHor.088",...,2,,,,
"WhHor.089",“wohei,1,,,,
"WhHor.089",ne'niiho'ow,2,,,,
"WhHor.089",nuhu',3,,,,
"WhHor.089","niicie,",4,,,,
"WhHor.089","hee3ebiihi',",5,,,,
"WhHor.089","hee3ebno'ootee',",6,,,,
"WhHor.089",hii3e'.,7,,,,
"WhHor.090","heetwonee'inow,",1,,,,
"WhHor.090","heetnehniiniiho'ow,",2,,,,
"WhHor.090",hinee,3,,,,
"WhHor.090",hii3e'.”,4,,,,
"WhHor.091",wohei,1,,,,
"WhHor.091",ne'ce3koohut.,2,,,,
"WhHor.092",3e3e'iihi',1,,,,
"WhHor.092",niitou3oo,2,,,,
"WhHor.092",hee'ino'.,3,,,,
"WhHor.093",ni'eeti3ein[en]ineet,1,,,,
"WhHor.093",nii'ehiiho'.,2,,,,
"WhHor.094",heenoo,1,,,,
"WhHor.094",hini'iit,2,,,,
"WhHor.094",niinoononoo'oo3i',3,,,,
"WhHor.094",nii'ehiiho',4,,,,
"WhHor.094",hini'iit,5,,,,
"WhHor.094",heetoh'uni,6,,,,
"WhHor.094","noohootowunoo3i,",7,,,,
"WhHor.094",wo'ei3,8,,,,
"WhHor.094",neniteeno,9,,,,
"WhHor.094",neniisneniini3i,10,,,,
"WhHor.094",wo'ei3,11,,,,
"WhHor.094",niinoononoo'oo3i',12,,,,
"WhHor.094",nii'ehiiho'.,13,,,,
"WhHor.095",hi'in,1,,,,
"WhHor.095",nenee':,2,,,,
"WhHor.096",ceyotowuuni,1,,,,
"WhHor.096",nii'ehiiho';,2,,,,
"WhHor.096",hoowuuP,3,,,,
"WhHor.096",hee3e',4,,,,
"WhHor.096",hi'in,5,,,,
"WhHor.096",niinoononoo'ootii3i'.,6,,,,
"WhHor.097",he'ih'iinoononoo'ootiino',1,,,,
"WhHor.097",heetee,2,,,,
"WhHor.097","hii3einoon,",3,,,,
"WhHor.097",wo'ei3,4,,,,
"WhHor.097",woxooxobee'ini,5,,,,
"WhHor.097",noononoo'oo3i'.,6,,,,
"WhHor.098",hi'in,1,,,,
"WhHor.098",nenee':,2,,,,
"WhHor.099",he'ih'iinoononoo'ootone',1,,,,
"WhHor.099",tohniisneniini,2,,,,
"WhHor.099",cebisee[t].,3,,,,
"WhHor.100",wohei,1,,,,
"WhHor.100",nuhu',2,,,,
"WhHor.100","hiniitou3oo-n,",3,,,,
"WhHor.100","hiniitou3oo-n,",4,,,,
"WhHor.100",wohei,5,,,,
"WhHor.100",he'ihniitouuhu3ei'i.,6,,,,
"WhHor.101",nehtoneiht.,1,,,,
"WhHor.102",'oh,1,,,,
"WhHor.102",wotih'ohuni3i,2,,,,
"WhHor.102","nii'ehiiho,",3,,,,
"WhHor.102",tohnee3i',4,,,,
"WhHor.102","(hiinooko3oni3i',",5,,,,
"WhHor.102","nooke'eibeh'ei,",6,,,,
"WhHor.102","wo'teenii'eihiiho),",7,,,,
"WhHor.102",neneeni3i,8,,,,
"WhHor.102",hi3ebeeti3ooono'.,9,,,,
"WhHor.103",wohei,1,,,,
"WhHor.103",niine'eeno',2,,,,
"WhHor.103",nuhu',3,,,,
"WhHor.103",ceyotowunii'ehiiho'.,4,,,,
"WhHor.104",niiwoowoti'enou'u,1,,,,
"WhHor.104","nohooxobeeno,",2,,,,
"WhHor.104",buzzards.,3,,,,
"WhHor.105",wohei,1,,,,
"WhHor.105",nihwoti'eso'onei3i',2,,,,
"WhHor.105",niine'eeno,3,,,,
"WhHor.105",nuhu',4,,,,
"WhHor.105",nii'ehiiho.,5,,,,
"WhHor.106",wohei,1,,,,
"WhHor.106",nee'ee3ebiihi',2,,,,
"WhHor.106",niiniiho'o',3,,,,
"WhHor.106",niiyou,4,,,,
"WhHor.106",nuhu',5,,,,
"WhHor.106",niicie.,6,,,,
"WhHor.107",ceniixootee',1,,,,
"WhHor.107",hee3ebniihootee'.,2,,,,
"WhHor.108",3ebiihi',1,,,,
"WhHor.108",heeneitihP,2,,,,
"WhHor.108",...,3,,,,
"WhHor.109",howoo,1,,,,
"WhHor.109",niiyou,2,,,,
"WhHor.109",niitoh'uni,3,,,,
"WhHor.109",...,4,,,,
"WhHor.110",hoono',1,,,,
"WhHor.110",hooweentou,2,,,,
"WhHor.110",nuhu',3,,,,
"WhHor.110","hini'iit,",4,,,,
"WhHor.110",wo'teenooo,5,,,,
"WhHor.110",nih'iit3iikone'eiseiht.,6,,,,
"WhHor.111",hoono',1,,,,
"WhHor.111",hoowuuni.,2,,,,
"WhHor.112",nono'eino',1,,,,
"WhHor.112",hee3ebiini,2,,,,
"WhHor.112",heenentoo3i'.,3,,,,
"WhHor.113",wohei,1,,,,
"WhHor.113",ne'nih'iitohP,2,,,,
"WhHor.113",tih'eeneine'etiit,3,,,,
"WhHor.113",wo'teenooo.,4,,,,
"WhHor.114",hoono',1,,,,
"WhHor.114",hoowuuni.,2,,,,
"WhHor.115",noh,1,,,,
"WhHor.115",niine'eeno',2,,,,
"WhHor.115",nuhu',3,,,,
"WhHor.115",niine'eehek,4,,,,
"WhHor.115",woxhoox,5,,,,
"WhHor.115",nookeih.,6,,,,
"WhHor.116",3ebiihi',1,,,,
"WhHor.116",niiniiho'o'.,2,,,,
"WhHor.117",ceniiskoohut.,1,,,,
"WhHor.118",nih'eso'oot.,1,,,,
"WhHor.119",heetee,1,,,,
"WhHor.119",3owo3neniteeno',2,,,,
"WhHor.119","tih'iiniihonkoohu3i',",3,,,,
"WhHor.119",tih'iiniihonkoohu3i';,4,,,,
"WhHor.119",niihon3oowu3i';,5,,,,
"WhHor.119",nih'iiciiciiskoohu3i'.,6,,,,
"WhHor.120",wohei,1,,,,
"WhHor.120",niiyou,2,,,,
"WhHor.120",nuhu',3,,,,
"WhHor.120",heetiine'etii3i':,4,,,,
"WhHor.121",nih'iiwontousebi3i',1,,,,
"WhHor.121",hinee,2,,,,
"WhHor.121",xonouu'oo'.,3,,,,
"WhHor.122",nih'iice'no'uuni,1,,,,
"WhHor.122",no'koohu3i'.,2,,,,
"WhHor.123",nihi'iinihii3eino'.,1,,,,
"WhHor.124",hiit,1,,,,
"WhHor.124",neneenino':,2,,,,
"WhHor.125",“hiit,1,,,,
"WhHor.125",hihcebee,2,,,,
"WhHor.125",niiceecesiceino'oonee”,3,,,,
"WhHor.125",nih'ii3i'.,4,,,,
"WhHor.126",wohei,1,,,,
"WhHor.126",nenee':,2,,,,
"WhHor.127","heetee3owo3nenitee,",1,,,,
"WhHor.127","heeteenono'ei,",2,,,,
"WhHor.127",niiseeneisiine'etiit.,3,,,,
"WhHor.128",kookon,1,,,,
"WhHor.128",tih'iiciiteneihiinoo',2,,,,
"WhHor.128",heeyouhuu.,3,,,,
"WhHor.129",nih'iibeexo'nokooyei3i'.,1,,,,
"WhHor.130",nih'iinokooyeiniiitowootou'u,1,,,,
"WhHor.130",heeyouhuu.,2,,,,
"WhHor.131",nih'iiwoxu'oo3eihi3i';,1,,,,
"WhHor.131",nenee'.,2,,,,
"WhHor.132",nenee',1,,,,
"WhHor.132",wootii,2,,,,
"WhHor.132",ne'nih'iisiine'etiit,3,,,,
"WhHor.132",nono'ei.,4,,,,
"WhHor.133",hi'in,1,,,,
"WhHor.133","nono'ei,",2,,,,
"WhHor.133","“bo'ooceinen,”",3,,,,
"WhHor.133",ne'nih'iisih'eiht,4,,,,
"WhHor.133","hinee,",5,,,,
"WhHor.133",hinee,6,,,,
"WhHor.133",hii3iihi',7,,,,
"WhHor.133","hii3e',",8,,,,
"WhHor.133",tih'iibei'i'ei3i'.,9,,,,
"WhHor.134","bo'ooceinenno',",1,,,,
"WhHor.134",beesoowuunenno';,2,,,,
"WhHor.134",hinee,3,,,,
"WhHor.134","cenih'iiteihino',",4,,,,
"WhHor.134",neeyou,5,,,,
"WhHor.134",hinee,6,,,,
"WhHor.134",heetni'eciini'.,7,,,,
"WhHor.135",Algonquians;,1,,,,
"WhHor.135",Arapaho;,2,,,,
"WhHor.135",heito'einin,3,,,,
"WhHor.135",hee3entoo3i';,4,,,,
"WhHor.135",heeninouhu3i',5,,,,
"WhHor.135",nihno'oo3itee3i',6,,,,
"WhHor.135",hii3e'.,7,,,,
"WhHor.136",heeneinono'eitit.,1,,,,
"WhHor.137",heeninouhut,1,,,,
"WhHor.137",niitono'.,2,,,,
"WhHor.138",wohei,1,,,,
"WhHor.138",nenee',2,,,,
"WhHor.138",heeneecxooyei'oo'.,3,,,,
"WhHor.139",wohei,1,,,,
"WhHor.139",niine'eehek,2,,,,
"WhHor.139",nehe',3,,,,
"WhHor.139",woxhoox,4,,,,
"WhHor.139","nookeih,",5,,,,
"WhHor.139",toh'o3i'eebeiht.,6,,,,
"WhHor.140",''hiisoho',1,,,,
"WhHor.140",heetnee'eestoon.,2,,,,
"WhHor.141",heetnehniiniiho'ow,1,,,,
"WhHor.141",hinee,2,,,,
"WhHor.141","niicie,",3,,,,
"WhHor.141",hinee,4,,,,
"WhHor.141",heetowooxeise',5,,,,
"WhHor.141",3ebiihi'.”,6,,,,
"WhHor.142",3ebcebe'einiihi',1,,,,
"WhHor.142",neeyou,2,,,,
"WhHor.142",hinee,3,,,,
"WhHor.142","hii3e',",4,,,,
"WhHor.142","hinee,",5,,,,
"WhHor.142",hinee,6,,,,
"WhHor.142",wo'teenooo,7,,,,
"WhHor.142",nih'iitiine'etiit.,8,,,,
"WhHor.143",3iikone'eiseiht,1,,,,
"WhHor.143",ceniihi'.,2,,,,
"WhHor.144",neeyou,1,,,,
"WhHor.144",hinee,2,,,,
"WhHor.144",heetoh3i'e'eiite':,3,,,,
"WhHor.145","bo'oobe',",1,,,,
"WhHor.145",bo'oobe',2,,,,
"WhHor.145",hinee,3,,,,
"WhHor.145","noowuuhu',",4,,,,
"WhHor.145",hinee,5,,,,
"WhHor.145",heeteh3i'oo',6,,,,
"WhHor.145",hinit.,7,,,,
"WhHor.146",hi'in,1,,,,
"WhHor.146",heetou'.,2,,,,
"WhHor.147",wohei,1,,,,
"WhHor.147",niine'eehek,2,,,,
"WhHor.147",nehe',3,,,,
"WhHor.147",woxhoox,4,,,,
"WhHor.147","nookeih,",5,,,,
"WhHor.147",hi'in,6,,,,
"WhHor.147",hee3o3i'eebeiht.,7,,,,
"WhHor.148",he'ih'ii'o3i'eebeihi:,1,,,,
"WhHor.149",neneenit,1,,,,
"WhHor.149",niinotiitiit.,2,,,,
"WhHor.150",notiitiit,1,,,,
"WhHor.150",toonhi'in,2,,,,
"WhHor.150",heenihii3oo',3,,,,
"WhHor.150",hinit.,4,,,,
"WhHor.151",noonotinihiito',1,,,,
"WhHor.151",toonheet-neeneistoot.,2,,,,
"WhHor.152",hi'in,1,,,,
"WhHor.152",nenee':,2,,,,
"WhHor.153",hinit,1,,,,
"WhHor.153",hineniteeno,2,,,,
"WhHor.153",noohowoot.,3,,,,
"WhHor.154",ce'eseitini3i.,1,,,,
"WhHor.155",beebeet,1,,,,
"WhHor.155",nuhu',2,,,,
"WhHor.155",bee3soh'oe,3,,,,
"WhHor.155",nenee',4,,,,
"WhHor.155",ni'iinehtiihetiitooni'.,5,,,,
"WhHor.156",wohei,1,,,,
"WhHor.156","ne'nih'iisiseet,",2,,,,
"WhHor.156",wohei,3,,,,
"WhHor.156","ne'niisiseet,",4,,,,
"WhHor.156",hoo3itoo.,5,,,,
"WhHor.157",hinenitee,1,,,,
"WhHor.157",nooniniixouhut.,2,,,,
"WhHor.158",hei'towuunoot,1,,,,
"WhHor.158",heeteiht:,2,,,,
"WhHor.159","nono'eino',",1,,,,
"WhHor.159","hee3ebiihi',",2,,,,
"WhHor.159","bo'ooceinenno',",3,,,,
"WhHor.159",noh,4,,,,
"WhHor.159",hookoh,5,,,,
"WhHor.159",heesoo'.,6,,,,
"WhHor.160",'oh,1,,,,
"WhHor.160",hiicootiini';,2,,,,
"WhHor.160",he'ih'iicoot[iin].,3,,,,
"WhHor.161",ko'ein3i'okuutooni',1,,,,
"WhHor.161",niiinone'.,2,,,,
"WhHor.162",he'ih'iicootiin,1,,,,
"WhHor.162",hii3e'.,2,,,,
"WhHor.163",niicibe',1,,,,
"WhHor.163",3ebceenokuneiht.,2,,,,
"WhHor.164",neeceenou,1,,,,
"WhHor.164",ne'tees3i'okut.,2,,,,
"WhHor.165",wohei,1,,,,
"WhHor.165",ne'iini,2,,,,
"WhHor.165",hoonoo3iteet,3,,,,
"WhHor.165","nono'eino',",4,,,,
"WhHor.165",nih'iisiine'etii3i',5,,,,
"WhHor.165",niiyou,6,,,,
"WhHor.165",nuhu',7,,,,
"WhHor.165",nih'ii3koohut:,8,,,,
"WhHor.166",hinee,1,,,,
"WhHor.166","cooco'oteniini,",2,,,,
"WhHor.166",hinee,3,,,,
"WhHor.166",Fort,4,,,,
"WhHor.166","Collins,",5,,,,
"WhHor.166",hoowuniihiihi',6,,,,
"WhHor.166","he'iitnei'i,",7,,,,
"WhHor.166","Greeley,",8,,,,
"WhHor.166","he3ebiihi',",9,,,,
"WhHor.166",he3ebe'einiihi'.,10,,,,
"WhHor.167",wohei,1,,,,
"WhHor.167",nenee':,2,,,,
"WhHor.168",niine'eehek,1,,,,
"WhHor.168",nehe',2,,,,
"WhHor.168",woxhoox,3,,,,
"WhHor.168","nookeih,",4,,,,
"WhHor.168",tih'iiyooteiht.,5,,,,
"WhHor.169","beteenceceeco'ohut,",1,,,,
"WhHor.169",hookoh,2,,,,
"WhHor.169",nih'iistoot,3,,,,
"WhHor.169",nono'ei.,4,,,,
"WhHor.170",howoo,1,,,,
"WhHor.170","hoseihoowu',",2,,,,
"WhHor.170",niisceceeco'oheihi3i',3,,,,
"WhHor.170",hinit.,4,,,,
"WhHor.171",howoo,1,,,,
"WhHor.171","neneeninoo,",2,,,,
"WhHor.171",nihceceeco'ohunoo.,3,,,,
"WhHor.172",hi'in,1,,,,
"WhHor.172",ne'nih'iisiine'etiit,2,,,,
"WhHor.172",nono'[ei].,3,,,,
"WhHor.173",niine'eehek,1,,,,
"WhHor.173",woxhoox,2,,,,
"WhHor.173","nookeih,",3,,,,
"WhHor.173",woxhoox,4,,,,
"WhHor.173","heeneiseineebeiht,",5,,,,
"WhHor.173",tih'iinooto',6,,,,
"WhHor.173",he'ii3ooni'i:,7,,,,
"WhHor.174",hi'in,1,,,,
"WhHor.174",nee'eenihii3oo',2,,,,
"WhHor.174",neeyou,3,,,,
"WhHor.174","huu3e',",4,,,,
"WhHor.174",hi'in,5,,,,
"WhHor.174",heeteh3i'oo'.,6,,,,
"WhHor.175",niiyou,1,,,,
"WhHor.175",nuhu',2,,,,
"WhHor.175","noowuuhu',",3,,,,
"WhHor.175",3ebnoowuuhu';,4,,,,
"WhHor.175",hi'in,5,,,,
"WhHor.175",Chilloco,6,,,,
"WhHor.175","heetou',",7,,,,
"WhHor.175",beenhehe',8,,,,
"WhHor.175",3ebwo'wuuhu',9,,,,
"WhHor.175",...,10,,,,
"WhHor.176",howoo,1,,,,
"WhHor.176",hooweenentou:,2,,,,
"WhHor.177",beebeet,1,,,,
"WhHor.177",hi'in,2,,,,
"WhHor.177",niisnih'einowootiini',3,,,,
"WhHor.177",biito'owu'.,4,,,,
"WhHor.178","Cimarron,",1,,,,
"WhHor.178",hoono',2,,,,
"WhHor.178",hoowcesP,3,,,,
"WhHor.178",...,4,,,,
"WhHor.179",hi'in,1,,,,
"WhHor.179",nenee':,2,,,,
"WhHor.180",niine'eehek,1,,,,
"WhHor.180",woxhoox,2,,,,
"WhHor.180",nookeih:,3,,,,
"WhHor.181",konnoonotnoo'einit.,1,,,,
"WhHor.182","'ee,",1,,,,
"WhHor.182",noonotiini,2,,,,
"WhHor.182","notiitiit,",3,,,,
"WhHor.182",hee3o3i'eebeiht.,4,,,,
"WhHor.183",wohei,1,,,,
"WhHor.183",noonoo3itooneit,2,,,,
"WhHor.183",bebiisiihi'.,3,,,,
"WhHor.184","heeneicoo3i',",1,,,,
"WhHor.184",wo'ei3,2,,,,
"WhHor.184",heetnee'eesinihiit.,3,,,,
"WhHor.185","yeoh,",1,,,,
"WhHor.185",heetnee'eesinihiit:,2,,,,
"WhHor.186","“neneeninee,",1,,,,
"WhHor.186",bo'ooceinenno',2,,,,
"WhHor.186",...,3,,,,
"WhHor.187",wohei,1,,,,
"WhHor.187","nono'eino',",2,,,,
"WhHor.187","beesoowuunenno',",3,,,,
"WhHor.187","bo'ooceinenno',",4,,,,
"WhHor.187",hi'in,5,,,,
"WhHor.187","tih'iibei'i'ei3i',",6,,,,
"WhHor.187",nenee'.,7,,,,
"WhHor.188",ne'niinii3inoot,1,,,,
"WhHor.188","biiino',",2,,,,
"WhHor.188",biixonoo.,3,,,,
"WhHor.189",heenoo,1,,,,
"WhHor.189",nehe',2,,,,
"WhHor.189",biixonoo,3,,,,
"WhHor.189",nih'entoot.,4,,,,
"WhHor.190",nih'ii3oo'oekuuheiht.,1,,,,
"WhHor.191","peace,",1,,,,
"WhHor.191",hetnii3oobee'.,2,,,,
"WhHor.192",heesnoohowoonee,1,,,,
"WhHor.192",nehe',2,,,,
"WhHor.192","biixonoo,",3,,,,
"WhHor.192",'oh,4,,,,
"WhHor.192",he'ih'ii'oowuhcehi.,5,,,,
"WhHor.193",hi'in,1,,,,
"WhHor.193",nenee':,2,,,,
"WhHor.194","nih'iis3oo'oekuuheiht,",1,,,,
"WhHor.194",nehe',2,,,,
"WhHor.194",3owo3nenitee.,3,,,,
"WhHor.195",hi'in,1,,,,
"WhHor.195",ne'nih'eeneisniinii3nowoot.,2,,,,
"WhHor.196",tou3e'einoot,1,,,,
"WhHor.196",hinee,2,,,,
"WhHor.196",hii3e',3,,,,
"WhHor.196",hinee,4,,,,
"WhHor.196","neniteeno,",5,,,,
"WhHor.196",'oh,6,,,,
"WhHor.196",hi'in,7,,,,
"WhHor.196","nih'entoo3i',",8,,,,
"WhHor.196","hinee,",9,,,,
"WhHor.196",hinee,10,,,,
"WhHor.196","3owo3neniteeno',",11,,,,
"WhHor.196",Senecas.,12,,,,
"WhHor.197",hi'in,1,,,,
"WhHor.197",nenee':,2,,,,
"WhHor.198",heeneiniito'eibetiit,1,,,,
"WhHor.198",hiisoho'.,2,,,,
"WhHor.199",ciiciiskoohu3i',1,,,,
"WhHor.199",nono'eino',2,,,,
"WhHor.199",tihwoneenei'inou'u,3,,,,
"WhHor.199",bisiihi'.,4,,,,
"WhHor.200",howoo,1,,,,
"WhHor.200","nono'ei,",2,,,,
"WhHor.200",hiine'etiit,3,,,,
"WhHor.200","hii3e',",4,,,,
"WhHor.200",3oo3ouuteiseet,5,,,,
"WhHor.200",...,6,,,,
"WhHor.201",hi'in,1,,,,
"WhHor.201",nenee':,2,,,,
"WhHor.202",ne'niitciiciisiseet,1,,,,
"WhHor.202",nono'ei.,2,,,,
"WhHor.203",hinee,1,,,,
"WhHor.203","koh'owuunenno',",2,,,,
"WhHor.203",Creek,3,,,,
"WhHor.203","Indians,",4,,,,
"WhHor.203","nenee3i',",5,,,,
"WhHor.203",hoonoo3itee3i'.,6,,,,
"WhHor.204",wohei,1,,,,
"WhHor.204",hi'in,2,,,,
"WhHor.204","hoo3oo'o',",3,,,,
"WhHor.204","Senecas,",4,,,,
"WhHor.204","Chickasaws,",5,,,,
"WhHor.204",heeneicootiini'.,6,,,,
"WhHor.205",hoono',1,,,,
"WhHor.205",hoowunee'ee3e'inoneih,2,,,,
"WhHor.205",nehe',3,,,,
"WhHor.205",Quannah,4,,,,
"WhHor.205",Parker.,5,,,,
"WhHor.206","cenihwooniini,",1,,,,
"WhHor.206",nehe',2,,,,
"WhHor.206",Quannah,3,,,,
"WhHor.206","Parker,",4,,,,
"WhHor.206",Cochise,5,,,,
"WhHor.206","hinee,",6,,,,
"WhHor.206",3ebcebnoowuuhu',7,,,,
"WhHor.206",hii3e',8,,,,
"WhHor.206",...,9,,,,
"WhHor.207",wohei,1,,,,
"WhHor.207",niiyou,2,,,,
"WhHor.207",hi'in,3,,,,
"WhHor.207",nih'ii3eekoohut,4,,,,
"WhHor.207",neeyou,5,,,,
"WhHor.207",heeteh3i'oo':,6,,,,
"WhHor.208",3oo3ouuteiseet,1,,,,
"WhHor.208","nih'iitiine'etiit,",2,,,,
"WhHor.208",Creek,3,,,,
"WhHor.208","Indians,",4,,,,
"WhHor.208",Creek,5,,,,
"WhHor.208","Indians,",6,,,,
"WhHor.208",hinee,7,,,,
"WhHor.208","koh'owuunenno',",8,,,,
"WhHor.208",hi'in,9,,,,
"WhHor.208",nenee'.,10,,,,
"WhHor.209",bei'i'eiP,1,,,,
"WhHor.209",nonoote',2,,,,
"WhHor.209",nih'etnee'ee3P,3,,,,
"WhHor.209",...,4,,,,
"WhHor.210",niiyou,1,,,,
"WhHor.210",heetP,2,,,,
"WhHor.210",...,3,,,,
"WhHor.211",hi'in,1,,,,
"WhHor.211",tih'iiwootii,2,,,,
"WhHor.211","biswo3onohoe[noo]tiini',",3,,,,
"WhHor.211",hi'in,4,,,,
"WhHor.211","biiino',",5,,,,
"WhHor.211",niine'eehek,6,,,,
"WhHor.211",biixonoo.,7,,,,
"WhHor.212",hi'in,1,,,,
"WhHor.212",nenee':,2,,,,
"WhHor.213",peace:,1,,,,
"WhHor.214",niito'eibetiit.,1,,,,
"WhHor.215",wohei,1,,,,
"WhHor.215",ne'nih'iisnehtiiheihiinoo',2,,,,
"WhHor.215",nuhu',3,,,,
"WhHor.215","biixonoo,",4,,,,
"WhHor.215",hiicooo.,5,,,,
"WhHor.216",wohei,1,,,,
"WhHor.216",ne'koo'oeneeneistootiini';,2,,,,
"WhHor.216",ne'nih'eeneistoot,3,,,,
"WhHor.216","nono'ei,",4,,,,
"WhHor.216",tihbeetoh'uni,5,,,,
"WhHor.216",notineeneeto',6,,,,
"WhHor.216",hiniito'eibetiit.,7,,,,
"WhHor.217",he'eeneisiini,1,,,,
"WhHor.217","biisiinowoot,",2,,,,
"WhHor.217",wo'ei3,3,,,,
"WhHor.217",niihooku'oot.,4,,,,
"WhHor.218",hi'in,1,,,,
"WhHor.218",nenee',2,,,,
"WhHor.218",beehniihobeinoo'.,3,,,,
"WhHor.219",hee3ebeisiinobeet.,1,,,,
"WhHor.220","hee3ebeisiinobeet,",1,,,,
"WhHor.220",neeyou,2,,,,
"WhHor.220",hinee,3,,,,
"WhHor.220",heetoh3i'oo',4,,,,
"WhHor.220",hinee,5,,,,
"WhHor.220",koh'owuuteen.,6,,,,
"WhHor.221",biisiinowoo3ito',1,,,,
"WhHor.221",nuhu',2,,,,
"WhHor.221",beh'eihehi';,3,,,,
"WhHor.221",hi'in,4,,,,
"WhHor.221",nehe'nih'iisoo';,5,,,,
"WhHor.221",he'ne'niihooku'oot.,6,,,,
"WhHor.222",hi'in,1,,,,
"WhHor.222",nenee',2,,,,
"WhHor.222","teco'oncih'entou',",3,,,,
"WhHor.222",biisiinowoot,4,,,,
"WhHor.222",nuhu';,5,,,,
"WhHor.222",ceh'e3tiitooni',6,,,,
"WhHor.222",heeyouhuu.,7,,,,
"WhHor.223","hinono'ei,",1,,,,
"WhHor.223","tohbehnee'ee3e'ino',",2,,,,
"WhHor.223",bebiisiihi',3,,,,
"WhHor.223",tih'iiceh'e3tiitooni'.,4,,,,
"WhHor.224",niine'eehek,1,,,,
"WhHor.224",nehe',2,,,,
"WhHor.224","biixonoo,",3,,,,
"WhHor.224",nii3ee3i'ookuut.,4,,,,
"WhHor.225","teiitoonP,",1,,,,
"WhHor.225",peace.,2,,,,
"WhHor.226",wohei,1,,,,
"WhHor.226",hiicooo.,2,,,,
"WhHor.227",wohei,1,,,,
"WhHor.227",nenee',2,,,,
"WhHor.227",heeneet3i'e'eiite',3,,,,
"WhHor.227",nehyoniheiht.,4,,,,
"WhHor.228","heetee3owo3nenitee,",1,,,,
"WhHor.228",ne'nih'itenP,2,,,,
"WhHor.228",ciinenoot,3,,,,
"WhHor.228",hiicooo.,4,,,,
"WhHor.229",hi'in,1,,,,
"WhHor.229",nenee':,2,,,,
"WhHor.230",niinehyoniheihiinoo'.,1,,,,
"WhHor.230",howoo,2,,,,
"WhHor.230",huu3e',3,,,,
"WhHor.230","noxuut[ein]iihi',",4,,,,
"WhHor.230",hiit,5,,,,
"WhHor.230",3i'eyoono'.,6,,,,
"WhHor.231",heetee3owo3nenitee,1,,,,
"WhHor.231",nih'ii3i'eyoono'otiit,2,,,,
"WhHor.231",hee3e'eisee3i'.,3,,,,
"WhHor.232",hee3ebiihi',1,,,,
"WhHor.232",nihwoo3ee3i',2,,,,
"WhHor.232","3i'eyoono',",3,,,,
"WhHor.232",huut,4,,,,
"WhHor.232",3ebiisiihi':,5,,,,
"WhHor.233",neeyou,1,,,,
"WhHor.233",hinee,2,,,,
"WhHor.233","niineniiniiciihehe',",3,,,,
"WhHor.233",neeyou,4,,,,
"WhHor.233","heso'ooboone',",5,,,,
"WhHor.233",heetcowootee',6,,,,
"WhHor.233",3i'eyoono'.,7,,,,
"WhHor.234",neeneihiitootou'u.,1,,,,
"WhHor.235",howoo,1,,,,
"WhHor.235",hinee,2,,,,
"WhHor.235","sosoni'ii,",3,,,,
"WhHor.235",3i'eyoono',4,,,,
"WhHor.235",niiwoo3ee3i',5,,,,
"WhHor.235",3i'eyoono'otii3i'.,6,,,,
"WhHor.236",3ebiihi',1,,,,
"WhHor.236",neeyou,2,,,,
"WhHor.236",hitesiino'.,3,,,,
"WhHor.237",hi'in,1,,,,
"WhHor.237","nenee',",2,,,,
"WhHor.237",heeneisiine'etiit,3,,,,
"WhHor.237",nono'ei,4,,,,
"WhHor.237","3ebiihi',",5,,,,
"WhHor.237",3eboosei3iihi'.,6,,,,
"WhHor.238",kookon,1,,,,
"WhHor.238",tih'iiciiheeneiteno'.,2,,,,
"WhHor.239",beexo'ceceeco'oheihiinoo'.,1,,,,
"WhHor.240",woxu'oontoot.,1,,,,
"WhHor.241",woxu'uutoowo'oheihiinoo',1,,,,
"WhHor.241",hiicooo.,2,,,,
"WhHor.242",hi'in,1,,,,
"WhHor.242","nenee',",2,,,,
"WhHor.242",hoonoo3itoono.,3,,,,
"WhHor.243",neenei'i:,1,,,,
"WhHor.244",hiit,1,,,,
"WhHor.244","neneeninoo,",2,,,,
"WhHor.244",nihceenokuneenoo,3,,,,
"WhHor.244",hoowuniihiihi';,4,,,,
"WhHor.244",hoowuniihiihi'.,5,,,,
"WhHor.245",“hiiceh'e3tii!,1,,,,
"WhHor.246",hiiceh'e3tii,1,,,,
"WhHor.246",niiyou,2,,,,
"WhHor.246",nuhu',3,,,,
"WhHor.246",hoo3itoo:,4,,,,
"WhHor.247",woxhoox,1,,,,
"WhHor.247",nookeih,2,,,,
"WhHor.247",nih'iisiine'etiit!”,3,,,,
"WhHor.248",niine'eehek,1,,,,
"WhHor.248","neito'eino',",2,,,,
"WhHor.248","neisonoo,",3,,,,
"WhHor.248",Tom,4,,,,
"WhHor.248","Crispin,",5,,,,
"WhHor.248",Henry,6,,,,
"WhHor.248","Crispin,",7,,,,
"WhHor.248",Buster,8,,,,
"WhHor.248","Crispin,",9,,,,
"WhHor.248",neneenee3i',10,,,,
"WhHor.248","neito'eino',",11,,,,
"WhHor.248",heeneisiine'etiit,12,,,,
"WhHor.248",bo'ooceinen.,13,,,,
"WhHor.249",cenee,1,,,,
"WhHor.249",howoo.,2,,,,
"WhHor.250",nohuusoho',1,,,,
"WhHor.250",nenee',2,,,,
"WhHor.250",heeneiniito'eibetiit,3,,,,
"WhHor.250",noowuuhu'.,4,,,,
"WhHor.251","neito'eino',",1,,,,
"WhHor.251",nenee3i'...,2,,,,
"WhHor.252",neneenee3i',1,,,,
"WhHor.252",heeneiniito'eibetiitooni',2,,,,
"WhHor.252",hee3ebnih'eiseenoo';,3,,,,
"WhHor.252",3ebniinih'eiseenoo'.,4,,,,
"WhHor.253","biisiinowootiini',",1,,,,
"WhHor.253",niihooku'ootiini':,2,,,,
"WhHor.254",heetee,1,,,,
"WhHor.254",tihcihnee'eestoo'.,2,,,,
"WhHor.255",ceece'eseitino'.,1,,,,
"WhHor.256",neeyou,1,,,,
"WhHor.256",huu3e',2,,,,
"WhHor.256",nih'ii3ce3ei'oonoo'.,3,,,,
"WhHor.257",wohei,1,,,,
"WhHor.257",nenee'.,2,,,,
"WhHor.258",ceece'eseitino'.,1,,,,
"WhHor.259",hoowuniitonetiitoon.,1,,,,
"WhHor.260",kookon,1,,,,
"WhHor.260",ces[is]inihiitooni'.,2,,,,
"WhHor.260","no'uuhu',",3,,,,
"WhHor.260",hiiwoonhehe',4,,,,
"WhHor.260","sosoni'ii,",5,,,,
"WhHor.260","beesoowuutiit,",6,,,,
"WhHor.260","nono'eitiit,",7,,,,
"WhHor.260",cihwooncebii'oonoo'.,8,,,,
"WhHor.261",beesoowuutiit,1,,,,
"WhHor.261",nenee',2,,,,
"WhHor.261",nih'entou'.,3,,,,
"WhHor.262",wohei,1,,,,
"WhHor.262",sosoni'ii,2,,,,
"WhHor.262",...,3,,,,
"WhHor.263",hi'in,1,,,,
"WhHor.263",nenee',2,,,,
"WhHor.263",nih'eeneiseenentou',3,,,,
"WhHor.263",niiyou,4,,,,
"WhHor.263",nuhu',5,,,,
"WhHor.263",biixonoo.,6,,,,
"WhHor.264",hinee,1,,,,
"WhHor.264",hinebino',2,,,,
"WhHor.264",...,3,,,,
"WhHor.265",woxhoox,1,,,,
"WhHor.265",nookeih,2,,,,
"WhHor.265",nih'iinehyontiit,3,,,,
"WhHor.265",neeyou,4,,,,
"WhHor.265",huu3e',5,,,,
"WhHor.265",nee'eetP,6,,,,
"WhHor.265",heeteh3i'oo',7,,,,
"WhHor.265",hinee,8,,,,
"WhHor.265","hii3e',",9,,,,
"WhHor.265",hiine'etiit.,10,,,,
"WhHor.266","teteeso'oot,",1,,,,
"WhHor.266",heetcihnoh'eno'.,2,,,,
"WhHor.267",heeneisoo',1,,,,
"WhHor.267",hiicooo.,2,,,,
"WhHor.268",hi'in,1,,,,
"WhHor.268",nih'iistoo3i'.,2,,,,
"WhHor.269","biiino',",1,,,,
"WhHor.269",he'ih'iinohkookuuno'.,2,,,,
"WhHor.270",heetee,1,,,,
"WhHor.270",ne'nih'iisiini,2,,,,
"WhHor.270",hinee,3,,,,
"WhHor.270","Tecumseh,",4,,,,
"WhHor.270",nee'eetiine'etiit.,5,,,,
"WhHor.271",Chief,1,,,,
"WhHor.271",(of,2,,,,
"WhHor.271",the),3,,,,
"WhHor.271",Ottawa,4,,,,
"WhHor.271","Tribes,",5,,,,
"WhHor.271","Iroquois,",6,,,,
"WhHor.271",niibiicooonee3i',7,,,,
"WhHor.271","3ebiihi',",8,,,,
"WhHor.271",beebei'on,9,,,,
"WhHor.271",hinee,10,,,,
"WhHor.271",heetni'eci'.,11,,,,
"WhHor.272",hi'in,1,,,,
"WhHor.272",nenee'.,2,,,,
"WhHor.273",niine'eeno',1,,,,
"WhHor.273",...,2,,,,
"WhHor.274",hi'in,1,,,,
"WhHor.274",nenee',2,,,,
"WhHor.274","hi'noti'oneihiinoo',",3,,,,
"WhHor.274",niine'eehek,4,,,,
"WhHor.274",woxhoox,5,,,,
"WhHor.274",nookeih.,6,,,,
"WhHor.275",neneenit,1,,,,
"WhHor.275",nih'ee3o3i'eebeihit,2,,,,
"WhHor.275",nehyontii.,3,,,,
"WhHor.276",“3iwoo!,1,,,,
"WhHor.277",cihno'uxotii!,1,,,,
"WhHor.278",hetcihno'uxotii!,1,,,,
"WhHor.279",niixoo,1,,,,
"WhHor.279",neeyou,2,,,,
"WhHor.279","heenihii3oo',",3,,,,
"WhHor.279",hiito'oowuun,4,,,,
"WhHor.279",neneenin,5,,,,
"WhHor.279","nehtiiheihin,",6,,,,
"WhHor.279",tohwoo3ei'i,7,,,,
"WhHor.279","heeneetoon,",8,,,,
"WhHor.279",heenee3oobeihin.”,9,,,,
"WhHor.280",noh,1,,,,
"WhHor.280","hinono'ei,",2,,,,
"WhHor.280",hinono'ei,3,,,,
"WhHor.280",teesbii'eenebeihit.,4,,,,
"WhHor.281",hiit,1,,,,
"WhHor.281",noo'oeeniihi',2,,,,
"WhHor.281","Arapaho,",3,,,,
"WhHor.281","nono'ei,",4,,,,
"WhHor.281","bo'ooceinen,",5,,,,
"WhHor.281",he's,6,,,,
"WhHor.281",the,7,,,,
"WhHor.281",mother,8,,,,
"WhHor.281",tribe,9,,,,
"WhHor.281",of,10,,,,
"WhHor.281","all,",11,,,,
"WhHor.281",he's,12,,,,
"WhHor.281",the,13,,,,
"WhHor.281",mother,14,,,,
"WhHor.281",tribe.,15,,,,
"WhHor.282",niine'eehek,1,,,,
"WhHor.282","nesi,",2,,,,
"WhHor.282",nehe',3,,,,
"WhHor.282",Bill,4,,,,
"WhHor.282","Shakespeare,",5,,,,
"WhHor.282",ne'nih'iisnehbii'iitiit.,6,,,,
"WhHor.283",howoo,1,,,,
"WhHor.283",Arapahos,2,,,,
"WhHor.283",were,3,,,,
"WhHor.283",the,4,,,,
"WhHor.283",mother,5,,,,
"WhHor.283",tribe.,6,,,,
"WhHor.284",bisne'inP,1,,,,
"WhHor.284",noo'oeeniihi',2,,,,
"WhHor.284",...,3,,,,
"WhHor.285",wohei,1,,,,
"WhHor.285",niine'eeno',2,,,,
"WhHor.285",nuhu',3,,,,
"WhHor.285","sosoni'ii,",4,,,,
"WhHor.285",'oh,5,,,,
"WhHor.285",hiit,6,,,,
"WhHor.285",3ebiisiihi'.,7,,,,
"WhHor.286","neniibiicooonee3i',",1,,,,
"WhHor.286",'oh,2,,,,
"WhHor.286",hinee,3,,,,
"WhHor.286",neeneitononP,4,,,,
"WhHor.286",neene'eehek,5,,,,
"WhHor.286","nii3i'ookuuhu',",6,,,,
"WhHor.286",Totem,7,,,,
"WhHor.286",Pole.,8,,,,
"WhHor.287",hiit,1,,,,
"WhHor.287",wooniihi',2,,,,
"WhHor.287",nihcihniibiicooonee3i'.,3,,,,
"WhHor.288",niibiisiinowootou'u,1,,,,
"WhHor.288","heeyouhuu,",2,,,,
"WhHor.288",howoo,3,,,,
"WhHor.288",nuhu',4,,,,
"WhHor.288",hoseihoowu';,5,,,,
"WhHor.288",huut,6,,,,
"WhHor.288","niiyou,",7,,,,
"WhHor.288",wootii,8,,,,
"WhHor.288",hesooku'oo3i'.,9,,,,
"WhHor.289",noohootou'u.,1,,,,
"WhHor.290",hi'in,1,,,,
"WhHor.290",nenee':,2,,,,
"WhHor.291",koniyoohu3i'.,1,,,,
"WhHor.292","biisiinowootou'u,",1,,,,
"WhHor.292",ne'niihooku'oo3i',2,,,,
"WhHor.292",hinee.,3,,,,
"WhHor.293",nouuhoowu'.,1,,,,
"WhHor.294",niicebeso'oneihi3i'.,1,,,,
"WhHor.295","wo'teeyoono',",1,,,,
"WhHor.295",ne'nih'iitkotousi'i.,2,,,,
"WhHor.296",hiihoowbeetP,1,,,,
"WhHor.296",...,2,,,,
"WhHor.297",hi'in,1,,,,
"WhHor.297","nenee',",2,,,,
"WhHor.297",niiyou,3,,,,
"WhHor.297",hoo3itoo.,4,,,,
"WhHor.298",woxhoox,1,,,,
"WhHor.298",nookeih,2,,,,
"WhHor.298",neneenit,3,,,,
"WhHor.298",nih'e3ebnotiitiit,4,,,,
"WhHor.298",neeyou,5,,,,
"WhHor.298","hinee,",6,,,,
"WhHor.298",hinee,7,,,,
"WhHor.298","heetoeh3i'oo',",8,,,,
"WhHor.298","hinee,",9,,,,
"WhHor.298",hinee,10,,,,
"WhHor.298","koh'owuuteen,",11,,,,
"WhHor.298",Creek,12,,,,
"WhHor.298",Indians.,13,,,,
"WhHor.299",wohei,1,,,,
"WhHor.299",nenee'.,2,,,,
"WhHor.300",wohei,1,,,,
"WhHor.300",ne'cihbiineiht,2,,,,
"WhHor.300",heeyouhuu.,3,,,,
"WhHor.301",niiyou,1,,,,
"WhHor.301",heeneicoo3i'.,2,,,,
"WhHor.302",hi'in,1,,,,
"WhHor.302",nenee':,2,,,,
"WhHor.303",tootou3e'eineiht,1,,,,
"WhHor.303",hinee,2,,,,
"WhHor.303",heesniiP,3,,,,
"WhHor.303",XXX.,4,,,,
"WhHor.304",niixoo,1,,,,
"WhHor.304","he'ii3ooni'i,",2,,,,
"WhHor.304",heeneixonihoot,3,,,,
"WhHor.304",he'ii3ooni'i.,4,,,,
"WhHor.305",niiwoo3heihiitono:,1,,,,
"WhHor.306",neeceenou.,1,,,,
"WhHor.307",hi'in,1,,,,
"WhHor.307",nenee',2,,,,
"WhHor.307",heni'niisih'eihit,3,,,,
"WhHor.307",nuhu',4,,,,
"WhHor.307",neeceenou:,5,,,,
"WhHor.308",neito'ei,1,,,,
"WhHor.308",hiit,2,,,,
"WhHor.308","nenebiihi',",3,,,,
"WhHor.308","Harlem,",4,,,,
"WhHor.308",Ambrose,5,,,,
"WhHor.308","Rider,",6,,,,
"WhHor.308","heneeceebin,",7,,,,
"WhHor.308",neneenit,8,,,,
"WhHor.308",ne'nih'iteno',9,,,,
"WhHor.308",hinee,10,,,,
"WhHor.308",noowuuhu';,11,,,,
"WhHor.308","hinee,",12,,,,
"WhHor.308",hi'in,13,,,,
"WhHor.308",nenee',14,,,,
"WhHor.308","neeceenou,",15,,,,
"WhHor.308",hi'in,16,,,,
"WhHor.308","nenee',",17,,,,
"WhHor.308",neenehtiiheihiinoo'.,18,,,,
"WhHor.309",ne'nih'iitbii'inowoohuutooni'.,1,,,,
"WhHor.310",hiiyeih'iitooni'.,1,,,,
"WhHor.311",hii'oohowun,1,,,,
"WhHor.311",ne'iicootiini';,2,,,,
"WhHor.311",hii'oohowun,3,,,,
"WhHor.311",ne'ceeetiini'.,4,,,,
"WhHor.312",nih'iino'oteenebeihi3i',1,,,,
"WhHor.312",niine'eeno',2,,,,
"WhHor.312",hii3einoon.,3,,,,
"WhHor.313",hii3einoon,1,,,,
"WhHor.313",neneenit.,2,,,,
"WhHor.314",hehnee'eeneisiini.,1,,,,
"WhHor.315",wonoo3ee',1,,,,
"WhHor.315",niine'eehek,2,,,,
"WhHor.315",nehe',3,,,,
"WhHor.315",woxhoox,4,,,,
"WhHor.315",nookeihi,5,,,,
"WhHor.315",nih'o3i'eebeiht.,6,,,,
"WhHor.316","hoo3itoo,",1,,,,
"WhHor.316",hi'toonhee3-oo3itooneiht,2,,,,
"WhHor.316",hii3e',3,,,,
"WhHor.316",heetno'uxotiit.,4,,,,
"WhHor.317",nihtootou3e'eineiht,1,,,,
"WhHor.317",hinee,2,,,,
"WhHor.317","koh'owuuteen,",3,,,,
"WhHor.317",Creek,4,,,,
"WhHor.317",Indians.,5,,,,
"WhHor.318",hinee,1,,,,
"WhHor.318",heetou',2,,,,
"WhHor.318",heebe3iihi',3,,,,
"WhHor.318","howoh'oowuu',",4,,,,
"WhHor.318",beenhehe',5,,,,
"WhHor.318",3ebwo'wuuhu',6,,,,
"WhHor.318",Tulsa.,7,,,,
"WhHor.319",hinee,1,,,,
"WhHor.319","koh'owuunenno',",2,,,,
"WhHor.319",Creek,3,,,,
"WhHor.319","Indians,",4,,,,
"WhHor.319",nenee3i',5,,,,
"WhHor.319",hi'in,6,,,,
"WhHor.319",nenee',7,,,,
"WhHor.319",tootou3e'eineiht.,8,,,,
"WhHor.320",niine'eehek,1,,,,
"WhHor.320","3oo3ouuteiseet,",2,,,,
"WhHor.320",ne'nih'iitiine'etiit.,3,,,,
"WhHor.321",wohei,1,,,,
"WhHor.321",nenee'.,2,,,,
"WhHor.322",hoonoo3itoonoot,1,,,,
"WhHor.322",niixoo,2,,,,
"WhHor.322",honoonoo3itooneit.,3,,,,
"WhHor.323",noo'oeeniihi',1,,,,
"WhHor.323",3owo3neniteeno',2,,,,
"WhHor.323",heenentoo3i'.,3,,,,
"WhHor.324",howoo,1,,,,
"WhHor.324",nih'ei'inou'u,2,,,,
"WhHor.324",hinee,3,,,,
"WhHor.324",Trail,4,,,,
"WhHor.324",of,5,,,,
"WhHor.324",Tears.,6,,,,
"WhHor.325","nihnee3koohut,",1,,,,
"WhHor.325",tihno'o3oo'.,2,,,,
"WhHor.326",Trail,1,,,,
"WhHor.326",of,2,,,,
"WhHor.326","Tears,",3,,,,
"WhHor.326","heii,",4,,,,
"WhHor.326",hi'in,5,,,,
"WhHor.326",nenee'.,6,,,,
"WhHor.327",biiwoohuut:,1,,,,
"WhHor.328",biiwoohuut,1,,,,
"WhHor.328",nenee',2,,,,
"WhHor.328","nih'entou',",3,,,,
"WhHor.328",hiit,4,,,,
"WhHor.328",3ebiisiihi'.,5,,,,
"WhHor.329",wohei,1,,,,
"WhHor.329",hinee,2,,,,
"WhHor.329","noowuuhu',",3,,,,
"WhHor.329",hinee,4,,,,
"WhHor.329","3ebiihi',",5,,,,
"WhHor.329",hinee,6,,,,
"WhHor.329","heetni'eciini',",7,,,,
"WhHor.329",cei3iihi'.,8,,,,
"WhHor.330","beniiinenno',",1,,,,
"WhHor.330",he'ihneeno',2,,,,
"WhHor.330",nih'o3i'eebeihi3i'.,3,,,,
"WhHor.331",ceiteso'oneihi3i',1,,,,
"WhHor.331",3owo3neniteeno'.,2,,,,
"WhHor.332",wohei,1,,,,
"WhHor.332",neene'eeno',2,,,,
"WhHor.332",howoo,3,,,,
"WhHor.332",Creek,4,,,,
"WhHor.332","Indians,",5,,,,
"WhHor.332",nih'iistokohu3i',6,,,,
"WhHor.332",neeyou,7,,,,
"WhHor.332",hinee,8,,,,
"WhHor.332",heeteh3i'oo'.,9,,,,
"WhHor.333",hi'in,1,,,,
"WhHor.333",nenee',2,,,,
"WhHor.333","hoo3itoono,",3,,,,
"WhHor.333",hi'in,4,,,,
"WhHor.333",nih'eiseenou'u.,5,,,,
"WhHor.334",hoonoo3it[oon]oot,1,,,,
"WhHor.334",hiisoho'.,2,,,,
"WhHor.335",Seneca,1,,,,
"WhHor.335","Indians,",2,,,,
"WhHor.335","hitoo3itoo,",3,,,,
"WhHor.335",neeyou,4,,,,
"WhHor.335",heetco'oteniini',5,,,,
"WhHor.335","Museum,",6,,,,
"WhHor.335",hetcihwoneyeitii.,7,,,,
"WhHor.336","heetnee'ee3e'inow,",1,,,,
"WhHor.336",heeneesiine'etii3i',2,,,,
"WhHor.336",niine'eeno',3,,,,
"WhHor.336",3owo3neniteeno'.,4,,,,
"WhHor.337","beniiinenno,",1,,,,
"WhHor.337",he'ihneenino;,2,,,,
"WhHor.337",wo'ei3,3,,,,
"WhHor.337",hinee,4,,,,
"WhHor.337","hooxuwu[ut],",5,,,,
"WhHor.337",[he'ih]hoonoo'eiso'oneihino'.,6,,,,
"WhHor.338","nosouniihi',",1,,,,
"WhHor.338",nosouniihi',2,,,,
"WhHor.338",neenei[s]P,3,,,,
"WhHor.338",...,4,,,,
"WhHor.339",howoo,1,,,,
"WhHor.339",niine'eehek,2,,,,
"WhHor.339",nehe',3,,,,
"WhHor.339","heeni'eit,",4,,,,
"WhHor.339",nosoubeetneeneenonihoot,5,,,,
"WhHor.339",3owo3neniteeno.,6,,,,
"WhHor.340",cee3xohetit.,1,,,,
"WhHor.341",nehe',1,,,,
"WhHor.341",Custer,2,,,,
"WhHor.341",nihcee3xohetit.,3,,,,
"WhHor.342",heetee,1,,,,
"WhHor.342",niihoho'neneit,2,,,,
"WhHor.342",neeyou,3,,,,
"WhHor.342",hi'in,4,,,,
"WhHor.342","3eboowuuhu',",5,,,,
"WhHor.342","no'o',",6,,,,
"WhHor.342","noowuuhu',",7,,,,
"WhHor.342",cei3iihi'.,8,,,,
"WhHor.343","heeni'eit,",1,,,,
"WhHor.343",nootineihino',2,,,,
"WhHor.343",bee3kuu3oo3i'.,3,,,,
"WhHor.344",hi'in,1,,,,
"WhHor.344",nenee';,2,,,,
"WhHor.344",niiyou,3,,,,
"WhHor.344",hoo3itoo,4,,,,
"WhHor.344",niiP,5,,,,
"WhHor.344",woxhoox,6,,,,
"WhHor.344",nookeihi.,7,,,,
"WhHor.345",woneene'ino',1,,,,
"WhHor.345",neeyou,2,,,,
"WhHor.345",hinee,3,,,,
"WhHor.345","heet3i'oo',",4,,,,
"WhHor.345",hiine'etiit.,5,,,,
"WhHor.346",heeneeneesoo';,1,,,,
"WhHor.346",niixoo,2,,,,
"WhHor.346",heetcee'ihoot,3,,,,
"WhHor.346","neeceenou,",4,,,,
"WhHor.346","hiicooo,",5,,,,
"WhHor.346",biixonoo.,6,,,,
"WhHor.347",hi'in,1,,,,
"WhHor.347",nenee':,2,,,,
"WhHor.348","peace,",1,,,,
"WhHor.348","biixonoo,",2,,,,
"WhHor.348",ni'iito'ino'.,3,,,,
"WhHor.349",howoo,1,,,,
"WhHor.349",niistoowoohuutiini':,2,,,,
"WhHor.350",ho'yooxuunokoy,1,,,,
"WhHor.350",nih'ii3oo'oekuuheihit.,2,,,,
"WhHor.351",hinee,1,,,,
"WhHor.351","3owo3nenitee,",2,,,,
"WhHor.351","nono'ei,",3,,,,
"WhHor.351",ne'nih'iistonouno':,4,,,,
"WhHor.352","biixonoo,",1,,,,
"WhHor.352","teiitooneiht,",2,,,,
"WhHor.352",peace.,3,,,,
"WhHor.353",wohei,1,,,,
"WhHor.353",nehe',2,,,,
"WhHor.353",hiicooo.,3,,,,
"WhHor.354",kookon,1,,,,
"WhHor.354",tih'iiceeneiteneihiinoo'.,2,,,,
"WhHor.355",beexo'uuhu',1,,,,
"WhHor.355","ceceeco'oheihiinoo',",2,,,,
"WhHor.355",ceceecei.,3,,,,
"WhHor.355",hi'in,4,,,,
"WhHor.355",nenee';,5,,,,
"WhHor.355",howoo,6,,,,
"WhHor.355","neneeninoo,",7,,,,
"WhHor.355",tih'iiceceeco'ohunoo.,8,,,,
"WhHor.356",hi'in,1,,,,
"WhHor.356","nenee',",2,,,,
"WhHor.356",nihniihobeinoh'ouneenoo.,3,,,,
"WhHor.357",hinono'ei,1,,,,
"WhHor.357",...,2,,,,
"WhHor.358",niine'eehek,1,,,,
"WhHor.358",woxhoox,2,,,,
"WhHor.358",nookeih,3,,,,
"WhHor.358",nih'e3ebeenei'hiiciskoohut.,4,,,,
"WhHor.359",nihwonotiitiit,1,,,,
"WhHor.359",nih'eenihii3ooP,2,,,,
"WhHor.359",...,3,,,,
"WhHor.360",hetno'uxotiit,1,,,,
"WhHor.360",ce'iihi'.,2,,,,
"WhHor.361",hi'in,1,,,,
"WhHor.361",nih'eenno'neetiit,2,,,,
"WhHor.361",neeyou,3,,,,
"WhHor.361","hinee,",4,,,,
"WhHor.361",hinee,5,,,,
"WhHor.361","heetiine'etii3i',",6,,,,
"WhHor.361",heetiine'etii3i',7,,,,
"WhHor.361",hinee,8,,,,
"WhHor.361",koh'owuuteen.,9,,,,
"WhHor.362",koh'owuuneniteeno',1,,,,
"WhHor.362",hinee,2,,,,
"WhHor.362",3ebiihi',3,,,,
"WhHor.362","nih'iinoote',",4,,,,
"WhHor.362",nih'iinoote'.,5,,,,
"WhHor.363",hihbii'iyoo.,1,,,,
"WhHor.364",hiicooo,1,,,,
"WhHor.364",no'otiini,2,,,,
"WhHor.364",heniicootiini'.,3,,,,
"WhHor.365",heenoo,1,,,,
"WhHor.365",ne'nih'iisiini,2,,,,
"WhHor.365",niine'eehek,3,,,,
"WhHor.365",nehe',4,,,,
"WhHor.365",nono'ei:,5,,,,
"WhHor.366","teteesibetiit,",1,,,,
"WhHor.366",peace.,2,,,,
"WhHor.367",wohei,1,,,,
"WhHor.367",nehe',2,,,,
"WhHor.367",biixonoo:,3,,,,
"WhHor.368",niine'eehek,1,,,,
"WhHor.368",biixonoo;,2,,,,
"WhHor.368",he'ne'3oo'oekuuheiht,3,,,,
"WhHor.368",hinee.,4,,,,
"WhHor.369",heenoo,1,,,,
"WhHor.369",ne'nih'iisiini.,2,,,,
"WhHor.370",ne'nih'iisiini.,1,,,,
"WhHor.371",howoo,1,,,,
"WhHor.371",ho'yooxuunokoy,2,,,,
"WhHor.371",'oh,3,,,,
"WhHor.371",nih'ii3oo'oekuuheiht.,4,,,,
"WhHor.372",'oh,1,,,,
"WhHor.372",woow,2,,,,
"WhHor.372",ciini,3,,,,
"WhHor.372",cooh'entou'.,4,,,,
"WhHor.373",hehcii'ooh'entou',1,,,,
"WhHor.373",hi'in,2,,,,
"WhHor.373",heeneisoo'.,3,,,,
"WhHor.374",kookon,1,,,,
"WhHor.374",hehnonsoo',2,,,,
"WhHor.374",hiiwoonhehe'.,3,,,,
"WhHor.375",nih'oo3oo,1,,,,
"WhHor.375",hi'in,2,,,,
"WhHor.375",neneenit,3,,,,
"WhHor.375","yiiyii3eso'owoot,",4,,,,
"WhHor.375","honoot,",5,,,,
"WhHor.375",honoot,6,,,,
"WhHor.375",heetnookohowuunoot.,7,,,,
"WhHor.376",nenee',1,,,,
"WhHor.376",nehe',2,,,,
"WhHor.376","ho'yoox,",3,,,,
"WhHor.376",ne'iini,4,,,,
"WhHor.376","bii'eenebeiht,",5,,,,
"WhHor.376",used,6,,,,
"WhHor.376",as,7,,,,
"WhHor.376",a,8,,,,
"WhHor.376",sacrament.,9,,,,
"WhHor.377",nee'eenehni'ootowootee'.,1,,,,
"WhHor.378",'oh,1,,,,
"WhHor.378",hinee,2,,,,
"WhHor.378",nee'eesni'ootowoo3i'.,3,,,,
"WhHor.379",nehtiiheihi3i',1,,,,
"WhHor.379",nono'eino'.,2,,,,
"WhHor.380",howoo,1,,,,
"WhHor.380",nuhu',2,,,,
"WhHor.380",hoseihoowu'.,3,,,,
"WhHor.381",niinohkuseic,1,,,,
"WhHor.381",...,2,,,,
"WhHor.382",kookon,1,,,,
"WhHor.382",hoowuuteneihiinoo;,2,,,,
"WhHor.382",behni'oo'.,3,,,,
"WhHor.383","hoseihiinenno',",1,,,,
"WhHor.383",nenee3i',2,,,,
"WhHor.383",kohkutoo3i'.,3,,,,
"WhHor.384",wohei,1,,,,
"WhHor.384",niine'eeno',2,,,,
"WhHor.384",nuhu',3,,,,
"WhHor.384",nooko[o]niitenou'u.,4,,,,
"WhHor.385",heetee,1,,,,
"WhHor.385",nih'ii3eenoo,2,,,,
"WhHor.385","hoo'eino',",3,,,,
"WhHor.385","Benny,",4,,,,
"WhHor.385",'oh,5,,,,
"WhHor.385","seetee,",6,,,,
"WhHor.385",'oh,7,,,,
"WhHor.385",Vincent.,8,,,,
"WhHor.386",wohei,1,,,,
"WhHor.386",neneenee3i',2,,,,
"WhHor.386",beebeetokooyei3i',3,,,,
"WhHor.386",noh,4,,,,
"WhHor.386",beebeetoxusii3i'.,5,,,,
"WhHor.387",hi'in,1,,,,
"WhHor.387",nenee':,2,,,,
"WhHor.388",he'ih'iineenino',1,,,,
"WhHor.388",siihehciini,2,,,,
"WhHor.388",bi'oonoxowusee3i'.,3,,,,
"WhHor.389",???????????,1,,,,
"WhHor.390",'oh,1,,,,
"WhHor.390",heentou',2,,,,
"WhHor.390",noh,3,,,,
"WhHor.390",neeyou,4,,,,
"WhHor.390",notoonoo3etiit.,5,,,,
"WhHor.391",hi3nee3ebP,1,,,,
"WhHor.391","bebiisiihi',",2,,,,
"WhHor.391",bebiisiseenoo',3,,,,
"WhHor.391",hiiyoo3iihi'.,4,,,,
"WhHor.392","nohuusoho',",1,,,,
"WhHor.392","hoo3e',",2,,,,
"WhHor.392","nenee',",3,,,,
"WhHor.392",nenee'.,4,,,,
"WhHor.393",niine'eehek,1,,,,
"WhHor.393",nuhu',2,,,,
"WhHor.393",woxhoox,3,,,,
"WhHor.393",nookeih,4,,,,
"WhHor.393",hee3ebiseet.,5,,,,
"WhHor.394",ceniiskoohut.,1,,,,
"WhHor.395",niihonkoohut.,1,,,,
"WhHor.396",beebei'on,1,,,,
"WhHor.396",hee3ebiihi',2,,,,
"WhHor.396",niiho'o',3,,,,
"WhHor.396",neeyou,4,,,,
"WhHor.396",hinee,5,,,,
"WhHor.396",niicie,6,,,,
"WhHor.396",South,7,,,,
"WhHor.396","Platte,",8,,,,
"WhHor.396",3ebiihi',9,,,,
"WhHor.396",neeyou,10,,,,
"WhHor.396","heet3i'oo',",11,,,,
"WhHor.396",hinee,12,,,,
"WhHor.396",noowuuhu'.,13,,,,
"WhHor.397",koh'owuuteen,1,,,,
"WhHor.397",Creek,2,,,,
"WhHor.397",Indians.,3,,,,
"WhHor.398",hinit,1,,,,
"WhHor.398",hoo3itoo,2,,,,
"WhHor.398",nenee'.,3,,,,
"WhHor.399",[hi]biibiineihiit,1,,,,
"WhHor.399","nih'ee3ou'u,",2,,,,
"WhHor.399",hinee,3,,,,
"WhHor.399","hii3e',",4,,,,
"WhHor.399","hiicooo,",5,,,,
"WhHor.399",heeneicoot.,6,,,,
"WhHor.400",ciiciisiseet,1,,,,
"WhHor.400",nehe',2,,,,
"WhHor.400",hiicooo.,3,,,,
"WhHor.401","hiicoohetiit,",1,,,,
"WhHor.401",nenee'.,2,,,,
"WhHor.402","ceceeco'oheiht,",1,,,,
"WhHor.402",heetciinentooyootiini'.,2,,,,
"WhHor.403",hi'in,1,,,,
"WhHor.403",nenee':,2,,,,
"WhHor.404",heito'einin,1,,,,
"WhHor.404",3ebnee'eeneetoot;,2,,,,
"WhHor.404","3oo3ouuteiseet,",3,,,,
"WhHor.404",ne'nih'iitiine'etiit.,4,,,,
"WhHor.405",wohei,1,,,,
"WhHor.405",nenee',2,,,,
"WhHor.405",hiine'etiiwoohut:,3,,,,
"WhHor.406","bixoo3etiit,",1,,,,
"WhHor.406","niito'eibetiit,",2,,,,
"WhHor.406","hiniito'eibetiit,",3,,,,
"WhHor.406",nuhu',4,,,,
"WhHor.406",nenee',5,,,,
"WhHor.406",nih'iinoti'oneiht,6,,,,
"WhHor.406",niine'eehek,7,,,,
"WhHor.406",woxhoox,8,,,,
"WhHor.406",nookeih;,9,,,,
"WhHor.406",heeneesbiibii'iitiit,10,,,,
"WhHor.406",woxhoox,11,,,,
"WhHor.406",nookeih.,12,,,,
"WhHor.407",hi'in,1,,,,
"WhHor.407",nenee',2,,,,
"WhHor.407",heeneitceecee'iheit,3,,,,
"WhHor.407",heeneicoo3i.,4,,,,
"WhHor.408",hi'tohnee'P,1,,,,
"WhHor.408",tohnee'P,2,,,,
"WhHor.408",ne'entou',3,,,,
"WhHor.408",hiicoot.,4,,,,
"WhHor.409",tohu'ni'ootowootee',1,,,,
"WhHor.409",toonheenei3eneihit,2,,,,
"WhHor.409",hiicooo.,3,,,,
"WhHor.410",hi'in,1,,,,
"WhHor.410",nenee'.,2,,,,
"WhHor.411",wohei,1,,,,
"WhHor.411",hi'in,2,,,,
"WhHor.411",nehe',3,,,,
"WhHor.411",woxhoox,4,,,,
"WhHor.411",nookeihi,5,,,,
"WhHor.411","nih'eeneisbiibii'eeneet[o'],",6,,,,
"WhHor.411",heeneisbiibii'iitiit,7,,,,
"WhHor.411",neeyou,8,,,,
"WhHor.411",hinee,9,,,,
"WhHor.411","heeteh3i'oo',",10,,,,
"WhHor.411",hinee,11,,,,
"WhHor.411","hii3e',",12,,,,
"WhHor.411",koh'owuuteen.,13,,,,
"WhHor.412",heeneicoo3i'.,1,,,,
"WhHor.413",noh,1,,,,
"WhHor.413",hu'neenehtiihetiitooni';,2,,,,
"WhHor.413",noone[ni]ixoo3etiitooni';,3,,,,
"WhHor.413",ceecee'ihetiitooni',4,,,,
"WhHor.413",hiisoho'.,5,,,,
"WhHor.414",wonoo3ee',1,,,,
"WhHor.414",hi'in,2,,,,
"WhHor.414",heesicee'iheihit,3,,,,
"WhHor.414","hinee,",4,,,,
"WhHor.414",heenihii3ou'u,5,,,,
"WhHor.414",hinee,6,,,,
"WhHor.414",hii3e'.,7,,,,
"WhHor.415",hi'in,1,,,,
"WhHor.415",nenee':,2,,,,
"WhHor.416","bixoo3etiit,",1,,,,
"WhHor.416",nehtiihetiit.,2,,,,
"WhHor.417",hinee,1,,,,
"WhHor.417","koh'owuuteen,",2,,,,
"WhHor.417",3oo3ouuteiseet,3,,,,
"WhHor.417",nih'iitiine'etiit.,4,,,,
"WhHor.418",Sand,1,,,,
"WhHor.418","Springs,",2,,,,
"WhHor.418",3ebwo'wuuhu'.,3,,,,
"WhHor.419",hi'in,1,,,,
"WhHor.419",nenee'.,2,,,,
"WhHor.420",hi'in,1,,,,
"WhHor.420",nenee',2,,,,
"WhHor.420","3owo3nenitee,",3,,,,
"WhHor.420",nono'ei,4,,,,
"WhHor.420",heeneisiine'etiit,5,,,,
"WhHor.420",tih'iinotiitiit,6,,,,
"WhHor.420",hiniito'eibetiit.,7,,,,
"WhHor.421",niine'eehek,1,,,,
"WhHor.421",nehe',2,,,,
"WhHor.421",hiicooo.,3,,,,
"WhHor.422","nohuusoho',",1,,,,
"WhHor.422",ne'nih'iisiini.,2,,,,
"WhHor.423",howoo,1,,,,
"WhHor.423",3ebiihi',2,,,,
"WhHor.423",neene'eehek,3,,,,
"WhHor.423",hinee,4,,,,
"WhHor.423","heito'einin,",5,,,,
"WhHor.423",hinee,6,,,,
"WhHor.423","heetohcihniini'eciini',",7,,,,
"WhHor.423",hinee,8,,,,
"WhHor.423",Tecumseh,9,,,,
"WhHor.423",niine'eehek,10,,,,
"WhHor.423",hinee.,11,,,,
"WhHor.424",niibiicoooneet,1,,,,
"WhHor.424",Chief,2,,,,
"WhHor.424",of,3,,,,
"WhHor.424",the,4,,,,
"WhHor.424",Ottawa,5,,,,
"WhHor.424","Tribes,",6,,,,
"WhHor.424","Iroquois,",7,,,,
"WhHor.424","Mohawk,",8,,,,
"WhHor.424","heenei'isiihi',",9,,,,
"WhHor.424",neneenee3i',10,,,,
"WhHor.424",hinee,11,,,,
"WhHor.424",3owo3neniteeno'.,12,,,,
"WhHor.425",hiiwoonhehe',1,,,,
"WhHor.425","hetciineyei'eniheihiinoo',",2,,,,
"WhHor.425",hetcee'iheniheihiinoo'.,3,,,,
"WhHor.426",wohei,1,,,,
"WhHor.426",niiP,2,,,,
"WhHor.426",nenee',3,,,,
"WhHor.426",wootii,4,,,,
"WhHor.426",heeneisbiibii'iiheihiinoo'.,5,,,,
"WhHor.427",biibii'iiheihiinoo',1,,,,
"WhHor.427",niine'eehek,2,,,,
"WhHor.427",nehe',3,,,,
"WhHor.427",woxhoox,4,,,,
"WhHor.427","nookeih,",5,,,,
"WhHor.427",ceniiskoohut.,6,,,,
"WhHor.428",nih'eso'oot.,1,,,,
"WhHor.429",3ebiihi',1,,,,
"WhHor.429",neeyou,2,,,,
"WhHor.429","heeteh3i'oo',",3,,,,
"WhHor.429","noowuuhu',",4,,,,
"WhHor.429",hinee,5,,,,
"WhHor.429","heeteh3i'oo',",6,,,,
"WhHor.429","bo'oobe',",7,,,,
"WhHor.429",bo'oobe',8,,,,
"WhHor.429",heetou'.,9,,,,
"WhHor.430",hi'in,1,,,,
"WhHor.430",nenee'.,2,,,,
"WhHor.431",hiniito'eibetiit,1,,,,
"WhHor.431",3owo3nenitee,2,,,,
"WhHor.431","tih'iinoonotiitiit,",3,,,,
"WhHor.431",hi'iihi',4,,,,
"WhHor.431",hiicooo,5,,,,
"WhHor.431",biixonoo;,6,,,,
"WhHor.431",tih'ii3oo'oekuuheiht,7,,,,
"WhHor.431",hi'in,8,,,,
"WhHor.431","ni'oneebetiit,",9,,,,
"WhHor.431",peace,10,,,,
"WhHor.431",nenee',11,,,,
"WhHor.431",3oo'oekuuheiht.,12,,,,
"WhHor.432",hi'in,1,,,,
"WhHor.432",nenee'.,2,,,,
"WhHor.433",ne'nih'iisiini,1,,,,
"WhHor.433",heenei'inou'u,2,,,,
"WhHor.433",nono'eino',3,,,,
"WhHor.433",hiine'etiiwoohuut.,4,,,,
"WhHor.434","hiine'etiiwoohut,",1,,,,
"WhHor.434",heetni'ni'ootowootee',2,,,,
"WhHor.434",heeneestootiini'.,3,,,,
"WhHor.435",kookon,1,,,,
"WhHor.435",tohuuciiteneihiinoo'.,2,,,,
"WhHor.436",heetee,1,,,,
"WhHor.436",ne'nih'iisinihii3i',2,,,,
"WhHor.436",nebeh'eihowo':,3,,,,
"WhHor.437","neisonoo,",1,,,,
"WhHor.437","nebesiiwoho',",2,,,,
"WhHor.437",nei'eiwoho'.,3,,,,
"WhHor.438",nohuusoho'.,1,,,,
"WhHor.439",howoo,1,,,,
"WhHor.439",hei'eibeih'in,2,,,,
"WhHor.439","tih'ini,",3,,,,
"WhHor.439",hinee,4,,,,
"WhHor.439","heso'ooboone',",5,,,,
"WhHor.439","tihce'eeckoohut,",6,,,,
"WhHor.439",niixoo,7,,,,
"WhHor.439",tou3e'eineihi3i'.,8,,,,
"WhHor.440",nih'iitwo3onisi'.,1,,,,
"WhHor.441",wohei,1,,,,
"WhHor.441",nenee':,2,,,,
"WhHor.442",heso'ooboone',1,,,,
"WhHor.442",hinee,2,,,,
"WhHor.442",3ebiihi',3,,,,
"WhHor.442",nono'eino',4,,,,
"WhHor.442",hinono'eino',5,,,,
"WhHor.442",nenee3i',6,,,,
"WhHor.442",he'ihbeihe'ino'.,7,,,,
"WhHor.443",nih'ii3oo3itee3i'.,1,,,,
"WhHor.444","howoo,",1,,,,
"WhHor.444",howoo,2,,,,
"WhHor.444",niine'eehek,3,,,,
"WhHor.444",nehe',4,,,,
"WhHor.444",woxhoox,5,,,,
"WhHor.444","nookeih,",6,,,,
"WhHor.444",hee'ino'.,7,,,,
"WhHor.445",3ebiihi',1,,,,
"WhHor.445",noh,2,,,,
"WhHor.445",howoo,3,,,,
"WhHor.445",heeneisiini,4,,,,
"WhHor.445",3ebiihi',5,,,,
"WhHor.445",hinee,6,,,,
"WhHor.445",behtootou3e'eineit,7,,,,
"WhHor.445",bebiisiihi'.,8,,,,
"WhHor.446",ceecee'iheit,1,,,,
"WhHor.446",neneenino,2,,,,
"WhHor.446","hinenitee[no],",3,,,,
"WhHor.446",hinee,4,,,,
"WhHor.446",koh'owuuteen.,5,,,,
"WhHor.447",hi'in,1,,,,
"WhHor.447","nenee',",2,,,,
"WhHor.447",hinee,3,,,,
"WhHor.447","heeteh3i'oo',",4,,,,
"WhHor.447",noowuuhu'.,5,,,,
"WhHor.448",wohei,1,,,,
"WhHor.448",bee3iini,2,,,,
"WhHor.448",...,3,,,,
"WhHor.449",heeneisiini,1,,,,
"WhHor.449",ceeceiteeneicootiini'.,2,,,,
"WhHor.450",ciiciibei'i.,1,,,,
"WhHor.451",hi'in,1,,,,
"WhHor.451","nenee',",2,,,,
"WhHor.451","woti'ookoono3etiit,",3,,,,
"WhHor.451",heeneicoo3i'.,4,,,,
"WhHor.452",wohei,1,,,,
"WhHor.452",hi'in,2,,,,
"WhHor.452","nenee',",3,,,,
"WhHor.452",hi'in,4,,,,
"WhHor.452",nenee'.,5,,,,
"WhHor.453",niine'eehek,1,,,,
"WhHor.453",woxhoox,2,,,,
"WhHor.453","nookeih,",3,,,,
"WhHor.453","heenee3e'ino',",4,,,,
"WhHor.453",heeneestou3e'eineiht,5,,,,
"WhHor.453",neeyou,6,,,,
"WhHor.453","hinee,",7,,,,
"WhHor.453",hinee,8,,,,
"WhHor.453",noowuuhu',9,,,,
"WhHor.453",hiine'etiit.,10,,,,
"WhHor.454",howoo,1,,,,
"WhHor.454",hinee,2,,,,
"WhHor.454",cenihniitno'uso'oneihi3i',3,,,,
"WhHor.454","3owo3neniteeno',",4,,,,
"WhHor.454",nenee',5,,,,
"WhHor.454",hoo3itooneihiinoo'.,6,,,,
"WhHor.455",nohuusoho',1,,,,
"WhHor.455",nenee'.,2,,,,
"WhHor.456",nohuusoho',1,,,,
"WhHor.456",nenee'.,2,,,,
"WhHor.457",hi'in,1,,,,
"WhHor.457",hoo3itoono:,2,,,,
"WhHor.458",heetwoo3ei'i,1,,,,
"WhHor.458",hoo3itoono,2,,,,
"WhHor.458",hiisoho'.,3,,,,
"WhHor.459","hinen,",1,,,,
"WhHor.459","3owo3nenitee,",2,,,,
"WhHor.459",heetniisiine'etiiheit.,3,,,,
"WhHor.460",hoo'eiso'oneiht.,1,,,,
"WhHor.461",wohei,1,,,,
"WhHor.461",ciiciineso'oneiht,2,,,,
"WhHor.461",hiisoho'.,3,,,,
"WhHor.462",nih'oo3oo,1,,,,
"WhHor.462",ne'bisiiteno',2,,,,
"WhHor.462","biito'owu',",3,,,,
"WhHor.462",3owo3nenitee,4,,,,
"WhHor.462","hiniiheneihiit,",5,,,,
"WhHor.462",3owo3nenitee,6,,,,
"WhHor.462",hiniiheneihiit.,7,,,,
"WhHor.463",“ceebeh'ini..”,1,,,,
"WhHor.464",he'ih'iinoh'oesei'oo,1,,,,
"WhHor.464",niiinone';,2,,,,
"WhHor.464",niiinone',3,,,,
"WhHor.464",he'ih'iinoh'oesei'oo.,4,,,,
"WhHor.465",hi'in,1,,,,
"WhHor.465",nihnoh'oeP,2,,,,
"WhHor.465",...,3,,,,
"WhHor.466",wootii,1,,,,
"WhHor.466",siisiiy[on]o',2,,,,
"WhHor.466",he'ih'ei[b]ino';,3,,,,
"WhHor.466",ne'nih'iitcih'eenetit.,4,,,,
"WhHor.467",“nih'oo3oo,1,,,,
"WhHor.467","heetno'useet,",2,,,,
"WhHor.467",heetno'useet.”,3,,,,
"WhHor.468",niiyou,1,,,,
"WhHor.468",heenee3oo3itee3i',2,,,,
"WhHor.468",neeyou,3,,,,
"WhHor.468",hinee,4,,,,
"WhHor.468",noowuuhu'.,5,,,,
"WhHor.469",heetnehnih'eiseenoo',1,,,,
"WhHor.469",hoo3itoo.,2,,,,
"WhHor.470",nih'eiseenoo',1,,,,
"WhHor.470","hoo3itoo,",2,,,,
"WhHor.470",nehtiihi'.,3,,,,
"WhHor.471",toonhei'iihi',1,,,,
"WhHor.471",heet-neenou'utoneihiinoo'.,2,,,,
"WhHor.472",heetneenou'utoneihiinoo'.,1,,,,
"WhHor.473",'oh,1,,,,
"WhHor.473",nih'oo3oo,2,,,,
"WhHor.473",noosounih'oniit.,3,,,,
"WhHor.474",noosounee'eesneeneyei3eihoot,1,,,,
"WhHor.474",hetei'yooniibin,2,,,,
"WhHor.474",heisiihe[heih]in,3,,,,
"WhHor.474",kookoxuuniihi',4,,,,
"WhHor.474",niiyou.,5,,,,
"WhHor.475",'oh,1,,,,
"WhHor.475",niiyou,2,,,,
"WhHor.475",hinono'ei,3,,,,
"WhHor.475",nih'eeneisiine'etiit,4,,,,
"WhHor.475",hiisoho'.,5,,,,
"WhHor.476",hoseihoowu';,1,,,,
"WhHor.476",niine'eehek,2,,,,
"WhHor.476",nehe',3,,,,
"WhHor.476","biixonoo,",4,,,,
"WhHor.476",hiicooo;,5,,,,
"WhHor.476",hi'niibiicooonootiini'.,6,,,,
"WhHor.477",wohei,1,,,,
"WhHor.477",nenee',2,,,,
"WhHor.477",he'ne'nih'iisniini'ootowoo3i',3,,,,
"WhHor.477",heenei3oobeihohkoni'.,4,,,,
"WhHor.478",hi'in,1,,,,
"WhHor.478",nenee'.,2,,,,
"WhHor.479","hinono'ei,",1,,,,
"WhHor.479","bo'ooceinen,",2,,,,
"WhHor.479",neeyou,3,,,,
"WhHor.479",hinee,4,,,,
"WhHor.479","beesoowuuteen,",5,,,,
"WhHor.479","cenih'iitiseeno',",6,,,,
"WhHor.479",3ebno'uuhu'.,7,,,,
"WhHor.480",heito'einin,1,,,,
"WhHor.480",heentoo3i',2,,,,
"WhHor.480",hii3e';,3,,,,
"WhHor.480","he'eeneitoonoo3i,",4,,,,
"WhHor.480",he'eenei3o'oubenei'i,5,,,,
"WhHor.480",huu3e'.,6,,,,
"WhHor.481",howoo,1,,,,
"WhHor.481",heeninouhu3i';,2,,,,
"WhHor.481",nihno'useet,3,,,,
"WhHor.481",'oh,4,,,,
"WhHor.481",hoo3e',5,,,,
"WhHor.481",heeneinono'eitit.,6,,,,
"WhHor.482",hi'in,1,,,,
"WhHor.482","nenee',",2,,,,
"WhHor.482",woxhoox,3,,,,
"WhHor.482",nookeih,4,,,,
"WhHor.482",wonee'ino',5,,,,
"WhHor.482",neeyou,6,,,,
"WhHor.482",hinee,7,,,,
"WhHor.482","heeteh3i'oo',",8,,,,
"WhHor.482",hinee,9,,,,
"WhHor.482",noowuuhu'.,10,,,,
"WhHor.483",wonee'ino',1,,,,
"WhHor.483",woxhoox,2,,,,
"WhHor.483",nookeih.,3,,,,
"WhHor.484",hi'in,1,,,,
"WhHor.484",nenee':,2,,,,
"WhHor.485",nohuusoho',1,,,,
"WhHor.485",nenee',2,,,,
"WhHor.485",hoo3itoo.,3,,,,
"WhHor.486","ni'ii3ii3i'okuutooni',",1,,,,
"WhHor.486","heeneicootiini',",2,,,,
"WhHor.486","bii3wooneihiitooni',",3,,,,
"WhHor.486",nenee'.,4,,,,
"WhHor.487",nenee',1,,,,
"WhHor.487",heeneixoniseenoo'.,2,,,,
"WhHor.488",tei'yoonoho',1,,,,
"WhHor.488",heetnee'inou'u,2,,,,
"WhHor.488",hinono'eitiit;,3,,,,
"WhHor.488",heetnee'inoneiht.,4,,,,
"WhHor.489",noxowuuni,1,,,,
"WhHor.489",beebee3iseenoo'.,2,,,,
"WhHor.490","nih'oo3ouyeitit,",1,,,,
"WhHor.490",noosouneeneiseineewoo3i',2,,,,
"WhHor.490",hetei'yooniibin;,3,,,,
"WhHor.490",nih'oo3ouyeiti3i'.,4,,,,
"WhHor.491",'oh,1,,,,
"WhHor.491",ne'nii'cihceentou',2,,,,
"WhHor.491",hinono'eitiit.,3,,,,
"WhHor.492",hiit,1,,,,
"WhHor.492","neneenino',",2,,,,
"WhHor.492",nohkuusiii'oono',3,,,,
"WhHor.492",hinono'eitiit.,4,,,,
"WhHor.493",hi'in,1,,,,
"WhHor.493","nenee',",2,,,,
"WhHor.493",tih'iiceh'e3tiitooni',3,,,,
"WhHor.493",bebiisiihi'.,4,,,,
"WhHor.494",“hiiceh'e3tii'”,1,,,,
"WhHor.494",nih'ii3eeno',2,,,,
"WhHor.494",hinee,3,,,,
"WhHor.494","3eboosei3iihi',",4,,,,
"WhHor.494","hebeh'eibeih'in,",5,,,,
"WhHor.494","nei'eibeih'inoo,",6,,,,
"WhHor.494","neheihinoo,",7,,,,
"WhHor.494",nesihinoo,8,,,,
"WhHor.494",...,9,,,,
